[{"model": "main.user", "fields": {"first_name": "cristian", "password": "pbkdf2_sha256$20000$UWhfnhzn9qYn$624ImfWoaOkkqloUAU3xcyOMwwEHdtU42j1gIWZ/CDQ=", "middle_name": "", "user_permissions": [], "is_superuser": true, "is_staff": true, "last_login": "2015-09-09T12:32:23.623Z", "email": "criscalovis@gmail.com", "last_name": "lozano", "username": "criloz", "groups": [], "is_active": true, "date_joined": "2015-08-31T22:52:32.864Z"}, "pk": 1}, {"model": "main.user", "fields": {"first_name": "Alberto", "password": "pbkdf2_sha256$20000$s4CrKBiiuwAr$0x90N7nE0qJC8pFEmUi+Ah+0nQvh/qov26PQv7ZiOqc=", "middle_name": "N", "user_permissions": [], "is_superuser": false, "is_staff": false, "last_login": "2015-09-02T10:58:00.493Z", "email": "criscalovis@hotmail.com", "last_name": "Santos", "username": "", "groups": [], "is_active": true, "date_joined": "2015-09-02T10:45:08.785Z"}, "pk": 2}, {"model": "main.user", "fields": {"first_name": "demo", "password": "pbkdf2_sha256$20000$s4CrKBiiuwAr$0x90N7nE0qJC8pFEmUi+Ah+0nQvh/qov26PQv7ZiOqc=", "middle_name": "", "user_permissions": [], "is_superuser": false, "is_staff": false, "last_login": "2015-09-09T11:53:26.361Z", "email": "advisor@example.org", "last_name": "advisor", "username": "", "groups": [], "is_active": true, "date_joined": "2015-09-02T15:08:53Z"}, "pk": 3}, {"model": "main.user", "fields": {"first_name": "Rhonda", "password": "", "middle_name": "", "user_permissions": [], "is_superuser": false, "is_staff": false, "last_login": "2015-09-07T11:03:29.167Z", "email": "20825@example.com", "last_name": "Pearlman", "username": "", "groups": [], "is_active": true, "date_joined": "2015-09-02T18:07:41Z"}, "pk": 4}, {"model": "main.user", "fields": {"first_name": "John", "password": "", "middle_name": "", "user_permissions": [], "is_superuser": false, "is_staff": false, "last_login": null, "email": "6587@demo.org", "last_name": "Adams", "username": "", "groups": [], "is_active": true, "date_joined": "2015-09-03T03:43:15Z"}, "pk": 5}, {"model": "main.user", "fields": {"first_name": "Barack", "password": "", "middle_name": "", "user_permissions": [], "is_superuser": false, "is_staff": false, "last_login": "2015-09-09T12:16:05.255Z", "email": "obama@demo.org", "last_name": "Obama", "username": "", "groups": [], "is_active": true, "date_joined": "2015-09-03T11:16:36Z"}, "pk": 6}, {"model": "main.user", "fields": {"first_name": "advisor 2", "password": "pbkdf2_sha256$20000$s4CrKBiiuwAr$0x90N7nE0qJC8pFEmUi+Ah+0nQvh/qov26PQv7ZiOqc=", "middle_name": "", "user_permissions": [], "is_superuser": false, "is_staff": false, "last_login": "2015-09-06T22:54:43.610Z", "email": "advisor2@example.org", "last_name": "demo", "username": "", "groups": [], "is_active": true, "date_joined": "2015-09-04T08:10:59Z"}, "pk": 7}, {"model": "main.user", "fields": {"first_name": "advisor 3", "password": "", "middle_name": "", "user_permissions": [], "is_superuser": false, "is_staff": false, "last_login": null, "email": "advisor3@example.org", "last_name": "demo", "username": "", "groups": [], "is_active": true, "date_joined": "2015-09-04T08:21:43Z"}, "pk": 8}, {"model": "main.user", "fields": {"first_name": "admin", "password": "pbkdf2_sha256$20000$33u3rIEY1z7M$tGR1g3rnnc2fO1xzMl1Q5uHkuwQ5DKH2sY6b8VEWpyk=", "middle_name": "", "user_permissions": [], "is_superuser": false, "is_staff": false, "last_login": null, "email": "admin@demo.com", "last_name": "demo", "username": "", "groups": [], "is_active": true, "date_joined": "2015-09-07T07:29:19Z"}, "pk": 9}, {"model": "main.firm", "fields": {"fee": 0, "logo_url": "", "knocked_out_logo_url": "./MSA_Logo.png", "token": "7b5e7cae-951d-4a43-aa37-7fbef39b0656", "client_agreement_url": "./pgadmin_yxCqN9n.log", "dealer_group_number": "", "form_adv_part2_url": "", "name": "Cristian Advisors", "slug": "cristian-advisors"}, "pk": 1}, {"model": "main.firm", "fields": {"fee": 0, "logo_url": "", "knocked_out_logo_url": "", "token": "c4305001-dab3-4185-9def-32aca6e99e2c", "client_agreement_url": "", "dealer_group_number": "", "form_adv_part2_url": "", "name": "Bancolombia", "slug": "bancolombia"}, "pk": 2}, {"model": "main.firmdata", "fields": {"firm": 2, "afsl_asic_document": "./Compa\u00f1\u00eda_de_Financiamiento_Tuya_S_ix37QXO.pdf", "mobile_phone_number": "2365896574", "australian_business_number": "dsfsdfsdfsdfsd", "last_change": "2015-09-01", "same_address": false, "fee_bank_account_branch_name": "54545", "office_post_code": "4454", "postal_post_code": "2512", "alternate_email_address": "criscalovis@gmail.com", "office_city": "Medellin", "fee_bank_account_number": "54164164", "postal_city": "Medellin", "postal_address_line_1": "Kr 55 No 5-41", "postal_state": "NSW", "office_address_line_2": "sadfsdsdf", "daytime_phone_number": "2365896574", "fee_bank_account_name": "Cristian Lozano", "fee_bank_account_bsb_number": "sdfsd", "office_address_line_1": "Kr 55 No 5-41", "postal_address_line_2": "lokjlk", "fee_bank_account_holder_name": "fsdfdsfsdfds", "fax_number": "2365896574", "afsl_asic": "546546446", "office_state": "NSW"}, "pk": 1}, {"model": "main.advisor", "fields": {"firm": 1, "address_line_2": "", "security_question_1": "What was the name of your elementary school?", "security_answer_2": "ccc", "token": "12d8b193-0835-40b9-baa5-01f9a668b434", "date_of_birth": "1987-10-15", "betasmartz_agreement": true, "phone_number": "1234567891", "gender": "Male", "confirmation_key": null, "post_code": "1259", "state": "NT", "medicare_number": "121646a", "security_question_2": "What is your oldest sibling's birth month?", "user": 3, "city": "Secret", "is_confirmed": true, "is_accepted": true, "address_line_1": "Kr 55 No 5-41", "letter_of_authority": "./Change-of-Dealer-Group-form.pdf", "security_answer_1": "aaa"}, "pk": 1}, {"model": "main.advisor", "fields": {"firm": 1, "address_line_2": "PLDE", "security_question_1": "What was the name of your elementary school?", "security_answer_2": "hoho", "token": null, "date_of_birth": "1957-09-04", "betasmartz_agreement": true, "phone_number": "4582356871", "gender": "Male", "confirmation_key": null, "post_code": "3658", "state": "NSW", "medicare_number": "2583694", "security_question_2": "What is your oldest sibling's birth month?", "user": 7, "city": "Ft. lorenzo", "is_confirmed": true, "is_accepted": true, "address_line_1": "WXYZ", "letter_of_authority": "./pgadmin_ggskSUU.log", "security_answer_1": "hoho"}, "pk": 2}, {"model": "main.advisor", "fields": {"firm": 1, "address_line_2": "bng", "security_question_1": "What was the name of your favorite childhood friend?", "security_answer_2": "mmmm", "token": null, "date_of_birth": "1975-09-04", "betasmartz_agreement": true, "phone_number": "3214569875", "gender": "Male", "confirmation_key": null, "post_code": "2569", "state": "NT", "medicare_number": "55454596", "security_question_2": "In what city did your mother and father meet?", "user": 8, "city": "jjj", "is_confirmed": true, "is_accepted": false, "address_line_1": "lkj", "letter_of_authority": "./pgadmin_gnUq2VU.log", "security_answer_1": "mmmm"}, "pk": 3}, {"model": "main.accountgroup", "fields": {"secondary_advisors": [], "name": "new household", "advisor": 1}, "pk": 7}, {"model": "main.accountgroup", "fields": {"secondary_advisors": [], "name": "Rhonda Pearlman edition", "advisor": 1}, "pk": 8}, {"model": "main.clientaccount", "fields": {"primary_owner": 1, "account_group": 8, "created_at": "2015-09-04T10:57:57.210Z", "account_type": "1", "custom_fee": 0}, "pk": 5}, {"model": "main.clientaccount", "fields": {"primary_owner": 3, "account_group": 7, "created_at": "2015-09-04T10:57:57.210Z", "account_type": "PERSONAL", "custom_fee": 33}, "pk": 6}, {"model": "main.client", "fields": {"ten_percent_insider": false, "address_line_2": "apt 01", "client_agreement": "./pgadmin.log", "date_of_birth": "1975-09-02", "phone_number": "9874563248", "gender": "Male", "post_code": "1259", "state": "SA", "security_answer_2": "ccc", "user": 4, "city": "ACK", "confirmation_key": null, "is_confirmed": true, "security_question_1": "What was the name of your elementary school?", "tax_file_number": "656566", "secondary_advisors": [], "advisor": 1, "associated_to_broker_dealer": false, "security_question_2": "What street did you live on in third grade?", "create_date": "2015-09-03T00:00:00Z", "provide_tfn": 0, "is_accepted": true, "address_line_1": "Kr 55 No 5-41", "security_answer_1": "aaa"}, "pk": 1}, {"model": "main.client", "fields": {"ten_percent_insider": false, "address_line_2": "tbd", "client_agreement": "./Change-of-Dealer-Group-form_byjTfb5.pdf", "date_of_birth": "1985-09-02", "phone_number": "6549871236", "gender": "Male", "post_code": "8564", "state": "NSW", "security_answer_2": "zxy", "user": 5, "city": "aaa", "confirmation_key": null, "is_confirmed": true, "security_question_1": "What was the name of your elementary school?", "tax_file_number": "441513", "secondary_advisors": [], "advisor": 1, "associated_to_broker_dealer": false, "security_question_2": "What street did you live on in third grade?", "create_date": "2015-09-03T00:00:00Z", "provide_tfn": 0, "is_accepted": true, "address_line_1": "abc", "security_answer_1": "pld"}, "pk": 2}, {"model": "main.client", "fields": {"ten_percent_insider": false, "address_line_2": "xwx", "client_agreement": "./pgadmin_bsHD0jP.log", "date_of_birth": "1972-09-22", "phone_number": "1234567893", "gender": "Male", "post_code": "6339", "state": "SA", "security_answer_2": "00330", "user": 6, "city": "aaaa", "confirmation_key": null, "is_confirmed": true, "security_question_1": "What was the name of your favorite childhood friend?", "tax_file_number": "85755", "secondary_advisors": [], "advisor": 1, "associated_to_broker_dealer": false, "security_question_2": "What street did you live on in third grade?", "create_date": "2015-09-03T11:18:40.686Z", "provide_tfn": 0, "is_accepted": true, "address_line_1": "xyz", "security_answer_1": "232323"}, "pk": 3}, {"model": "main.assetclass", "fields": {"super_asset_class": "EQUITY_AU", "display_name": "Australian Small-Cap Value", "investment_type": "STOCKS", "drift_color": "#B9D0A5", "asset_class_explanation": "Australian Small-Cap Value stocks overlap with the Australian Total Stock Market, but are included to tilt the portfolio towards small size companies with generally low price-to-earnings ratios. Value-tilting has historically showed good results, and it in general increases the portfolio's dividend yield.", "foreground_color": "#FFFFFF", "display_order": 2, "name": "AUS_SMALL_CAP_VALUE_STOCKS", "primary_color": "#50891E", "tickers_explanation": "VSO, ISO, and SSO are highly correlated options to gain Australian Small-Cap Value stock exposure. VSO is our primary choice with its low expenses and large asset base."}, "pk": 1}, {"model": "main.assetclass", "fields": {"super_asset_class": "EQUITY_AU", "display_name": "Australian High Yield Corporate", "investment_type": "STOCKS", "drift_color": "#9ABE9F", "asset_class_explanation": "Australian High Yield Stocks overlap with the Australian Total Stock Market, but are included to tilt the portfolio towards companies with higher forecast dividends relative to other companies. Value-tilting has historically showed good results, and generally increases the portfolio's dividend yield.", "foreground_color": "#FFFFFF", "display_order": 3, "name": "AUS_HIGH_YIELD_STOCKS", "primary_color": "#035D0E", "tickers_explanation": "VHY, RDV, YMAX, SYI, RVL and IHD are all dependable avenues to gain exposure to Australian High Yield Stocks. VHY is our primary choice with its tight bid-ask spread and a low expense ratio."}, "pk": 2}, {"model": "main.assetclass", "fields": {"super_asset_class": "EQUITY_US", "display_name": "Global Markets", "investment_type": "STOCKS", "drift_color": "#9EB0A0", "asset_class_explanation": "Global Markets stocks provide exposure to a diverse set of companies from international developed economies including the US, UK, Europe, Japan, and others, excluding Australia. It reflects global risk/return and has lower correlations to the Australian market.", "foreground_color": "#FFFFFF", "display_order": 4, "name": "GLOBAL_MARKETS_STOCKS", "primary_color": "#0C3911", "tickers_explanation": "VGS and IOO are both dependable avenues to gain exposure to Global Market stocks. VGS is our primary choice with its tight bid-ask spread and a low expense ratio."}, "pk": 3}, {"model": "main.assetclass", "fields": {"super_asset_class": "FIXED_INCOME_AU", "display_name": "Australian Government Bonds", "investment_type": "BONDS", "drift_color": "#EFF7FF", "asset_class_explanation": "Australian Government Bonds are an extremely low-risk asset class as a cash alternative that generates nominal benefit through interest payments, and de-risks the portfolio at safer allocations.", "foreground_color": "#333333", "display_order": 7, "name": "AUS_GOVT_BONDS", "primary_color": "#D6EBFF", "tickers_explanation": "RGB, GOVT, VGB and IGB offer broad exposure to the Australian Government Bond market. RGB is our primary choice due to its low expense ratio and high liquidity."}, "pk": 4}, {"model": "main.assetclass", "fields": {"super_asset_class": "FIXED_INCOME_AU", "display_name": "Australian Corporate Bonds", "investment_type": "BONDS", "drift_color": "#B3D7FB", "asset_class_explanation": "Australian Corporate Bonds are issued by corporations to finance business activities. Corporate bonds generally offer much more attractive yields and opportunity for capital appreciation to compensate investors for default risk. They also diversify the fixed-income portfolio, resulting in higher risk-adjusted returns.", "foreground_color": "#FFFFFF", "display_order": 6, "name": "AUS_CORPORATE_BONDS", "primary_color": "#409BF6", "tickers_explanation": "BOND, IAF, and RCB provide portfolio exposure to the Australian Corporate Bond market. BOND's tight bid-ask spread and stronger asset base make it our primary choice."}, "pk": 5}, {"model": "main.assetclass", "fields": {"super_asset_class": "EQUITY_AU", "display_name": "Australian Total Stock Market", "investment_type": "STOCKS", "drift_color": "#E4F5C9", "asset_class_explanation": "Australian Total Stock Market contains broad exposure to the entire Australian stock market, including growth and value companies of small, mid and large capitalizations. This asset class allows participation in the historically strong long-term growth of the Australian economy.", "foreground_color": "#333333", "display_order": 0, "name": "AUS_TOTAL_MARKET_STOCKS", "primary_color": "#BCE577", "tickers_explanation": "VAS, STW, and QOZ all offer exposure to the entire Australian Stock market and are highly correlated. They all have very low expense ratios. VAS has high liquidity and small bid-ask spreads so it is our primary choice."}, "pk": 6}, {"model": "main.assetclass", "fields": {"super_asset_class": "FIXED_INCOME_AU", "display_name": "Australian Government Inflation", "investment_type": "BONDS", "drift_color": "#DEEFFF", "asset_class_explanation": "Australian Government Inflation includes Australian Government Bonds issued by the Australian Commonwealth Government and Australian State-Governments which are supposed to provide a hedge against inflation. This allocation serves to insulate a part of the portfolio from the depreciating effects of inflation while also having historically relatively low correlation with other asset classes.", "foreground_color": "#FFFFFF", "display_order": 8, "name": "INFLATION_PROTECTED_BONDS", "primary_color": "#ADD6FF", "tickers_explanation": "ILB is the only offering to have a broad representation of Australian Government Inflation and has a low expense ratio."}, "pk": 7}, {"model": "main.assetclass", "fields": {"super_asset_class": "FIXED_INCOME_US", "display_name": "International Bonds", "investment_type": "BONDS", "drift_color": "#99BEE3", "asset_class_explanation": "International Bonds are issued by non-Australian developed and emerging market governments, semi-governments and corporates. They have high credit quality and provide interest rate diversification for a bond portfolio, generally resulting in higher risk-adjusted returns.", "foreground_color": "#FFFFFF", "display_order": 10, "name": "INTERNATIONAL_BONDS", "primary_color": "#005CB8", "tickers_explanation": "RIGS (NYSE) provides exposure to the whole international fixed-income market. It carries a competitive expense ratio and robust asset base."}, "pk": 8}, {"model": "main.assetclass", "fields": {"super_asset_class": "EQUITY_AU", "display_name": "Australian Large-Cap Value", "investment_type": "STOCKS", "drift_color": "#D5EDC1", "asset_class_explanation": "Australian Large-Cap Value stocks overlap with the Australian Total Stock Market, but are included to tilt the portfolio toward large size companies with generally low price-to-earnings ratios. Value-tilting has historically showed good performance, and also in general increases the portfolio's dividend yield.", "foreground_color": "#FFFFFF", "display_order": 1, "name": "AUS_LARGE_CAP_VALUE_STOCKS", "primary_color": "#96D363", "tickers_explanation": "VLC, ILC and SFY all offer broad Australian Large-Cap Value Stock exposure and are highly correlated. VLC and ILC have the lowest expense ratios. VLC is our primary choice due to its high liquidity."}, "pk": 9}, {"model": "main.assetclass", "fields": {"super_asset_class": "FIXED_INCOME_AU", "display_name": "Australian Semi-Government Bonds", "investment_type": "BONDS", "drift_color": "#DAEDFF", "asset_class_explanation": "Australian Semi-Government Bonds are issue by State Government, State Treasury Corporations and Municipalities to finance capital expenditures. While Semi-Government Bond credit risk is slightly higher than Australian Government Bonds, it is still quite low and makes them an excellent addition to portfolios.", "foreground_color": "#FFFFFF", "display_order": 9, "name": "AUS_MUNICIPAL_BONDS", "primary_color": "#8BC5FF", "tickers_explanation": "RSM offers broad exposure to the Australian Semi-Government Bond market. RSM is our primary choice due to its low expense ratio and high liquidity."}, "pk": 10}, {"model": "main.assetclass", "fields": {"super_asset_class": "EQUITY_EM", "display_name": "Emerging Markets", "investment_type": "STOCKS", "drift_color": "#9EB0A0", "asset_class_explanation": "Emerging Markets provide higher return potential and diversification, however it comes with higher risk compared to US or International Developed stocks. This asset helps your portfolio to grow with developing nations as they modernize and become wealthier.", "foreground_color": "#FFFFFF", "display_order": 5, "name": "EMERGING_MARKETS_STOCKS", "primary_color": "#0C3911", "tickers_explanation": "VWO, IEMG, and EEM all offer Emerging Market stock exposure. VWO is our primary choice due to its lower expense ratio and tight bid-ask spread."}, "pk": 11}, {"model": "main.ticker", "fields": {"symbol": "VSO", "asset_class": 1, "display_name": "Vanguard MSCI Australian Small Companies Index ETF", "unit_price": 103.43, "description": "Australian Small-Cap Value", "ordering": 0, "url": "https://www.vanguardinvestments.com.au/retail/ret/investments/etfdetailVASCIE.jsp"}, "pk": 1}, {"model": "main.ticker", "fields": {"symbol": "VHY", "asset_class": 2, "display_name": "Vanguard Australian Shares High Yield ETF", "unit_price": 38.15, "description": "Australian High Yield Corporate", "ordering": 0, "url": "https://www.vanguardinvestments.com.au/retail/ret/investments/etfdetailVASHYE.jsp"}, "pk": 3}, {"model": "main.ticker", "fields": {"symbol": "VGS", "asset_class": 3, "display_name": "Vanguard MSCI Index International Shares ETF", "unit_price": 34.98, "description": "Global Markets", "ordering": 0, "url": "https://www.vanguardinvestments.com.au/retail/ret/investments/etfdetailVISIFE.jsp"}, "pk": 5}, {"model": "main.ticker", "fields": {"symbol": "RGB", "asset_class": 4, "display_name": "Russell Australian Government Bond ETF", "unit_price": 110.27, "description": "Australian Government Bonds", "ordering": 0, "url": "http://www.russell.com/au/solutions/exchange-traded-funds/data.aspx?id=RAGBETF"}, "pk": 7}, {"model": "main.ticker", "fields": {"symbol": "BOND", "asset_class": 5, "display_name": "SPDR S&P/ASX Australian Bond Fund", "unit_price": 116.02, "description": "Australian Corporate Bonds", "ordering": 0, "url": "https://www.spdrs.com.au/etf/fund/fund_detail_BOND.html"}, "pk": 8}, {"model": "main.ticker", "fields": {"symbol": "VAS", "asset_class": 6, "display_name": "Vanguard Australian Shares Index ETF", "unit_price": 105.41, "description": "Australian Total Stock Market", "ordering": 0, "url": "https://www.vanguardinvestments.com.au/retail/ret/investments/etfdetailVASIFE.jsp"}, "pk": 10}, {"model": "main.ticker", "fields": {"symbol": "ILB", "asset_class": 7, "display_name": "iShares Government Inflation ETF", "unit_price": 48.28, "description": "Australian Government Inflation", "ordering": 0, "url": "https://www.blackrock.com/au/individual/products/251978/ishares-government-inflation-etf"}, "pk": 12}, {"model": "main.ticker", "fields": {"symbol": "RIGS", "asset_class": 8, "display_name": "RiverFront Strategic Income Fund ETF", "unit_price": 53.1, "description": "International Bonds", "ordering": 0, "url": "http://www.alpsfunds.com/overview/RIGS"}, "pk": 13}, {"model": "main.ticker", "fields": {"symbol": "VLC", "asset_class": 9, "display_name": "Vanguard Value ETF", "unit_price": 82.0, "description": "Australian Large-Cap Value", "ordering": 0, "url": "https://www.vanguardinvestments.com.au/retail/ret/investments/etfdetailVALCIE.jsp"}, "pk": 14}, {"model": "main.ticker", "fields": {"symbol": "RSM", "asset_class": 10, "display_name": "Russell Australian Semi-Govt Bd ETF", "unit_price": 108.99, "description": "Australian Semi-Government Bonds", "ordering": 0, "url": "http://www.russell.com/au/solutions/exchange-traded-funds/data.aspx?id=RASGBETF"}, "pk": 16}, {"model": "main.ticker", "fields": {"symbol": "VWO", "asset_class": 11, "display_name": "Vanguard FTSE Emerging Markets", "unit_price": 34.1, "description": "Emerging Markets", "ordering": 0, "url": "https://personal.vanguard.com/us/funds/snapshot?FundId=0964&FundIntExt=INT"}, "pk": 17}, {"model": "main.emailinvitation", "fields": {"invitation_type": 1, "status": 1, "inviter_id": 2, "email": "criscalovis@yahoo.com", "inviter_type": 7, "send_date": "2015-09-01T06:13:25.443Z", "send_count": 14}, "pk": 24}, {"model": "main.emailinvitation", "fields": {"invitation_type": 1, "status": 0, "inviter_id": 2, "email": "criscalovis@hotmail.com", "inviter_type": 7, "send_date": "2015-09-01T06:19:04.827Z", "send_count": 1}, "pk": 25}, {"model": "main.emailinvitation", "fields": {"invitation_type": 1, "status": 0, "inviter_id": 1, "email": "criscalovis@yahoo.com", "inviter_type": 7, "send_date": "2015-09-01T08:02:56.351Z", "send_count": 1}, "pk": 26}, {"model": "main.emailinvitation", "fields": {"invitation_type": 1, "status": 0, "inviter_id": 1, "email": "criscalovis@gmail.com", "inviter_type": 7, "send_date": "2015-09-01T08:16:27.015Z", "send_count": 4}, "pk": 27}, {"model": "main.emailinvitation", "fields": {"invitation_type": 2, "status": 0, "inviter_id": 2, "email": "criscalovis@gmail.com", "inviter_type": 7, "send_date": "2015-09-01T17:54:28.627Z", "send_count": 2}, "pk": 28}, {"model": "main.emailinvitation", "fields": {"invitation_type": 0, "status": 0, "inviter_id": 2, "email": "criscalovis@gmail.com", "inviter_type": 7, "send_date": "2015-09-01T17:56:57.539Z", "send_count": 1}, "pk": 29}, {"model": "main.emailinvitation", "fields": {"invitation_type": 1, "status": 3, "inviter_id": 1, "email": "criscalovis@hotmail.com", "inviter_type": 7, "send_date": "2015-09-02T12:38:40.524Z", "send_count": 1}, "pk": 30}, {"model": "main.emailinvitation", "fields": {"invitation_type": 3, "status": 0, "inviter_id": 1, "email": "democlient@demo.com", "inviter_type": 9, "send_date": "2015-09-02T17:19:37.373Z", "send_count": 1}, "pk": 31}, {"model": "main.emailinvitation", "fields": {"invitation_type": 3, "status": 0, "inviter_id": 1, "email": "criscalovis@hotmail.com", "inviter_type": 9, "send_date": "2015-09-02T17:19:47.936Z", "send_count": 1}, "pk": 32}, {"model": "main.platform", "fields": {"fee": 25, "portfolio_set": 1}, "pk": 1}, {"model": "main.goal", "fields": {"account": 6, "completion_date": "2015-09-09T05:53:57.407Z", "allocation": 0.4, "account_type": "INVESTING", "name": "Retirement", "target": 6000000.0, "created_date": "2015-09-09T05:54:03.919Z", "type": "RETIREMENT"}, "pk": 1}, {"model": "main.goal", "fields": {"account": 6, "completion_date": "2015-09-09T05:53:57.407Z", "allocation": 0.4, "account_type": "INVESTING", "name": "Build Wealth", "target": 32258124.33, "created_date": "2015-09-09T05:54:03.919Z", "type": "RETIREMENT"}, "pk": 2}, {"model": "main.goal", "fields": {"account": 6, "completion_date": "2018-09-08T09:09:24Z", "allocation": 0.4, "account_type": "INVESTING", "name": "Wealth Protection", "target": 300.0, "created_date": "2015-09-09T06:09:24.387Z", "type": "EMERGENCY"}, "pk": 4}, {"model": "main.goal", "fields": {"account": 6, "completion_date": "2023-09-08T15:44:50Z", "allocation": 0.59, "account_type": "INVESTING", "name": "Education Fund", "target": 4514.0, "created_date": "2015-09-09T06:44:54.561Z", "type": "EDUCATION"}, "pk": 5}, {"model": "main.goal", "fields": {"account": 6, "completion_date": "2020-09-07T21:46:53Z", "allocation": 0.49, "account_type": "INVESTING", "name": "House Fund", "target": 82614.0, "created_date": "2015-09-09T06:46:55.304Z", "type": "HOUSE"}, "pk": 6}, {"model": "main.goal", "fields": {"account": 6, "completion_date": "2015-09-08T19:53:57Z", "allocation": 0.4, "account_type": "INVESTING", "name": "Retirement", "target": 6000000.0, "created_date": "2015-09-09T07:14:12.653Z", "type": "RETIREMENT"}, "pk": 7}, {"model": "main.position", "fields": {"ticker": 1, "goal": 1, "value": 3251.0}, "pk": 1}, {"model": "main.position", "fields": {"ticker": 7, "goal": 1, "value": 6565.0}, "pk": 2}, {"model": "main.transaction", "fields": {"from_account": null, "status": "PENDING", "amount": 300, "account": 1, "to_account": null, "type": "DEPOSIT", "created_date": "2015-09-09T03:46:57.818Z"}, "pk": 18}, {"model": "main.transaction", "fields": {"from_account": null, "status": "PENDING", "amount": 4444, "account": 6, "to_account": null, "type": "DEPOSIT", "created_date": "2015-09-09T06:46:56.489Z"}, "pk": 19}, {"model": "main.transaction", "fields": {"from_account": null, "status": "PENDING", "amount": 300, "account": 1, "to_account": null, "type": "DEPOSIT", "created_date": "2015-09-09T07:10:24.649Z"}, "pk": 20}, {"model": "main.transaction", "fields": {"from_account": null, "status": "PENDING", "amount": 8000, "account": 4, "to_account": null, "type": "DEPOSIT", "created_date": "2015-09-09T07:22:36.466Z"}, "pk": 21}, {"model": "portfolios.portfolioset", "fields": {"asset_classes": [1, 2, 3, 6, 9, 5, 4, 7, 10, 8, 11], "tau": 0.025, "risk_free_rate": 0.3, "name": "default"}, "pk": 1}, {"model": "portfolios.portfoliobyrisk", "fields": {"allocations": "{\"GLOBAL_MARKETS_STOCKS\": 0.0822, \"AUS_MUNICIPAL_BONDS\": 0.2692, \"EMERGING_MARKETS_STOCKS\": 0.0172, \"AUS_LARGE_CAP_VALUE_STOCKS\": 0.099, \"AUS_HIGH_YIELD_STOCKS\": 0.251, \"US_TOTAL_MARKET_STOCKS\": 0.0502, \"INFLATION_PROTECTED_BONDS\": 0.0161, \"AUS_GOVT_BONDS\": 0.0141, \"AUS_CORPORATE_BONDS\": 0.0255, \"INTERNATIONAL_BONDS\": 0.039, \"AUS_TOTAL_MARKET_STOCKS\": 0.0502, \"AUS_SMALL_CAP_VALUE_STOCKS\": 0.0863}", "volatility": 5.796, "expected_return": 2.179, "risk": 0.23, "portfolio_set": 1}, "pk": 1}, {"model": "portfolios.portfoliobyrisk", "fields": {"allocations": "{\"GLOBAL_MARKETS_STOCKS\": 0.1523, \"AUS_MUNICIPAL_BONDS\": 0.3239, \"EMERGING_MARKETS_STOCKS\": 0.0319, \"AUS_LARGE_CAP_VALUE_STOCKS\": 0.062, \"AUS_HIGH_YIELD_STOCKS\": 0.0123, \"US_TOTAL_MARKET_STOCKS\": 0.083, \"INFLATION_PROTECTED_BONDS\": 0.0266, \"AUS_GOVT_BONDS\": 0.0232, \"AUS_CORPORATE_BONDS\": 0.0312, \"INTERNATIONAL_BONDS\": 0.0579, \"AUS_TOTAL_MARKET_STOCKS\": 0.083, \"AUS_SMALL_CAP_VALUE_STOCKS\": 0.1127}", "volatility": 9.1874, "expected_return": 3.4451, "risk": 0.4, "portfolio_set": 1}, "pk": 2}, {"model": "portfolios.portfoliobyrisk", "fields": {"allocations": "{\"GLOBAL_MARKETS_STOCKS\": 0.3531, \"AUS_MUNICIPAL_BONDS\": 0.089, \"EMERGING_MARKETS_STOCKS\": 0.0914, \"AUS_LARGE_CAP_VALUE_STOCKS\": 0, \"AUS_HIGH_YIELD_STOCKS\": 0, \"US_TOTAL_MARKET_STOCKS\": 0.1521, \"INFLATION_PROTECTED_BONDS\": 0.0487, \"AUS_GOVT_BONDS\": 0.0426, \"AUS_CORPORATE_BONDS\": 0.009, \"INTERNATIONAL_BONDS\": 0.0243, \"AUS_TOTAL_MARKET_STOCKS\": 0.1521, \"AUS_SMALL_CAP_VALUE_STOCKS\": 0.0377}", "volatility": 15.551, "expected_return": 5.4576, "risk": 0.84, "portfolio_set": 1}, "pk": 3}, {"model": "portfolios.portfoliobyrisk", "fields": {"allocations": "{\"GLOBAL_MARKETS_STOCKS\": 0.0133, \"AUS_MUNICIPAL_BONDS\": 0.1328, \"EMERGING_MARKETS_STOCKS\": 0.0028, \"AUS_LARGE_CAP_VALUE_STOCKS\": 0.074, \"AUS_HIGH_YIELD_STOCKS\": 0.6876, \"US_TOTAL_MARKET_STOCKS\": 0.0092, \"INFLATION_PROTECTED_BONDS\": 0.0029, \"AUS_GOVT_BONDS\": 0.0026, \"AUS_CORPORATE_BONDS\": 0.0123, \"INTERNATIONAL_BONDS\": 0.0145, \"AUS_TOTAL_MARKET_STOCKS\": 0.0092, \"AUS_SMALL_CAP_VALUE_STOCKS\": 0.0388}", "volatility": 1.7383, "expected_return": 0.5938, "risk": 0.04, "portfolio_set": 1}, "pk": 4}, {"model": "portfolios.portfoliobyrisk", "fields": {"allocations": "{\"GLOBAL_MARKETS_STOCKS\": 0.4097, \"AUS_MUNICIPAL_BONDS\": 0, \"EMERGING_MARKETS_STOCKS\": 0.1296, \"AUS_LARGE_CAP_VALUE_STOCKS\": 0, \"AUS_HIGH_YIELD_STOCKS\": 0, \"US_TOTAL_MARKET_STOCKS\": 0.1772, \"INFLATION_PROTECTED_BONDS\": 0.0567, \"AUS_GOVT_BONDS\": 0.0496, \"AUS_CORPORATE_BONDS\": 0, \"INTERNATIONAL_BONDS\": 0, \"AUS_TOTAL_MARKET_STOCKS\": 0.1772, \"AUS_SMALL_CAP_VALUE_STOCKS\": 0}", "volatility": 17.8747, "expected_return": 6.0917, "risk": 1.0, "portfolio_set": 1}, "pk": 5}, {"model": "portfolios.portfoliobyrisk", "fields": {"allocations": "{\"GLOBAL_MARKETS_STOCKS\": 0.01, \"AUS_MUNICIPAL_BONDS\": 0.1169, \"EMERGING_MARKETS_STOCKS\": 0.0021, \"AUS_LARGE_CAP_VALUE_STOCKS\": 0.0663, \"AUS_HIGH_YIELD_STOCKS\": 0.7295, \"US_TOTAL_MARKET_STOCKS\": 0.0069, \"INFLATION_PROTECTED_BONDS\": 0.0022, \"AUS_GOVT_BONDS\": 0.0019, \"AUS_CORPORATE_BONDS\": 0.0108, \"INTERNATIONAL_BONDS\": 0.0125, \"AUS_TOTAL_MARKET_STOCKS\": 0.0069, \"AUS_SMALL_CAP_VALUE_STOCKS\": 0.034}", "volatility": 1.4801, "expected_return": 0.4893, "risk": 0.03, "portfolio_set": 1}, "pk": 6}, {"model": "portfolios.portfoliobyrisk", "fields": {"allocations": "{\"GLOBAL_MARKETS_STOCKS\": 0.0899, \"AUS_MUNICIPAL_BONDS\": 0.2772, \"EMERGING_MARKETS_STOCKS\": 0.0189, \"AUS_LARGE_CAP_VALUE_STOCKS\": 0.0963, \"AUS_HIGH_YIELD_STOCKS\": 0.2191, \"US_TOTAL_MARKET_STOCKS\": 0.0543, \"INFLATION_PROTECTED_BONDS\": 0.0174, \"AUS_GOVT_BONDS\": 0.0152, \"AUS_CORPORATE_BONDS\": 0.0263, \"INTERNATIONAL_BONDS\": 0.0413, \"AUS_TOTAL_MARKET_STOCKS\": 0.0543, \"AUS_SMALL_CAP_VALUE_STOCKS\": 0.0898}", "volatility": 6.1979, "expected_return": 2.3314, "risk": 0.25, "portfolio_set": 1}, "pk": 7}, {"model": "portfolios.portfoliobyrisk", "fields": {"allocations": "{\"GLOBAL_MARKETS_STOCKS\": 0.2123, \"AUS_MUNICIPAL_BONDS\": 0.2726, \"EMERGING_MARKETS_STOCKS\": 0.0445, \"AUS_LARGE_CAP_VALUE_STOCKS\": 0.014, \"AUS_HIGH_YIELD_STOCKS\": 0, \"US_TOTAL_MARKET_STOCKS\": 0.1051, \"INFLATION_PROTECTED_BONDS\": 0.0336, \"AUS_GOVT_BONDS\": 0.0294, \"AUS_CORPORATE_BONDS\": 0.0267, \"INTERNATIONAL_BONDS\": 0.056, \"AUS_TOTAL_MARKET_STOCKS\": 0.1051, \"AUS_SMALL_CAP_VALUE_STOCKS\": 0.1007}", "volatility": 11.1413, "expected_return": 4.1259, "risk": 0.53, "portfolio_set": 1}, "pk": 8}, {"model": "portfolios.portfoliobyrisk", "fields": {"allocations": "{\"GLOBAL_MARKETS_STOCKS\": 0.1702, \"AUS_MUNICIPAL_BONDS\": 0.3134, \"EMERGING_MARKETS_STOCKS\": 0.0356, \"AUS_LARGE_CAP_VALUE_STOCKS\": 0.0466, \"AUS_HIGH_YIELD_STOCKS\": 0, \"US_TOTAL_MARKET_STOCKS\": 0.0901, \"INFLATION_PROTECTED_BONDS\": 0.0288, \"AUS_GOVT_BONDS\": 0.0252, \"AUS_CORPORATE_BONDS\": 0.0303, \"INTERNATIONAL_BONDS\": 0.0586, \"AUS_TOTAL_MARKET_STOCKS\": 0.0901, \"AUS_SMALL_CAP_VALUE_STOCKS\": 0.1111}", "volatility": 9.8212, "expected_return": 3.673, "risk": 0.44, "portfolio_set": 1}, "pk": 9}, {"model": "portfolios.portfoliobyrisk", "fields": {"allocations": "{\"GLOBAL_MARKETS_STOCKS\": 0.3458, \"AUS_MUNICIPAL_BONDS\": 0.1006, \"EMERGING_MARKETS_STOCKS\": 0.0871, \"AUS_LARGE_CAP_VALUE_STOCKS\": 0, \"AUS_HIGH_YIELD_STOCKS\": 0, \"US_TOTAL_MARKET_STOCKS\": 0.1489, \"INFLATION_PROTECTED_BONDS\": 0.0476, \"AUS_GOVT_BONDS\": 0.0417, \"AUS_CORPORATE_BONDS\": 0.0102, \"INTERNATIONAL_BONDS\": 0.027, \"AUS_TOTAL_MARKET_STOCKS\": 0.1489, \"AUS_SMALL_CAP_VALUE_STOCKS\": 0.0422}", "volatility": 15.2632, "expected_return": 5.3763, "risk": 0.82, "portfolio_set": 1}, "pk": 10}, {"model": "portfolios.portfoliobyrisk", "fields": {"allocations": "{\"GLOBAL_MARKETS_STOCKS\": 0.364, \"AUS_MUNICIPAL_BONDS\": 0.0718, \"EMERGING_MARKETS_STOCKS\": 0.0981, \"AUS_LARGE_CAP_VALUE_STOCKS\": 0, \"AUS_HIGH_YIELD_STOCKS\": 0, \"US_TOTAL_MARKET_STOCKS\": 0.1569, \"INFLATION_PROTECTED_BONDS\": 0.0502, \"AUS_GOVT_BONDS\": 0.0439, \"AUS_CORPORATE_BONDS\": 0.0073, \"INTERNATIONAL_BONDS\": 0.0201, \"AUS_TOTAL_MARKET_STOCKS\": 0.1569, \"AUS_SMALL_CAP_VALUE_STOCKS\": 0.0308}", "volatility": 15.984, "expected_return": 5.5787, "risk": 0.87, "portfolio_set": 1}, "pk": 11}, {"model": "portfolios.portfoliobyrisk", "fields": {"allocations": "{\"GLOBAL_MARKETS_STOCKS\": 0.067, \"AUS_MUNICIPAL_BONDS\": 0.2511, \"EMERGING_MARKETS_STOCKS\": 0.014, \"AUS_LARGE_CAP_VALUE_STOCKS\": 0.1026, \"AUS_HIGH_YIELD_STOCKS\": 0.3192, \"US_TOTAL_MARKET_STOCKS\": 0.0419, \"INFLATION_PROTECTED_BONDS\": 0.0134, \"AUS_GOVT_BONDS\": 0.0118, \"AUS_CORPORATE_BONDS\": 0.0236, \"INTERNATIONAL_BONDS\": 0.0345, \"AUS_TOTAL_MARKET_STOCKS\": 0.0419, \"AUS_SMALL_CAP_VALUE_STOCKS\": 0.079}", "volatility": 4.9871, "expected_return": 1.8699, "risk": 0.19, "portfolio_set": 1}, "pk": 12}, {"model": "portfolios.portfoliobyrisk", "fields": {"allocations": "{\"GLOBAL_MARKETS_STOCKS\": 0, \"AUS_MUNICIPAL_BONDS\": 0, \"EMERGING_MARKETS_STOCKS\": 0, \"AUS_LARGE_CAP_VALUE_STOCKS\": 0, \"AUS_HIGH_YIELD_STOCKS\": 1, \"US_TOTAL_MARKET_STOCKS\": 0, \"INFLATION_PROTECTED_BONDS\": 0, \"AUS_GOVT_BONDS\": 0, \"AUS_CORPORATE_BONDS\": 0, \"INTERNATIONAL_BONDS\": 0, \"AUS_TOTAL_MARKET_STOCKS\": 0, \"AUS_SMALL_CAP_VALUE_STOCKS\": 0}", "volatility": 0.5546, "expected_return": 0.0, "risk": 0.0, "portfolio_set": 1}, "pk": 13}, {"model": "portfolios.portfoliobyrisk", "fields": {"allocations": "{\"GLOBAL_MARKETS_STOCKS\": 0.1886, \"AUS_MUNICIPAL_BONDS\": 0.2956, \"EMERGING_MARKETS_STOCKS\": 0.0395, \"AUS_LARGE_CAP_VALUE_STOCKS\": 0.0313, \"AUS_HIGH_YIELD_STOCKS\": 0, \"US_TOTAL_MARKET_STOCKS\": 0.0969, \"INFLATION_PROTECTED_BONDS\": 0.031, \"AUS_GOVT_BONDS\": 0.0271, \"AUS_CORPORATE_BONDS\": 0.0287, \"INTERNATIONAL_BONDS\": 0.0577, \"AUS_TOTAL_MARKET_STOCKS\": 0.0969, \"AUS_SMALL_CAP_VALUE_STOCKS\": 0.1067}", "volatility": 10.4057, "expected_return": 3.8766, "risk": 0.48, "portfolio_set": 1}, "pk": 14}, {"model": "portfolios.portfoliobyrisk", "fields": {"allocations": "{\"GLOBAL_MARKETS_STOCKS\": 0.331, \"AUS_MUNICIPAL_BONDS\": 0.1241, \"EMERGING_MARKETS_STOCKS\": 0.0787, \"AUS_LARGE_CAP_VALUE_STOCKS\": 0, \"AUS_HIGH_YIELD_STOCKS\": 0, \"US_TOTAL_MARKET_STOCKS\": 0.1424, \"INFLATION_PROTECTED_BONDS\": 0.0456, \"AUS_GOVT_BONDS\": 0.0399, \"AUS_CORPORATE_BONDS\": 0.0125, \"INTERNATIONAL_BONDS\": 0.0322, \"AUS_TOTAL_MARKET_STOCKS\": 0.1424, \"AUS_SMALL_CAP_VALUE_STOCKS\": 0.0512}", "volatility": 14.6898, "expected_return": 5.2124, "risk": 0.78, "portfolio_set": 1}, "pk": 15}, {"model": "portfolios.portfoliobyrisk", "fields": {"allocations": "{\"GLOBAL_MARKETS_STOCKS\": 0.0522, \"AUS_MUNICIPAL_BONDS\": 0.2297, \"EMERGING_MARKETS_STOCKS\": 0.0109, \"AUS_LARGE_CAP_VALUE_STOCKS\": 0.103, \"AUS_HIGH_YIELD_STOCKS\": 0.3951, \"US_TOTAL_MARKET_STOCKS\": 0.0334, \"INFLATION_PROTECTED_BONDS\": 0.0107, \"AUS_GOVT_BONDS\": 0.0094, \"AUS_CORPORATE_BONDS\": 0.0216, \"INTERNATIONAL_BONDS\": 0.0298, \"AUS_TOTAL_MARKET_STOCKS\": 0.0334, \"AUS_SMALL_CAP_VALUE_STOCKS\": 0.0708}", "volatility": 4.1669, "expected_return": 1.5534, "risk": 0.15, "portfolio_set": 1}, "pk": 16}, {"model": "portfolios.portfoliobyrisk", "fields": {"allocations": "{\"GLOBAL_MARKETS_STOCKS\": 0.3854, \"AUS_MUNICIPAL_BONDS\": 0.0381, \"EMERGING_MARKETS_STOCKS\": 0.1122, \"AUS_LARGE_CAP_VALUE_STOCKS\": 0, \"AUS_HIGH_YIELD_STOCKS\": 0, \"US_TOTAL_MARKET_STOCKS\": 0.1663, \"INFLATION_PROTECTED_BONDS\": 0.0532, \"AUS_GOVT_BONDS\": 0.0466, \"AUS_CORPORATE_BONDS\": 0.0039, \"INTERNATIONAL_BONDS\": 0.0112, \"AUS_TOTAL_MARKET_STOCKS\": 0.1663, \"AUS_SMALL_CAP_VALUE_STOCKS\": 0.0168}", "volatility": 16.854, "expected_return": 5.8178, "risk": 0.93, "portfolio_set": 1}, "pk": 17}, {"model": "portfolios.portfoliobyrisk", "fields": {"allocations": "{\"GLOBAL_MARKETS_STOCKS\": 0.1351, \"AUS_MUNICIPAL_BONDS\": 0.3133, \"EMERGING_MARKETS_STOCKS\": 0.0283, \"AUS_LARGE_CAP_VALUE_STOCKS\": 0.0732, \"AUS_HIGH_YIELD_STOCKS\": 0.063, \"US_TOTAL_MARKET_STOCKS\": 0.0756, \"INFLATION_PROTECTED_BONDS\": 0.0242, \"AUS_GOVT_BONDS\": 0.0212, \"AUS_CORPORATE_BONDS\": 0.03, \"INTERNATIONAL_BONDS\": 0.0535, \"AUS_TOTAL_MARKET_STOCKS\": 0.0756, \"AUS_SMALL_CAP_VALUE_STOCKS\": 0.107}", "volatility": 8.3921, "expected_return": 3.152, "risk": 0.36, "portfolio_set": 1}, "pk": 18}, {"model": "portfolios.portfoliobyrisk", "fields": {"allocations": "{\"GLOBAL_MARKETS_STOCKS\": 0.3421, \"AUS_MUNICIPAL_BONDS\": 0.1064, \"EMERGING_MARKETS_STOCKS\": 0.085, \"AUS_LARGE_CAP_VALUE_STOCKS\": 0, \"AUS_HIGH_YIELD_STOCKS\": 0, \"US_TOTAL_MARKET_STOCKS\": 0.1473, \"INFLATION_PROTECTED_BONDS\": 0.0471, \"AUS_GOVT_BONDS\": 0.0412, \"AUS_CORPORATE_BONDS\": 0.0108, \"INTERNATIONAL_BONDS\": 0.0283, \"AUS_TOTAL_MARKET_STOCKS\": 0.1473, \"AUS_SMALL_CAP_VALUE_STOCKS\": 0.0445}", "volatility": 15.1196, "expected_return": 5.3355, "risk": 0.81, "portfolio_set": 1}, "pk": 19}, {"model": "portfolios.portfoliobyrisk", "fields": {"allocations": "{\"GLOBAL_MARKETS_STOCKS\": 0.0633, \"AUS_MUNICIPAL_BONDS\": 0.2461, \"EMERGING_MARKETS_STOCKS\": 0.0132, \"AUS_LARGE_CAP_VALUE_STOCKS\": 0.103, \"AUS_HIGH_YIELD_STOCKS\": 0.3374, \"US_TOTAL_MARKET_STOCKS\": 0.0398, \"INFLATION_PROTECTED_BONDS\": 0.0127, \"AUS_GOVT_BONDS\": 0.0112, \"AUS_CORPORATE_BONDS\": 0.0232, \"INTERNATIONAL_BONDS\": 0.0333, \"AUS_TOTAL_MARKET_STOCKS\": 0.0398, \"AUS_SMALL_CAP_VALUE_STOCKS\": 0.077}", "volatility": 4.7833, "expected_return": 1.7916, "risk": 0.18, "portfolio_set": 1}, "pk": 20}, {"model": "portfolios.portfoliobyrisk", "fields": {"allocations": "{\"GLOBAL_MARKETS_STOCKS\": 0.2173, \"AUS_MUNICIPAL_BONDS\": 0.268, \"EMERGING_MARKETS_STOCKS\": 0.0455, \"AUS_LARGE_CAP_VALUE_STOCKS\": 0.0108, \"AUS_HIGH_YIELD_STOCKS\": 0, \"US_TOTAL_MARKET_STOCKS\": 0.1066, \"INFLATION_PROTECTED_BONDS\": 0.0341, \"AUS_GOVT_BONDS\": 0.0299, \"AUS_CORPORATE_BONDS\": 0.0262, \"INTERNATIONAL_BONDS\": 0.0556, \"AUS_TOTAL_MARKET_STOCKS\": 0.1066, \"AUS_SMALL_CAP_VALUE_STOCKS\": 0.0994}", "volatility": 11.2889, "expected_return": 4.175, "risk": 0.54, "portfolio_set": 1}, "pk": 21}, {"model": "portfolios.portfoliobyrisk", "fields": {"allocations": "{\"GLOBAL_MARKETS_STOCKS\": 0.0784, \"AUS_MUNICIPAL_BONDS\": 0.2649, \"EMERGING_MARKETS_STOCKS\": 0.0164, \"AUS_LARGE_CAP_VALUE_STOCKS\": 0.1002, \"AUS_HIGH_YIELD_STOCKS\": 0.2674, \"US_TOTAL_MARKET_STOCKS\": 0.0481, \"INFLATION_PROTECTED_BONDS\": 0.0154, \"AUS_GOVT_BONDS\": 0.0136, \"AUS_CORPORATE_BONDS\": 0.025, \"INTERNATIONAL_BONDS\": 0.0379, \"AUS_TOTAL_MARKET_STOCKS\": 0.0481, \"AUS_SMALL_CAP_VALUE_STOCKS\": 0.0846}", "volatility": 5.5946, "expected_return": 2.1023, "risk": 0.22, "portfolio_set": 1}, "pk": 22}, {"model": "portfolios.portfoliobyrisk", "fields": {"allocations": "{\"GLOBAL_MARKETS_STOCKS\": 0.1436, \"AUS_MUNICIPAL_BONDS\": 0.3188, \"EMERGING_MARKETS_STOCKS\": 0.0301, \"AUS_LARGE_CAP_VALUE_STOCKS\": 0.0677, \"AUS_HIGH_YIELD_STOCKS\": 0.0373, \"US_TOTAL_MARKET_STOCKS\": 0.0793, \"INFLATION_PROTECTED_BONDS\": 0.0254, \"AUS_GOVT_BONDS\": 0.0223, \"AUS_CORPORATE_BONDS\": 0.0307, \"INTERNATIONAL_BONDS\": 0.0557, \"AUS_TOTAL_MARKET_STOCKS\": 0.0793, \"AUS_SMALL_CAP_VALUE_STOCKS\": 0.1098}", "volatility": 8.7897, "expected_return": 3.2988, "risk": 0.38, "portfolio_set": 1}, "pk": 23}, {"model": "portfolios.portfoliobyrisk", "fields": {"allocations": "{\"GLOBAL_MARKETS_STOCKS\": 0.1793, \"AUS_MUNICIPAL_BONDS\": 0.3046, \"EMERGING_MARKETS_STOCKS\": 0.0375, \"AUS_LARGE_CAP_VALUE_STOCKS\": 0.0388, \"AUS_HIGH_YIELD_STOCKS\": 0, \"US_TOTAL_MARKET_STOCKS\": 0.0935, \"INFLATION_PROTECTED_BONDS\": 0.0299, \"AUS_GOVT_BONDS\": 0.0263, \"AUS_CORPORATE_BONDS\": 0.0295, \"INTERNATIONAL_BONDS\": 0.0582, \"AUS_TOTAL_MARKET_STOCKS\": 0.0935, \"AUS_SMALL_CAP_VALUE_STOCKS\": 0.1089}", "volatility": 10.1129, "expected_return": 3.7753, "risk": 0.46, "portfolio_set": 1}, "pk": 24}, {"model": "portfolios.portfoliobyrisk", "fields": {"allocations": "{\"GLOBAL_MARKETS_STOCKS\": 0.1307, \"AUS_MUNICIPAL_BONDS\": 0.3105, \"EMERGING_MARKETS_STOCKS\": 0.0274, \"AUS_LARGE_CAP_VALUE_STOCKS\": 0.0758, \"AUS_HIGH_YIELD_STOCKS\": 0.0761, \"US_TOTAL_MARKET_STOCKS\": 0.0738, \"INFLATION_PROTECTED_BONDS\": 0.0236, \"AUS_GOVT_BONDS\": 0.0207, \"AUS_CORPORATE_BONDS\": 0.0297, \"INTERNATIONAL_BONDS\": 0.0524, \"AUS_TOTAL_MARKET_STOCKS\": 0.0738, \"AUS_SMALL_CAP_VALUE_STOCKS\": 0.1055}", "volatility": 8.1932, "expected_return": 3.0784, "risk": 0.35, "portfolio_set": 1}, "pk": 25}, {"model": "portfolios.portfoliobyrisk", "fields": {"allocations": "{\"GLOBAL_MARKETS_STOCKS\": 0.1568, \"AUS_MUNICIPAL_BONDS\": 0.3264, \"EMERGING_MARKETS_STOCKS\": 0.0328, \"AUS_LARGE_CAP_VALUE_STOCKS\": 0.059, \"AUS_HIGH_YIELD_STOCKS\": 0, \"US_TOTAL_MARKET_STOCKS\": 0.0848, \"INFLATION_PROTECTED_BONDS\": 0.0271, \"AUS_GOVT_BONDS\": 0.0237, \"AUS_CORPORATE_BONDS\": 0.0315, \"INTERNATIONAL_BONDS\": 0.059, \"AUS_TOTAL_MARKET_STOCKS\": 0.0848, \"AUS_SMALL_CAP_VALUE_STOCKS\": 0.1141}", "volatility": 9.3862, "expected_return": 3.518, "risk": 0.41, "portfolio_set": 1}, "pk": 26}, {"model": "portfolios.portfoliobyrisk", "fields": {"allocations": "{\"GLOBAL_MARKETS_STOCKS\": 0.0236, \"AUS_MUNICIPAL_BONDS\": 0.169, \"EMERGING_MARKETS_STOCKS\": 0.005, \"AUS_LARGE_CAP_VALUE_STOCKS\": 0.0892, \"AUS_HIGH_YIELD_STOCKS\": 0.5867, \"US_TOTAL_MARKET_STOCKS\": 0.0159, \"INFLATION_PROTECTED_BONDS\": 0.0051, \"AUS_GOVT_BONDS\": 0.0045, \"AUS_CORPORATE_BONDS\": 0.0156, \"INTERNATIONAL_BONDS\": 0.0194, \"AUS_TOTAL_MARKET_STOCKS\": 0.0159, \"AUS_SMALL_CAP_VALUE_STOCKS\": 0.0501}", "volatility": 2.45, "expected_return": 0.8788, "risk": 0.07, "portfolio_set": 1}, "pk": 27}, {"model": "portfolios.portfoliobyrisk", "fields": {"allocations": "{\"GLOBAL_MARKETS_STOCKS\": 0.0272, \"AUS_MUNICIPAL_BONDS\": 0.1786, \"EMERGING_MARKETS_STOCKS\": 0.0057, \"AUS_LARGE_CAP_VALUE_STOCKS\": 0.0925, \"AUS_HIGH_YIELD_STOCKS\": 0.5583, \"US_TOTAL_MARKET_STOCKS\": 0.0181, \"INFLATION_PROTECTED_BONDS\": 0.0058, \"AUS_GOVT_BONDS\": 0.0051, \"AUS_CORPORATE_BONDS\": 0.0166, \"INTERNATIONAL_BONDS\": 0.0208, \"AUS_TOTAL_MARKET_STOCKS\": 0.0181, \"AUS_SMALL_CAP_VALUE_STOCKS\": 0.0532}", "volatility": 2.6747, "expected_return": 0.968, "risk": 0.08, "portfolio_set": 1}, "pk": 28}, {"model": "portfolios.portfoliobyrisk", "fields": {"allocations": "{\"GLOBAL_MARKETS_STOCKS\": 0.3675, \"AUS_MUNICIPAL_BONDS\": 0.0661, \"EMERGING_MARKETS_STOCKS\": 0.1004, \"AUS_LARGE_CAP_VALUE_STOCKS\": 0, \"AUS_HIGH_YIELD_STOCKS\": 0, \"US_TOTAL_MARKET_STOCKS\": 0.1585, \"INFLATION_PROTECTED_BONDS\": 0.0507, \"AUS_GOVT_BONDS\": 0.0444, \"AUS_CORPORATE_BONDS\": 0.0068, \"INTERNATIONAL_BONDS\": 0.0186, \"AUS_TOTAL_MARKET_STOCKS\": 0.1585, \"AUS_SMALL_CAP_VALUE_STOCKS\": 0.0285}", "volatility": 16.1286, "expected_return": 5.6188, "risk": 0.88, "portfolio_set": 1}, "pk": 29}, {"model": "portfolios.portfoliobyrisk", "fields": {"allocations": "{\"GLOBAL_MARKETS_STOCKS\": 0.3199, \"AUS_MUNICIPAL_BONDS\": 0.142, \"EMERGING_MARKETS_STOCKS\": 0.0726, \"AUS_LARGE_CAP_VALUE_STOCKS\": 0, \"AUS_HIGH_YIELD_STOCKS\": 0, \"US_TOTAL_MARKET_STOCKS\": 0.1375, \"INFLATION_PROTECTED_BONDS\": 0.044, \"AUS_GOVT_BONDS\": 0.0385, \"AUS_CORPORATE_BONDS\": 0.0143, \"INTERNATIONAL_BONDS\": 0.0359, \"AUS_TOTAL_MARKET_STOCKS\": 0.1375, \"AUS_SMALL_CAP_VALUE_STOCKS\": 0.0578}", "volatility": 14.262, "expected_return": 5.0882, "risk": 0.75, "portfolio_set": 1}, "pk": 30}, {"model": "portfolios.portfoliobyrisk", "fields": {"allocations": "{\"GLOBAL_MARKETS_STOCKS\": 0.2474, \"AUS_MUNICIPAL_BONDS\": 0.2353, \"EMERGING_MARKETS_STOCKS\": 0.0518, \"AUS_LARGE_CAP_VALUE_STOCKS\": 0, \"AUS_HIGH_YIELD_STOCKS\": 0, \"US_TOTAL_MARKET_STOCKS\": 0.1157, \"INFLATION_PROTECTED_BONDS\": 0.037, \"AUS_GOVT_BONDS\": 0.0324, \"AUS_CORPORATE_BONDS\": 0.0232, \"INTERNATIONAL_BONDS\": 0.0518, \"AUS_TOTAL_MARKET_STOCKS\": 0.1157, \"AUS_SMALL_CAP_VALUE_STOCKS\": 0.0897}", "volatility": 12.1518, "expected_return": 4.454, "risk": 0.6, "portfolio_set": 1}, "pk": 31}, {"model": "portfolios.portfoliobyrisk", "fields": {"allocations": "{\"GLOBAL_MARKETS_STOCKS\": 0.1747, \"AUS_MUNICIPAL_BONDS\": 0.309, \"EMERGING_MARKETS_STOCKS\": 0.0366, \"AUS_LARGE_CAP_VALUE_STOCKS\": 0.0427, \"AUS_HIGH_YIELD_STOCKS\": 0, \"US_TOTAL_MARKET_STOCKS\": 0.0918, \"INFLATION_PROTECTED_BONDS\": 0.0294, \"AUS_GOVT_BONDS\": 0.0257, \"AUS_CORPORATE_BONDS\": 0.0299, \"INTERNATIONAL_BONDS\": 0.0584, \"AUS_TOTAL_MARKET_STOCKS\": 0.0918, \"AUS_SMALL_CAP_VALUE_STOCKS\": 0.11}", "volatility": 9.9669, "expected_return": 3.7243, "risk": 0.45, "portfolio_set": 1}, "pk": 32}, {"model": "portfolios.portfoliobyrisk", "fields": {"allocations": "{\"GLOBAL_MARKETS_STOCKS\": 0.2371, \"AUS_MUNICIPAL_BONDS\": 0.2482, \"EMERGING_MARKETS_STOCKS\": 0.0496, \"AUS_LARGE_CAP_VALUE_STOCKS\": 0, \"AUS_HIGH_YIELD_STOCKS\": 0, \"US_TOTAL_MARKET_STOCKS\": 0.1128, \"INFLATION_PROTECTED_BONDS\": 0.0361, \"AUS_GOVT_BONDS\": 0.0316, \"AUS_CORPORATE_BONDS\": 0.0245, \"INTERNATIONAL_BONDS\": 0.0536, \"AUS_TOTAL_MARKET_STOCKS\": 0.1128, \"AUS_SMALL_CAP_VALUE_STOCKS\": 0.0937}", "volatility": 11.8764, "expected_return": 4.3674, "risk": 0.58, "portfolio_set": 1}, "pk": 33}, {"model": "portfolios.portfoliobyrisk", "fields": {"allocations": "{\"GLOBAL_MARKETS_STOCKS\": 0.0033, \"AUS_MUNICIPAL_BONDS\": 0.0707, \"EMERGING_MARKETS_STOCKS\": 0.0007, \"AUS_LARGE_CAP_VALUE_STOCKS\": 0.0414, \"AUS_HIGH_YIELD_STOCKS\": 0.8438, \"US_TOTAL_MARKET_STOCKS\": 0.0023, \"INFLATION_PROTECTED_BONDS\": 0.0007, \"AUS_GOVT_BONDS\": 0.0007, \"AUS_CORPORATE_BONDS\": 0.0065, \"INTERNATIONAL_BONDS\": 0.0073, \"AUS_TOTAL_MARKET_STOCKS\": 0.0023, \"AUS_SMALL_CAP_VALUE_STOCKS\": 0.0203}", "volatility": 0.8927, "expected_return": 0.244, "risk": 0.01, "portfolio_set": 1}, "pk": 34}, {"model": "portfolios.portfoliobyrisk", "fields": {"allocations": "{\"GLOBAL_MARKETS_STOCKS\": 0.3384, \"AUS_MUNICIPAL_BONDS\": 0.1123, \"EMERGING_MARKETS_STOCKS\": 0.0828, \"AUS_LARGE_CAP_VALUE_STOCKS\": 0, \"AUS_HIGH_YIELD_STOCKS\": 0, \"US_TOTAL_MARKET_STOCKS\": 0.1457, \"INFLATION_PROTECTED_BONDS\": 0.0466, \"AUS_GOVT_BONDS\": 0.0408, \"AUS_CORPORATE_BONDS\": 0.0114, \"INTERNATIONAL_BONDS\": 0.0296, \"AUS_TOTAL_MARKET_STOCKS\": 0.1457, \"AUS_SMALL_CAP_VALUE_STOCKS\": 0.0467}", "volatility": 14.9761, "expected_return": 5.2946, "risk": 0.8, "portfolio_set": 1}, "pk": 35}, {"model": "portfolios.portfoliobyrisk", "fields": {"allocations": "{\"GLOBAL_MARKETS_STOCKS\": 0.2899, \"AUS_MUNICIPAL_BONDS\": 0.1848, \"EMERGING_MARKETS_STOCKS\": 0.0607, \"AUS_LARGE_CAP_VALUE_STOCKS\": 0, \"AUS_HIGH_YIELD_STOCKS\": 0, \"US_TOTAL_MARKET_STOCKS\": 0.1267, \"INFLATION_PROTECTED_BONDS\": 0.0405, \"AUS_GOVT_BONDS\": 0.0355, \"AUS_CORPORATE_BONDS\": 0.0184, \"INTERNATIONAL_BONDS\": 0.0438, \"AUS_TOTAL_MARKET_STOCKS\": 0.1267, \"AUS_SMALL_CAP_VALUE_STOCKS\": 0.073}", "volatility": 13.2703, "expected_return": 4.795, "risk": 0.68, "portfolio_set": 1}, "pk": 36}, {"model": "portfolios.portfoliobyrisk", "fields": {"allocations": "{\"GLOBAL_MARKETS_STOCKS\": 0.1224, \"AUS_MUNICIPAL_BONDS\": 0.3046, \"EMERGING_MARKETS_STOCKS\": 0.0256, \"AUS_LARGE_CAP_VALUE_STOCKS\": 0.0807, \"AUS_HIGH_YIELD_STOCKS\": 0.1029, \"US_TOTAL_MARKET_STOCKS\": 0.07, \"INFLATION_PROTECTED_BONDS\": 0.0224, \"AUS_GOVT_BONDS\": 0.0196, \"AUS_CORPORATE_BONDS\": 0.0291, \"INTERNATIONAL_BONDS\": 0.0502, \"AUS_TOTAL_MARKET_STOCKS\": 0.07, \"AUS_SMALL_CAP_VALUE_STOCKS\": 0.1025}", "volatility": 7.7952, "expected_return": 2.9306, "risk": 0.33, "portfolio_set": 1}, "pk": 37}, {"model": "portfolios.portfoliobyrisk", "fields": {"allocations": "{\"GLOBAL_MARKETS_STOCKS\": 0.232, \"AUS_MUNICIPAL_BONDS\": 0.2536, \"EMERGING_MARKETS_STOCKS\": 0.0486, \"AUS_LARGE_CAP_VALUE_STOCKS\": 0.002, \"AUS_HIGH_YIELD_STOCKS\": 0, \"US_TOTAL_MARKET_STOCKS\": 0.1113, \"INFLATION_PROTECTED_BONDS\": 0.0356, \"AUS_GOVT_BONDS\": 0.0312, \"AUS_CORPORATE_BONDS\": 0.0249, \"INTERNATIONAL_BONDS\": 0.0542, \"AUS_TOTAL_MARKET_STOCKS\": 0.1113, \"AUS_SMALL_CAP_VALUE_STOCKS\": 0.0953}", "volatility": 11.7321, "expected_return": 4.3209, "risk": 0.57, "portfolio_set": 1}, "pk": 38}, {"model": "portfolios.portfoliobyrisk", "fields": {"allocations": "{\"GLOBAL_MARKETS_STOCKS\": 0.3959, \"AUS_MUNICIPAL_BONDS\": 0.0216, \"EMERGING_MARKETS_STOCKS\": 0.1195, \"AUS_LARGE_CAP_VALUE_STOCKS\": 0, \"AUS_HIGH_YIELD_STOCKS\": 0, \"US_TOTAL_MARKET_STOCKS\": 0.171, \"INFLATION_PROTECTED_BONDS\": 0.0547, \"AUS_GOVT_BONDS\": 0.0479, \"AUS_CORPORATE_BONDS\": 0.0023, \"INTERNATIONAL_BONDS\": 0.0065, \"AUS_TOTAL_MARKET_STOCKS\": 0.171, \"AUS_SMALL_CAP_VALUE_STOCKS\": 0.0096}", "volatility": 17.2908, "expected_return": 5.9358, "risk": 0.96, "portfolio_set": 1}, "pk": 39}, {"model": "portfolios.portfoliobyrisk", "fields": {"allocations": "{\"GLOBAL_MARKETS_STOCKS\": 0.1657, \"AUS_MUNICIPAL_BONDS\": 0.3178, \"EMERGING_MARKETS_STOCKS\": 0.0347, \"AUS_LARGE_CAP_VALUE_STOCKS\": 0.0507, \"AUS_HIGH_YIELD_STOCKS\": 0, \"US_TOTAL_MARKET_STOCKS\": 0.0883, \"INFLATION_PROTECTED_BONDS\": 0.0283, \"AUS_GOVT_BONDS\": 0.0247, \"AUS_CORPORATE_BONDS\": 0.0307, \"INTERNATIONAL_BONDS\": 0.0587, \"AUS_TOTAL_MARKET_STOCKS\": 0.0883, \"AUS_SMALL_CAP_VALUE_STOCKS\": 0.1121}", "volatility": 9.6758, "expected_return": 3.6215, "risk": 0.43, "portfolio_set": 1}, "pk": 40}, {"model": "portfolios.portfoliobyrisk", "fields": {"allocations": "{\"GLOBAL_MARKETS_STOCKS\": 0.0939, \"AUS_MUNICIPAL_BONDS\": 0.281, \"EMERGING_MARKETS_STOCKS\": 0.0197, \"AUS_LARGE_CAP_VALUE_STOCKS\": 0.0948, \"AUS_HIGH_YIELD_STOCKS\": 0.2037, \"US_TOTAL_MARKET_STOCKS\": 0.0563, \"INFLATION_PROTECTED_BONDS\": 0.018, \"AUS_GOVT_BONDS\": 0.0158, \"AUS_CORPORATE_BONDS\": 0.0266, \"INTERNATIONAL_BONDS\": 0.0424, \"AUS_TOTAL_MARKET_STOCKS\": 0.0563, \"AUS_SMALL_CAP_VALUE_STOCKS\": 0.0915}", "volatility": 6.3983, "expected_return": 2.4071, "risk": 0.26, "portfolio_set": 1}, "pk": 41}, {"model": "portfolios.portfoliobyrisk", "fields": {"allocations": "{\"GLOBAL_MARKETS_STOCKS\": 0.1101, \"AUS_MUNICIPAL_BONDS\": 0.2951, \"EMERGING_MARKETS_STOCKS\": 0.023, \"AUS_LARGE_CAP_VALUE_STOCKS\": 0.0874, \"AUS_HIGH_YIELD_STOCKS\": 0.1446, \"US_TOTAL_MARKET_STOCKS\": 0.0642, \"INFLATION_PROTECTED_BONDS\": 0.0205, \"AUS_GOVT_BONDS\": 0.018, \"AUS_CORPORATE_BONDS\": 0.0281, \"INTERNATIONAL_BONDS\": 0.0469, \"AUS_TOTAL_MARKET_STOCKS\": 0.0642, \"AUS_SMALL_CAP_VALUE_STOCKS\": 0.0979}", "volatility": 7.1975, "expected_return": 2.7076, "risk": 0.3, "portfolio_set": 1}, "pk": 42}, {"model": "portfolios.portfoliobyrisk", "fields": {"allocations": "{\"GLOBAL_MARKETS_STOCKS\": 0.1932, \"AUS_MUNICIPAL_BONDS\": 0.2911, \"EMERGING_MARKETS_STOCKS\": 0.0404, \"AUS_LARGE_CAP_VALUE_STOCKS\": 0.0277, \"AUS_HIGH_YIELD_STOCKS\": 0, \"US_TOTAL_MARKET_STOCKS\": 0.0986, \"INFLATION_PROTECTED_BONDS\": 0.0315, \"AUS_GOVT_BONDS\": 0.0277, \"AUS_CORPORATE_BONDS\": 0.0283, \"INTERNATIONAL_BONDS\": 0.0574, \"AUS_TOTAL_MARKET_STOCKS\": 0.0986, \"AUS_SMALL_CAP_VALUE_STOCKS\": 0.1055}", "volatility": 10.5524, "expected_return": 3.927, "risk": 0.49, "portfolio_set": 1}, "pk": 43}, {"model": "portfolios.portfoliobyrisk", "fields": {"allocations": "{\"GLOBAL_MARKETS_STOCKS\": 0.0066, \"AUS_MUNICIPAL_BONDS\": 0.0974, \"EMERGING_MARKETS_STOCKS\": 0.0014, \"AUS_LARGE_CAP_VALUE_STOCKS\": 0.0561, \"AUS_HIGH_YIELD_STOCKS\": 0.7791, \"US_TOTAL_MARKET_STOCKS\": 0.0046, \"INFLATION_PROTECTED_BONDS\": 0.0015, \"AUS_GOVT_BONDS\": 0.0013, \"AUS_CORPORATE_BONDS\": 0.009, \"INTERNATIONAL_BONDS\": 0.0103, \"AUS_TOTAL_MARKET_STOCKS\": 0.0046, \"AUS_SMALL_CAP_VALUE_STOCKS\": 0.0281}", "volatility": 1.2026, "expected_return": 0.3757, "risk": 0.02, "portfolio_set": 1}, "pk": 44}, {"model": "portfolios.portfoliobyrisk", "fields": {"allocations": "{\"GLOBAL_MARKETS_STOCKS\": 0.3567, \"AUS_MUNICIPAL_BONDS\": 0.0832, \"EMERGING_MARKETS_STOCKS\": 0.0937, \"AUS_LARGE_CAP_VALUE_STOCKS\": 0, \"AUS_HIGH_YIELD_STOCKS\": 0, \"US_TOTAL_MARKET_STOCKS\": 0.1537, \"INFLATION_PROTECTED_BONDS\": 0.0492, \"AUS_GOVT_BONDS\": 0.043, \"AUS_CORPORATE_BONDS\": 0.0085, \"INTERNATIONAL_BONDS\": 0.0229, \"AUS_TOTAL_MARKET_STOCKS\": 0.1537, \"AUS_SMALL_CAP_VALUE_STOCKS\": 0.0354}", "volatility": 15.6952, "expected_return": 5.4981, "risk": 0.85, "portfolio_set": 1}, "pk": 45}, {"model": "portfolios.portfoliobyrisk", "fields": {"allocations": "{\"GLOBAL_MARKETS_STOCKS\": 0.3818, \"AUS_MUNICIPAL_BONDS\": 0.0437, \"EMERGING_MARKETS_STOCKS\": 0.1098, \"AUS_LARGE_CAP_VALUE_STOCKS\": 0, \"AUS_HIGH_YIELD_STOCKS\": 0, \"US_TOTAL_MARKET_STOCKS\": 0.1648, \"INFLATION_PROTECTED_BONDS\": 0.0527, \"AUS_GOVT_BONDS\": 0.0461, \"AUS_CORPORATE_BONDS\": 0.0045, \"INTERNATIONAL_BONDS\": 0.0127, \"AUS_TOTAL_MARKET_STOCKS\": 0.1648, \"AUS_SMALL_CAP_VALUE_STOCKS\": 0.0191}", "volatility": 16.7086, "expected_return": 5.7782, "risk": 0.92, "portfolio_set": 1}, "pk": 46}, {"model": "portfolios.portfoliobyrisk", "fields": {"allocations": "{\"GLOBAL_MARKETS_STOCKS\": 0.0484, \"AUS_MUNICIPAL_BONDS\": 0.2237, \"EMERGING_MARKETS_STOCKS\": 0.0102, \"AUS_LARGE_CAP_VALUE_STOCKS\": 0.1026, \"AUS_HIGH_YIELD_STOCKS\": 0.4156, \"US_TOTAL_MARKET_STOCKS\": 0.0313, \"INFLATION_PROTECTED_BONDS\": 0.01, \"AUS_GOVT_BONDS\": 0.0088, \"AUS_CORPORATE_BONDS\": 0.0209, \"INTERNATIONAL_BONDS\": 0.0286, \"AUS_TOTAL_MARKET_STOCKS\": 0.0313, \"AUS_SMALL_CAP_VALUE_STOCKS\": 0.0686}", "volatility": 3.9593, "expected_return": 1.4727, "risk": 0.14, "portfolio_set": 1}, "pk": 47}, {"model": "portfolios.portfoliobyrisk", "fields": {"allocations": "{\"GLOBAL_MARKETS_STOCKS\": 0.1181, \"AUS_MUNICIPAL_BONDS\": 0.3016, \"EMERGING_MARKETS_STOCKS\": 0.0248, \"AUS_LARGE_CAP_VALUE_STOCKS\": 0.083, \"AUS_HIGH_YIELD_STOCKS\": 0.1165, \"US_TOTAL_MARKET_STOCKS\": 0.0681, \"INFLATION_PROTECTED_BONDS\": 0.0218, \"AUS_GOVT_BONDS\": 0.0191, \"AUS_CORPORATE_BONDS\": 0.0288, \"INTERNATIONAL_BONDS\": 0.0491, \"AUS_TOTAL_MARKET_STOCKS\": 0.0681, \"AUS_SMALL_CAP_VALUE_STOCKS\": 0.101}", "volatility": 7.5961, "expected_return": 2.8565, "risk": 0.32, "portfolio_set": 1}, "pk": 48}, {"model": "portfolios.portfoliobyrisk", "fields": {"allocations": "{\"GLOBAL_MARKETS_STOCKS\": 0.0306, \"AUS_MUNICIPAL_BONDS\": 0.1875, \"EMERGING_MARKETS_STOCKS\": 0.0064, \"AUS_LARGE_CAP_VALUE_STOCKS\": 0.0953, \"AUS_HIGH_YIELD_STOCKS\": 0.5315, \"US_TOTAL_MARKET_STOCKS\": 0.0204, \"INFLATION_PROTECTED_BONDS\": 0.0065, \"AUS_GOVT_BONDS\": 0.0057, \"AUS_CORPORATE_BONDS\": 0.0174, \"INTERNATIONAL_BONDS\": 0.0222, \"AUS_TOTAL_MARKET_STOCKS\": 0.0204, \"AUS_SMALL_CAP_VALUE_STOCKS\": 0.0561}", "volatility": 2.8953, "expected_return": 1.0554, "risk": 0.09, "portfolio_set": 1}, "pk": 49}, {"model": "portfolios.portfoliobyrisk", "fields": {"allocations": "{\"GLOBAL_MARKETS_STOCKS\": 0.3085, \"AUS_MUNICIPAL_BONDS\": 0.1602, \"EMERGING_MARKETS_STOCKS\": 0.0668, \"AUS_LARGE_CAP_VALUE_STOCKS\": 0, \"AUS_HIGH_YIELD_STOCKS\": 0, \"US_TOTAL_MARKET_STOCKS\": 0.1326, \"INFLATION_PROTECTED_BONDS\": 0.0424, \"AUS_GOVT_BONDS\": 0.0371, \"AUS_CORPORATE_BONDS\": 0.016, \"INTERNATIONAL_BONDS\": 0.0394, \"AUS_TOTAL_MARKET_STOCKS\": 0.1326, \"AUS_SMALL_CAP_VALUE_STOCKS\": 0.0644}", "volatility": 13.8363, "expected_return": 4.9629, "risk": 0.72, "portfolio_set": 1}, "pk": 50}, {"model": "portfolios.portfoliobyrisk", "fields": {"allocations": "{\"GLOBAL_MARKETS_STOCKS\": 0.1479, \"AUS_MUNICIPAL_BONDS\": 0.3214, \"EMERGING_MARKETS_STOCKS\": 0.031, \"AUS_LARGE_CAP_VALUE_STOCKS\": 0.0649, \"AUS_HIGH_YIELD_STOCKS\": 0.0247, \"US_TOTAL_MARKET_STOCKS\": 0.0812, \"INFLATION_PROTECTED_BONDS\": 0.026, \"AUS_GOVT_BONDS\": 0.0227, \"AUS_CORPORATE_BONDS\": 0.0309, \"INTERNATIONAL_BONDS\": 0.0568, \"AUS_TOTAL_MARKET_STOCKS\": 0.0812, \"AUS_SMALL_CAP_VALUE_STOCKS\": 0.1113}", "volatility": 8.9886, "expected_return": 3.372, "risk": 0.39, "portfolio_set": 1}, "pk": 51}, {"model": "portfolios.portfoliobyrisk", "fields": {"allocations": "{\"GLOBAL_MARKETS_STOCKS\": 0.2027, \"AUS_MUNICIPAL_BONDS\": 0.282, \"EMERGING_MARKETS_STOCKS\": 0.0424, \"AUS_LARGE_CAP_VALUE_STOCKS\": 0.0206, \"AUS_HIGH_YIELD_STOCKS\": 0, \"US_TOTAL_MARKET_STOCKS\": 0.1019, \"INFLATION_PROTECTED_BONDS\": 0.0326, \"AUS_GOVT_BONDS\": 0.0285, \"AUS_CORPORATE_BONDS\": 0.0275, \"INTERNATIONAL_BONDS\": 0.0567, \"AUS_TOTAL_MARKET_STOCKS\": 0.1019, \"AUS_SMALL_CAP_VALUE_STOCKS\": 0.1032}", "volatility": 10.8465, "expected_return": 4.0269, "risk": 0.51, "portfolio_set": 1}, "pk": 52}, {"model": "portfolios.portfoliobyrisk", "fields": {"allocations": "{\"GLOBAL_MARKETS_STOCKS\": 0.2682, \"AUS_MUNICIPAL_BONDS\": 0.2098, \"EMERGING_MARKETS_STOCKS\": 0.0562, \"AUS_LARGE_CAP_VALUE_STOCKS\": 0, \"AUS_HIGH_YIELD_STOCKS\": 0, \"US_TOTAL_MARKET_STOCKS\": 0.1214, \"INFLATION_PROTECTED_BONDS\": 0.0388, \"AUS_GOVT_BONDS\": 0.034, \"AUS_CORPORATE_BONDS\": 0.0208, \"INTERNATIONAL_BONDS\": 0.048, \"AUS_TOTAL_MARKET_STOCKS\": 0.1214, \"AUS_SMALL_CAP_VALUE_STOCKS\": 0.0814}", "volatility": 12.7079, "expected_return": 4.6256, "risk": 0.64, "portfolio_set": 1}, "pk": 53}, {"model": "portfolios.portfoliobyrisk", "fields": {"allocations": "{\"GLOBAL_MARKETS_STOCKS\": 0.3993, \"AUS_MUNICIPAL_BONDS\": 0.0162, \"EMERGING_MARKETS_STOCKS\": 0.122, \"AUS_LARGE_CAP_VALUE_STOCKS\": 0, \"AUS_HIGH_YIELD_STOCKS\": 0, \"US_TOTAL_MARKET_STOCKS\": 0.1726, \"INFLATION_PROTECTED_BONDS\": 0.0552, \"AUS_GOVT_BONDS\": 0.0483, \"AUS_CORPORATE_BONDS\": 0.0017, \"INTERNATIONAL_BONDS\": 0.0049, \"AUS_TOTAL_MARKET_STOCKS\": 0.1726, \"AUS_SMALL_CAP_VALUE_STOCKS\": 0.0072}", "volatility": 17.4366, "expected_return": 5.975, "risk": 0.97, "portfolio_set": 1}, "pk": 54}, {"model": "portfolios.portfoliobyrisk", "fields": {"allocations": "{\"GLOBAL_MARKETS_STOCKS\": 0.0746, \"AUS_MUNICIPAL_BONDS\": 0.2605, \"EMERGING_MARKETS_STOCKS\": 0.0156, \"AUS_LARGE_CAP_VALUE_STOCKS\": 0.1011, \"AUS_HIGH_YIELD_STOCKS\": 0.2843, \"US_TOTAL_MARKET_STOCKS\": 0.0461, \"INFLATION_PROTECTED_BONDS\": 0.0147, \"AUS_GOVT_BONDS\": 0.0129, \"AUS_CORPORATE_BONDS\": 0.0246, \"INTERNATIONAL_BONDS\": 0.0368, \"AUS_TOTAL_MARKET_STOCKS\": 0.0461, \"AUS_SMALL_CAP_VALUE_STOCKS\": 0.0827}", "volatility": 5.3926, "expected_return": 2.0252, "risk": 0.21, "portfolio_set": 1}, "pk": 55}, {"model": "portfolios.portfoliobyrisk", "fields": {"allocations": "{\"GLOBAL_MARKETS_STOCKS\": 0.3274, \"AUS_MUNICIPAL_BONDS\": 0.1301, \"EMERGING_MARKETS_STOCKS\": 0.0766, \"AUS_LARGE_CAP_VALUE_STOCKS\": 0, \"AUS_HIGH_YIELD_STOCKS\": 0, \"US_TOTAL_MARKET_STOCKS\": 0.1408, \"INFLATION_PROTECTED_BONDS\": 0.045, \"AUS_GOVT_BONDS\": 0.0394, \"AUS_CORPORATE_BONDS\": 0.0131, \"INTERNATIONAL_BONDS\": 0.0334, \"AUS_TOTAL_MARKET_STOCKS\": 0.1408, \"AUS_SMALL_CAP_VALUE_STOCKS\": 0.0534}", "volatility": 14.547, "expected_return": 5.1711, "risk": 0.77, "portfolio_set": 1}, "pk": 56}, {"model": "portfolios.portfoliobyrisk", "fields": {"allocations": "{\"GLOBAL_MARKETS_STOCKS\": 0.1839, \"AUS_MUNICIPAL_BONDS\": 0.3002, \"EMERGING_MARKETS_STOCKS\": 0.0385, \"AUS_LARGE_CAP_VALUE_STOCKS\": 0.035, \"AUS_HIGH_YIELD_STOCKS\": 0, \"US_TOTAL_MARKET_STOCKS\": 0.0952, \"INFLATION_PROTECTED_BONDS\": 0.0305, \"AUS_GOVT_BONDS\": 0.0267, \"AUS_CORPORATE_BONDS\": 0.0291, \"INTERNATIONAL_BONDS\": 0.0579, \"AUS_TOTAL_MARKET_STOCKS\": 0.0952, \"AUS_SMALL_CAP_VALUE_STOCKS\": 0.1078}", "volatility": 10.2591, "expected_return": 3.8261, "risk": 0.47, "portfolio_set": 1}, "pk": 57}, {"model": "portfolios.portfoliobyrisk", "fields": {"allocations": "{\"GLOBAL_MARKETS_STOCKS\": 0.106, \"AUS_MUNICIPAL_BONDS\": 0.2918, \"EMERGING_MARKETS_STOCKS\": 0.0222, \"AUS_LARGE_CAP_VALUE_STOCKS\": 0.0894, \"AUS_HIGH_YIELD_STOCKS\": 0.159, \"US_TOTAL_MARKET_STOCKS\": 0.0622, \"INFLATION_PROTECTED_BONDS\": 0.0199, \"AUS_GOVT_BONDS\": 0.0175, \"AUS_CORPORATE_BONDS\": 0.0278, \"INTERNATIONAL_BONDS\": 0.0457, \"AUS_TOTAL_MARKET_STOCKS\": 0.0622, \"AUS_SMALL_CAP_VALUE_STOCKS\": 0.0963}", "volatility": 6.998, "expected_return": 2.6328, "risk": 0.29, "portfolio_set": 1}, "pk": 58}, {"model": "portfolios.portfoliobyrisk", "fields": {"allocations": "{\"GLOBAL_MARKETS_STOCKS\": 0.2736, \"AUS_MUNICIPAL_BONDS\": 0.2035, \"EMERGING_MARKETS_STOCKS\": 0.0573, \"AUS_LARGE_CAP_VALUE_STOCKS\": 0, \"AUS_HIGH_YIELD_STOCKS\": 0, \"US_TOTAL_MARKET_STOCKS\": 0.1227, \"INFLATION_PROTECTED_BONDS\": 0.0393, \"AUS_GOVT_BONDS\": 0.0344, \"AUS_CORPORATE_BONDS\": 0.0202, \"INTERNATIONAL_BONDS\": 0.047, \"AUS_TOTAL_MARKET_STOCKS\": 0.1227, \"AUS_SMALL_CAP_VALUE_STOCKS\": 0.0793}", "volatility": 12.8479, "expected_return": 4.6681, "risk": 0.65, "portfolio_set": 1}, "pk": 59}, {"model": "portfolios.portfoliobyrisk", "fields": {"allocations": "{\"GLOBAL_MARKETS_STOCKS\": 0.0594, \"AUS_MUNICIPAL_BONDS\": 0.2409, \"EMERGING_MARKETS_STOCKS\": 0.0125, \"AUS_LARGE_CAP_VALUE_STOCKS\": 0.1032, \"AUS_HIGH_YIELD_STOCKS\": 0.3561, \"US_TOTAL_MARKET_STOCKS\": 0.0377, \"INFLATION_PROTECTED_BONDS\": 0.0121, \"AUS_GOVT_BONDS\": 0.0106, \"AUS_CORPORATE_BONDS\": 0.0226, \"INTERNATIONAL_BONDS\": 0.0322, \"AUS_TOTAL_MARKET_STOCKS\": 0.0377, \"AUS_SMALL_CAP_VALUE_STOCKS\": 0.075}", "volatility": 4.5788, "expected_return": 1.7128, "risk": 0.17, "portfolio_set": 1}, "pk": 60}, {"model": "portfolios.portfoliobyrisk", "fields": {"allocations": "{\"GLOBAL_MARKETS_STOCKS\": 0.3494, \"AUS_MUNICIPAL_BONDS\": 0.0948, \"EMERGING_MARKETS_STOCKS\": 0.0893, \"AUS_LARGE_CAP_VALUE_STOCKS\": 0, \"AUS_HIGH_YIELD_STOCKS\": 0, \"US_TOTAL_MARKET_STOCKS\": 0.1505, \"INFLATION_PROTECTED_BONDS\": 0.0482, \"AUS_GOVT_BONDS\": 0.0421, \"AUS_CORPORATE_BONDS\": 0.0097, \"INTERNATIONAL_BONDS\": 0.0256, \"AUS_TOTAL_MARKET_STOCKS\": 0.1505, \"AUS_SMALL_CAP_VALUE_STOCKS\": 0.0399}", "volatility": 15.407, "expected_return": 5.417, "risk": 0.83, "portfolio_set": 1}, "pk": 61}, {"model": "portfolios.portfoliobyrisk", "fields": {"allocations": "{\"GLOBAL_MARKETS_STOCKS\": 0.0449, \"AUS_MUNICIPAL_BONDS\": 0.2173, \"EMERGING_MARKETS_STOCKS\": 0.0094, \"AUS_LARGE_CAP_VALUE_STOCKS\": 0.1018, \"AUS_HIGH_YIELD_STOCKS\": 0.4368, \"US_TOTAL_MARKET_STOCKS\": 0.0291, \"INFLATION_PROTECTED_BONDS\": 0.0093, \"AUS_GOVT_BONDS\": 0.0082, \"AUS_CORPORATE_BONDS\": 0.0203, \"INTERNATIONAL_BONDS\": 0.0274, \"AUS_TOTAL_MARKET_STOCKS\": 0.0291, \"AUS_SMALL_CAP_VALUE_STOCKS\": 0.0664}", "volatility": 3.7503, "expected_return": 1.3912, "risk": 0.13, "portfolio_set": 1}, "pk": 62}, {"model": "portfolios.portfoliobyrisk", "fields": {"allocations": "{\"GLOBAL_MARKETS_STOCKS\": 0.2954, \"AUS_MUNICIPAL_BONDS\": 0.1786, \"EMERGING_MARKETS_STOCKS\": 0.0618, \"AUS_LARGE_CAP_VALUE_STOCKS\": 0, \"AUS_HIGH_YIELD_STOCKS\": 0, \"US_TOTAL_MARKET_STOCKS\": 0.128, \"INFLATION_PROTECTED_BONDS\": 0.041, \"AUS_GOVT_BONDS\": 0.0358, \"AUS_CORPORATE_BONDS\": 0.0178, \"INTERNATIONAL_BONDS\": 0.0428, \"AUS_TOTAL_MARKET_STOCKS\": 0.128, \"AUS_SMALL_CAP_VALUE_STOCKS\": 0.0708}", "volatility": 13.4118, "expected_return": 4.837, "risk": 0.69, "portfolio_set": 1}, "pk": 63}, {"model": "portfolios.portfoliobyrisk", "fields": {"allocations": "{\"GLOBAL_MARKETS_STOCKS\": 0.3711, \"AUS_MUNICIPAL_BONDS\": 0.0605, \"EMERGING_MARKETS_STOCKS\": 0.1027, \"AUS_LARGE_CAP_VALUE_STOCKS\": 0, \"AUS_HIGH_YIELD_STOCKS\": 0, \"US_TOTAL_MARKET_STOCKS\": 0.1601, \"INFLATION_PROTECTED_BONDS\": 0.0512, \"AUS_GOVT_BONDS\": 0.0448, \"AUS_CORPORATE_BONDS\": 0.0062, \"INTERNATIONAL_BONDS\": 0.0172, \"AUS_TOTAL_MARKET_STOCKS\": 0.1601, \"AUS_SMALL_CAP_VALUE_STOCKS\": 0.0261}", "volatility": 16.2734, "expected_return": 5.6588, "risk": 0.89, "portfolio_set": 1}, "pk": 64}, {"model": "portfolios.portfoliobyrisk", "fields": {"allocations": "{\"GLOBAL_MARKETS_STOCKS\": 0.2524, \"AUS_MUNICIPAL_BONDS\": 0.2289, \"EMERGING_MARKETS_STOCKS\": 0.0529, \"AUS_LARGE_CAP_VALUE_STOCKS\": 0, \"AUS_HIGH_YIELD_STOCKS\": 0, \"US_TOTAL_MARKET_STOCKS\": 0.1172, \"INFLATION_PROTECTED_BONDS\": 0.0375, \"AUS_GOVT_BONDS\": 0.0328, \"AUS_CORPORATE_BONDS\": 0.0226, \"INTERNATIONAL_BONDS\": 0.0509, \"AUS_TOTAL_MARKET_STOCKS\": 0.1172, \"AUS_SMALL_CAP_VALUE_STOCKS\": 0.0876}", "volatility": 12.2902, "expected_return": 4.4971, "risk": 0.61, "portfolio_set": 1}, "pk": 65}, {"model": "portfolios.portfoliobyrisk", "fields": {"allocations": "{\"GLOBAL_MARKETS_STOCKS\": 0.0377, \"AUS_MUNICIPAL_BONDS\": 0.2034, \"EMERGING_MARKETS_STOCKS\": 0.0079, \"AUS_LARGE_CAP_VALUE_STOCKS\": 0.0993, \"AUS_HIGH_YIELD_STOCKS\": 0.482, \"US_TOTAL_MARKET_STOCKS\": 0.0248, \"INFLATION_PROTECTED_BONDS\": 0.0079, \"AUS_GOVT_BONDS\": 0.0069, \"AUS_CORPORATE_BONDS\": 0.019, \"INTERNATIONAL_BONDS\": 0.0248, \"AUS_TOTAL_MARKET_STOCKS\": 0.0248, \"AUS_SMALL_CAP_VALUE_STOCKS\": 0.0615}", "volatility": 3.3273, "expected_return": 1.2256, "risk": 0.11, "portfolio_set": 1}, "pk": 66}, {"model": "portfolios.portfoliobyrisk", "fields": {"allocations": "{\"GLOBAL_MARKETS_STOCKS\": 0.0862, \"AUS_MUNICIPAL_BONDS\": 0.2732, \"EMERGING_MARKETS_STOCKS\": 0.018, \"AUS_LARGE_CAP_VALUE_STOCKS\": 0.0978, \"AUS_HIGH_YIELD_STOCKS\": 0.2349, \"US_TOTAL_MARKET_STOCKS\": 0.0522, \"INFLATION_PROTECTED_BONDS\": 0.0167, \"AUS_GOVT_BONDS\": 0.0147, \"AUS_CORPORATE_BONDS\": 0.0258, \"INTERNATIONAL_BONDS\": 0.0402, \"AUS_TOTAL_MARKET_STOCKS\": 0.0522, \"AUS_SMALL_CAP_VALUE_STOCKS\": 0.0881}", "volatility": 5.9971, "expected_return": 2.2553, "risk": 0.24, "portfolio_set": 1}, "pk": 67}, {"model": "portfolios.portfoliobyrisk", "fields": {"allocations": "{\"GLOBAL_MARKETS_STOCKS\": 0.1266, \"AUS_MUNICIPAL_BONDS\": 0.3076, \"EMERGING_MARKETS_STOCKS\": 0.0265, \"AUS_LARGE_CAP_VALUE_STOCKS\": 0.0783, \"AUS_HIGH_YIELD_STOCKS\": 0.0894, \"US_TOTAL_MARKET_STOCKS\": 0.0719, \"INFLATION_PROTECTED_BONDS\": 0.023, \"AUS_GOVT_BONDS\": 0.0201, \"AUS_CORPORATE_BONDS\": 0.0294, \"INTERNATIONAL_BONDS\": 0.0513, \"AUS_TOTAL_MARKET_STOCKS\": 0.0719, \"AUS_SMALL_CAP_VALUE_STOCKS\": 0.104}", "volatility": 7.9942, "expected_return": 3.0046, "risk": 0.34, "portfolio_set": 1}, "pk": 68}, {"model": "portfolios.portfoliobyrisk", "fields": {"allocations": "{\"GLOBAL_MARKETS_STOCKS\": 0.2075, \"AUS_MUNICIPAL_BONDS\": 0.2773, \"EMERGING_MARKETS_STOCKS\": 0.0434, \"AUS_LARGE_CAP_VALUE_STOCKS\": 0.0173, \"AUS_HIGH_YIELD_STOCKS\": 0, \"US_TOTAL_MARKET_STOCKS\": 0.1035, \"INFLATION_PROTECTED_BONDS\": 0.0331, \"AUS_GOVT_BONDS\": 0.029, \"AUS_CORPORATE_BONDS\": 0.0271, \"INTERNATIONAL_BONDS\": 0.0564, \"AUS_TOTAL_MARKET_STOCKS\": 0.1035, \"AUS_SMALL_CAP_VALUE_STOCKS\": 0.1019}", "volatility": 10.9938, "expected_return": 4.0766, "risk": 0.52, "portfolio_set": 1}, "pk": 69}, {"model": "portfolios.portfoliobyrisk", "fields": {"allocations": "{\"GLOBAL_MARKETS_STOCKS\": 0.2421, \"AUS_MUNICIPAL_BONDS\": 0.2418, \"EMERGING_MARKETS_STOCKS\": 0.0507, \"AUS_LARGE_CAP_VALUE_STOCKS\": 0, \"AUS_HIGH_YIELD_STOCKS\": 0, \"US_TOTAL_MARKET_STOCKS\": 0.1143, \"INFLATION_PROTECTED_BONDS\": 0.0366, \"AUS_GOVT_BONDS\": 0.032, \"AUS_CORPORATE_BONDS\": 0.0238, \"INTERNATIONAL_BONDS\": 0.0527, \"AUS_TOTAL_MARKET_STOCKS\": 0.1143, \"AUS_SMALL_CAP_VALUE_STOCKS\": 0.0917}", "volatility": 12.0138, "expected_return": 4.4108, "risk": 0.59, "portfolio_set": 1}, "pk": 70}, {"model": "portfolios.portfoliobyrisk", "fields": {"allocations": "{\"GLOBAL_MARKETS_STOCKS\": 0.3348, \"AUS_MUNICIPAL_BONDS\": 0.1182, \"EMERGING_MARKETS_STOCKS\": 0.0807, \"AUS_LARGE_CAP_VALUE_STOCKS\": 0, \"AUS_HIGH_YIELD_STOCKS\": 0, \"US_TOTAL_MARKET_STOCKS\": 0.144, \"INFLATION_PROTECTED_BONDS\": 0.0461, \"AUS_GOVT_BONDS\": 0.0404, \"AUS_CORPORATE_BONDS\": 0.0119, \"INTERNATIONAL_BONDS\": 0.0309, \"AUS_TOTAL_MARKET_STOCKS\": 0.144, \"AUS_SMALL_CAP_VALUE_STOCKS\": 0.049}", "volatility": 14.8329, "expected_return": 5.2535, "risk": 0.79, "portfolio_set": 1}, "pk": 71}, {"model": "portfolios.portfoliobyrisk", "fields": {"allocations": "{\"GLOBAL_MARKETS_STOCKS\": 0.1393, \"AUS_MUNICIPAL_BONDS\": 0.3161, \"EMERGING_MARKETS_STOCKS\": 0.0292, \"AUS_LARGE_CAP_VALUE_STOCKS\": 0.0705, \"AUS_HIGH_YIELD_STOCKS\": 0.05, \"US_TOTAL_MARKET_STOCKS\": 0.0775, \"INFLATION_PROTECTED_BONDS\": 0.0248, \"AUS_GOVT_BONDS\": 0.0217, \"AUS_CORPORATE_BONDS\": 0.0304, \"INTERNATIONAL_BONDS\": 0.0546, \"AUS_TOTAL_MARKET_STOCKS\": 0.0775, \"AUS_SMALL_CAP_VALUE_STOCKS\": 0.1084}", "volatility": 8.5909, "expected_return": 3.2255, "risk": 0.37, "portfolio_set": 1}, "pk": 72}, {"model": "portfolios.portfoliobyrisk", "fields": {"allocations": "{\"GLOBAL_MARKETS_STOCKS\": 0.2222, \"AUS_MUNICIPAL_BONDS\": 0.2632, \"EMERGING_MARKETS_STOCKS\": 0.0465, \"AUS_LARGE_CAP_VALUE_STOCKS\": 0.0077, \"AUS_HIGH_YIELD_STOCKS\": 0, \"US_TOTAL_MARKET_STOCKS\": 0.1082, \"INFLATION_PROTECTED_BONDS\": 0.0346, \"AUS_GOVT_BONDS\": 0.0303, \"AUS_CORPORATE_BONDS\": 0.0258, \"INTERNATIONAL_BONDS\": 0.0552, \"AUS_TOTAL_MARKET_STOCKS\": 0.1082, \"AUS_SMALL_CAP_VALUE_STOCKS\": 0.0981}", "volatility": 11.4365, "expected_return": 4.2239, "risk": 0.55, "portfolio_set": 1}, "pk": 73}, {"model": "portfolios.portfoliobyrisk", "fields": {"allocations": "{\"GLOBAL_MARKETS_STOCKS\": 0.2271, \"AUS_MUNICIPAL_BONDS\": 0.2584, \"EMERGING_MARKETS_STOCKS\": 0.0475, \"AUS_LARGE_CAP_VALUE_STOCKS\": 0.0048, \"AUS_HIGH_YIELD_STOCKS\": 0, \"US_TOTAL_MARKET_STOCKS\": 0.1097, \"INFLATION_PROTECTED_BONDS\": 0.0351, \"AUS_GOVT_BONDS\": 0.0309, \"AUS_CORPORATE_BONDS\": 0.0254, \"INTERNATIONAL_BONDS\": 0.0547, \"AUS_TOTAL_MARKET_STOCKS\": 0.1097, \"AUS_SMALL_CAP_VALUE_STOCKS\": 0.0967}", "volatility": 11.5843, "expected_return": 4.2725, "risk": 0.56, "portfolio_set": 1}, "pk": 74}, {"model": "portfolios.portfoliobyrisk", "fields": {"allocations": "{\"GLOBAL_MARKETS_STOCKS\": 0.0202, \"AUS_MUNICIPAL_BONDS\": 0.1583, \"EMERGING_MARKETS_STOCKS\": 0.0042, \"AUS_LARGE_CAP_VALUE_STOCKS\": 0.0851, \"AUS_HIGH_YIELD_STOCKS\": 0.6175, \"US_TOTAL_MARKET_STOCKS\": 0.0137, \"INFLATION_PROTECTED_BONDS\": 0.0044, \"AUS_GOVT_BONDS\": 0.0038, \"AUS_CORPORATE_BONDS\": 0.0146, \"INTERNATIONAL_BONDS\": 0.0178, \"AUS_TOTAL_MARKET_STOCKS\": 0.0137, \"AUS_SMALL_CAP_VALUE_STOCKS\": 0.0467}", "volatility": 2.2202, "expected_return": 0.7871, "risk": 0.06, "portfolio_set": 1}, "pk": 75}, {"model": "portfolios.portfoliobyrisk", "fields": {"allocations": "{\"GLOBAL_MARKETS_STOCKS\": 0.0708, \"AUS_MUNICIPAL_BONDS\": 0.2559, \"EMERGING_MARKETS_STOCKS\": 0.0148, \"AUS_LARGE_CAP_VALUE_STOCKS\": 0.1019, \"AUS_HIGH_YIELD_STOCKS\": 0.3016, \"US_TOTAL_MARKET_STOCKS\": 0.044, \"INFLATION_PROTECTED_BONDS\": 0.0141, \"AUS_GOVT_BONDS\": 0.0123, \"AUS_CORPORATE_BONDS\": 0.0241, \"INTERNATIONAL_BONDS\": 0.0356, \"AUS_TOTAL_MARKET_STOCKS\": 0.044, \"AUS_SMALL_CAP_VALUE_STOCKS\": 0.0809}", "volatility": 5.1901, "expected_return": 1.9478, "risk": 0.2, "portfolio_set": 1}, "pk": 76}, {"model": "portfolios.portfoliobyrisk", "fields": {"allocations": "{\"GLOBAL_MARKETS_STOCKS\": 0.3747, \"AUS_MUNICIPAL_BONDS\": 0.0549, \"EMERGING_MARKETS_STOCKS\": 0.1051, \"AUS_LARGE_CAP_VALUE_STOCKS\": 0, \"AUS_HIGH_YIELD_STOCKS\": 0, \"US_TOTAL_MARKET_STOCKS\": 0.1616, \"INFLATION_PROTECTED_BONDS\": 0.0517, \"AUS_GOVT_BONDS\": 0.0453, \"AUS_CORPORATE_BONDS\": 0.0056, \"INTERNATIONAL_BONDS\": 0.0157, \"AUS_TOTAL_MARKET_STOCKS\": 0.1616, \"AUS_SMALL_CAP_VALUE_STOCKS\": 0.0238}", "volatility": 16.4183, "expected_return": 5.6987, "risk": 0.9, "portfolio_set": 1}, "pk": 77}, {"model": "portfolios.portfoliobyrisk", "fields": {"allocations": "{\"GLOBAL_MARKETS_STOCKS\": 0.301, \"AUS_MUNICIPAL_BONDS\": 0.1724, \"EMERGING_MARKETS_STOCKS\": 0.063, \"AUS_LARGE_CAP_VALUE_STOCKS\": 0, \"AUS_HIGH_YIELD_STOCKS\": 0, \"US_TOTAL_MARKET_STOCKS\": 0.1292, \"INFLATION_PROTECTED_BONDS\": 0.0414, \"AUS_GOVT_BONDS\": 0.0362, \"AUS_CORPORATE_BONDS\": 0.0172, \"INTERNATIONAL_BONDS\": 0.0417, \"AUS_TOTAL_MARKET_STOCKS\": 0.1292, \"AUS_SMALL_CAP_VALUE_STOCKS\": 0.0687}", "volatility": 13.5537, "expected_return": 4.8788, "risk": 0.7, "portfolio_set": 1}, "pk": 78}, {"model": "portfolios.portfoliobyrisk", "fields": {"allocations": "{\"GLOBAL_MARKETS_STOCKS\": 0.3783, \"AUS_MUNICIPAL_BONDS\": 0.0492, \"EMERGING_MARKETS_STOCKS\": 0.1074, \"AUS_LARGE_CAP_VALUE_STOCKS\": 0, \"AUS_HIGH_YIELD_STOCKS\": 0, \"US_TOTAL_MARKET_STOCKS\": 0.1632, \"INFLATION_PROTECTED_BONDS\": 0.0522, \"AUS_GOVT_BONDS\": 0.0457, \"AUS_CORPORATE_BONDS\": 0.0051, \"INTERNATIONAL_BONDS\": 0.0142, \"AUS_TOTAL_MARKET_STOCKS\": 0.1632, \"AUS_SMALL_CAP_VALUE_STOCKS\": 0.0215}", "volatility": 16.5634, "expected_return": 5.7385, "risk": 0.91, "portfolio_set": 1}, "pk": 79}, {"model": "portfolios.portfoliobyrisk", "fields": {"allocations": "{\"GLOBAL_MARKETS_STOCKS\": 0.3889, \"AUS_MUNICIPAL_BONDS\": 0.0326, \"EMERGING_MARKETS_STOCKS\": 0.1146, \"AUS_LARGE_CAP_VALUE_STOCKS\": 0, \"AUS_HIGH_YIELD_STOCKS\": 0, \"US_TOTAL_MARKET_STOCKS\": 0.1679, \"INFLATION_PROTECTED_BONDS\": 0.0537, \"AUS_GOVT_BONDS\": 0.047, \"AUS_CORPORATE_BONDS\": 0.0034, \"INTERNATIONAL_BONDS\": 0.0096, \"AUS_TOTAL_MARKET_STOCKS\": 0.1679, \"AUS_SMALL_CAP_VALUE_STOCKS\": 0.0144}", "volatility": 16.9995, "expected_return": 5.8572, "risk": 0.94, "portfolio_set": 1}, "pk": 80}, {"model": "portfolios.portfoliobyrisk", "fields": {"allocations": "{\"GLOBAL_MARKETS_STOCKS\": 0.1142, \"AUS_MUNICIPAL_BONDS\": 0.2983, \"EMERGING_MARKETS_STOCKS\": 0.0239, \"AUS_LARGE_CAP_VALUE_STOCKS\": 0.0853, \"AUS_HIGH_YIELD_STOCKS\": 0.1305, \"US_TOTAL_MARKET_STOCKS\": 0.0661, \"INFLATION_PROTECTED_BONDS\": 0.0212, \"AUS_GOVT_BONDS\": 0.0185, \"AUS_CORPORATE_BONDS\": 0.0284, \"INTERNATIONAL_BONDS\": 0.048, \"AUS_TOTAL_MARKET_STOCKS\": 0.0661, \"AUS_SMALL_CAP_VALUE_STOCKS\": 0.0995}", "volatility": 7.3969, "expected_return": 2.7821, "risk": 0.31, "portfolio_set": 1}, "pk": 81}, {"model": "portfolios.portfoliobyrisk", "fields": {"allocations": "{\"GLOBAL_MARKETS_STOCKS\": 0.4063, \"AUS_MUNICIPAL_BONDS\": 0.0054, \"EMERGING_MARKETS_STOCKS\": 0.127, \"AUS_LARGE_CAP_VALUE_STOCKS\": 0, \"AUS_HIGH_YIELD_STOCKS\": 0, \"US_TOTAL_MARKET_STOCKS\": 0.1756, \"INFLATION_PROTECTED_BONDS\": 0.0562, \"AUS_GOVT_BONDS\": 0.0493, \"AUS_CORPORATE_BONDS\": 0.0006, \"INTERNATIONAL_BONDS\": 0.0016, \"AUS_TOTAL_MARKET_STOCKS\": 0.1756, \"AUS_SMALL_CAP_VALUE_STOCKS\": 0.0024}", "volatility": 17.7286, "expected_return": 6.0529, "risk": 0.99, "portfolio_set": 1}, "pk": 82}, {"model": "portfolios.portfoliobyrisk", "fields": {"allocations": "{\"GLOBAL_MARKETS_STOCKS\": 0.0341, \"AUS_MUNICIPAL_BONDS\": 0.1957, \"EMERGING_MARKETS_STOCKS\": 0.0072, \"AUS_LARGE_CAP_VALUE_STOCKS\": 0.0975, \"AUS_HIGH_YIELD_STOCKS\": 0.5061, \"US_TOTAL_MARKET_STOCKS\": 0.0226, \"INFLATION_PROTECTED_BONDS\": 0.0072, \"AUS_GOVT_BONDS\": 0.0063, \"AUS_CORPORATE_BONDS\": 0.0183, \"INTERNATIONAL_BONDS\": 0.0235, \"AUS_TOTAL_MARKET_STOCKS\": 0.0226, \"AUS_SMALL_CAP_VALUE_STOCKS\": 0.0589}", "volatility": 3.1127, "expected_return": 1.1411, "risk": 0.1, "portfolio_set": 1}, "pk": 83}, {"model": "portfolios.portfoliobyrisk", "fields": {"allocations": "{\"GLOBAL_MARKETS_STOCKS\": 0.3161, \"AUS_MUNICIPAL_BONDS\": 0.148, \"EMERGING_MARKETS_STOCKS\": 0.0706, \"AUS_LARGE_CAP_VALUE_STOCKS\": 0, \"AUS_HIGH_YIELD_STOCKS\": 0, \"US_TOTAL_MARKET_STOCKS\": 0.1359, \"INFLATION_PROTECTED_BONDS\": 0.0435, \"AUS_GOVT_BONDS\": 0.038, \"AUS_CORPORATE_BONDS\": 0.0149, \"INTERNATIONAL_BONDS\": 0.0371, \"AUS_TOTAL_MARKET_STOCKS\": 0.1359, \"AUS_SMALL_CAP_VALUE_STOCKS\": 0.06}", "volatility": 14.1198, "expected_return": 5.0465, "risk": 0.74, "portfolio_set": 1}, "pk": 84}, {"model": "portfolios.portfoliobyrisk", "fields": {"allocations": "{\"GLOBAL_MARKETS_STOCKS\": 0.2844, \"AUS_MUNICIPAL_BONDS\": 0.191, \"EMERGING_MARKETS_STOCKS\": 0.0595, \"AUS_LARGE_CAP_VALUE_STOCKS\": 0, \"AUS_HIGH_YIELD_STOCKS\": 0, \"US_TOTAL_MARKET_STOCKS\": 0.1254, \"INFLATION_PROTECTED_BONDS\": 0.0401, \"AUS_GOVT_BONDS\": 0.0352, \"AUS_CORPORATE_BONDS\": 0.019, \"INTERNATIONAL_BONDS\": 0.0449, \"AUS_TOTAL_MARKET_STOCKS\": 0.1254, \"AUS_SMALL_CAP_VALUE_STOCKS\": 0.0751}", "volatility": 13.1291, "expected_return": 4.7528, "risk": 0.67, "portfolio_set": 1}, "pk": 85}, {"model": "portfolios.portfoliobyrisk", "fields": {"allocations": "{\"GLOBAL_MARKETS_STOCKS\": 0.198, \"AUS_MUNICIPAL_BONDS\": 0.2865, \"EMERGING_MARKETS_STOCKS\": 0.0414, \"AUS_LARGE_CAP_VALUE_STOCKS\": 0.0241, \"AUS_HIGH_YIELD_STOCKS\": 0, \"US_TOTAL_MARKET_STOCKS\": 0.1002, \"INFLATION_PROTECTED_BONDS\": 0.0321, \"AUS_GOVT_BONDS\": 0.0281, \"AUS_CORPORATE_BONDS\": 0.0279, \"INTERNATIONAL_BONDS\": 0.0571, \"AUS_TOTAL_MARKET_STOCKS\": 0.1002, \"AUS_SMALL_CAP_VALUE_STOCKS\": 0.1044}", "volatility": 10.6994, "expected_return": 3.9771, "risk": 0.5, "portfolio_set": 1}, "pk": 86}, {"model": "portfolios.portfoliobyrisk", "fields": {"allocations": "{\"GLOBAL_MARKETS_STOCKS\": 0.1019, \"AUS_MUNICIPAL_BONDS\": 0.2883, \"EMERGING_MARKETS_STOCKS\": 0.0213, \"AUS_LARGE_CAP_VALUE_STOCKS\": 0.0913, \"AUS_HIGH_YIELD_STOCKS\": 0.1736, \"US_TOTAL_MARKET_STOCKS\": 0.0603, \"INFLATION_PROTECTED_BONDS\": 0.0193, \"AUS_GOVT_BONDS\": 0.0169, \"AUS_CORPORATE_BONDS\": 0.0275, \"INTERNATIONAL_BONDS\": 0.0446, \"AUS_TOTAL_MARKET_STOCKS\": 0.0603, \"AUS_SMALL_CAP_VALUE_STOCKS\": 0.0947}", "volatility": 6.7983, "expected_return": 2.5579, "risk": 0.28, "portfolio_set": 1}, "pk": 87}, {"model": "portfolios.portfoliobyrisk", "fields": {"allocations": "{\"GLOBAL_MARKETS_STOCKS\": 0.3236, \"AUS_MUNICIPAL_BONDS\": 0.136, \"EMERGING_MARKETS_STOCKS\": 0.0746, \"AUS_LARGE_CAP_VALUE_STOCKS\": 0, \"AUS_HIGH_YIELD_STOCKS\": 0, \"US_TOTAL_MARKET_STOCKS\": 0.1391, \"INFLATION_PROTECTED_BONDS\": 0.0445, \"AUS_GOVT_BONDS\": 0.0391, \"AUS_CORPORATE_BONDS\": 0.0137, \"INTERNATIONAL_BONDS\": 0.0347, \"AUS_TOTAL_MARKET_STOCKS\": 0.1391, \"AUS_SMALL_CAP_VALUE_STOCKS\": 0.0556}", "volatility": 14.4044, "expected_return": 5.1297, "risk": 0.76, "portfolio_set": 1}, "pk": 88}, {"model": "portfolios.portfoliobyrisk", "fields": {"allocations": "{\"GLOBAL_MARKETS_STOCKS\": 0.2577, \"AUS_MUNICIPAL_BONDS\": 0.2225, \"EMERGING_MARKETS_STOCKS\": 0.0539, \"AUS_LARGE_CAP_VALUE_STOCKS\": 0, \"AUS_HIGH_YIELD_STOCKS\": 0, \"US_TOTAL_MARKET_STOCKS\": 0.1186, \"INFLATION_PROTECTED_BONDS\": 0.0379, \"AUS_GOVT_BONDS\": 0.0333, \"AUS_CORPORATE_BONDS\": 0.0221, \"INTERNATIONAL_BONDS\": 0.0499, \"AUS_TOTAL_MARKET_STOCKS\": 0.1186, \"AUS_SMALL_CAP_VALUE_STOCKS\": 0.0855}", "volatility": 12.429, "expected_return": 4.5401, "risk": 0.62, "portfolio_set": 1}, "pk": 89}, {"model": "portfolios.portfoliobyrisk", "fields": {"allocations": "{\"GLOBAL_MARKETS_STOCKS\": 0.3924, \"AUS_MUNICIPAL_BONDS\": 0.0271, \"EMERGING_MARKETS_STOCKS\": 0.117, \"AUS_LARGE_CAP_VALUE_STOCKS\": 0, \"AUS_HIGH_YIELD_STOCKS\": 0, \"US_TOTAL_MARKET_STOCKS\": 0.1695, \"INFLATION_PROTECTED_BONDS\": 0.0542, \"AUS_GOVT_BONDS\": 0.0474, \"AUS_CORPORATE_BONDS\": 0.0028, \"INTERNATIONAL_BONDS\": 0.0081, \"AUS_TOTAL_MARKET_STOCKS\": 0.1695, \"AUS_SMALL_CAP_VALUE_STOCKS\": 0.012}", "volatility": 17.145, "expected_return": 5.8966, "risk": 0.95, "portfolio_set": 1}, "pk": 90}, {"model": "portfolios.portfoliobyrisk", "fields": {"allocations": "{\"GLOBAL_MARKETS_STOCKS\": 0.3124, \"AUS_MUNICIPAL_BONDS\": 0.1541, \"EMERGING_MARKETS_STOCKS\": 0.0687, \"AUS_LARGE_CAP_VALUE_STOCKS\": 0, \"AUS_HIGH_YIELD_STOCKS\": 0, \"US_TOTAL_MARKET_STOCKS\": 0.1342, \"INFLATION_PROTECTED_BONDS\": 0.0429, \"AUS_GOVT_BONDS\": 0.0376, \"AUS_CORPORATE_BONDS\": 0.0155, \"INTERNATIONAL_BONDS\": 0.0382, \"AUS_TOTAL_MARKET_STOCKS\": 0.1342, \"AUS_SMALL_CAP_VALUE_STOCKS\": 0.0622}", "volatility": 13.9779, "expected_return": 5.0048, "risk": 0.73, "portfolio_set": 1}, "pk": 91}, {"model": "portfolios.portfoliobyrisk", "fields": {"allocations": "{\"GLOBAL_MARKETS_STOCKS\": 0.4029, \"AUS_MUNICIPAL_BONDS\": 0.0108, \"EMERGING_MARKETS_STOCKS\": 0.1245, \"AUS_LARGE_CAP_VALUE_STOCKS\": 0, \"AUS_HIGH_YIELD_STOCKS\": 0, \"US_TOTAL_MARKET_STOCKS\": 0.1741, \"INFLATION_PROTECTED_BONDS\": 0.0557, \"AUS_GOVT_BONDS\": 0.0487, \"AUS_CORPORATE_BONDS\": 0.0011, \"INTERNATIONAL_BONDS\": 0.0033, \"AUS_TOTAL_MARKET_STOCKS\": 0.1741, \"AUS_SMALL_CAP_VALUE_STOCKS\": 0.0048}", "volatility": 17.5825, "expected_return": 6.014, "risk": 0.98, "portfolio_set": 1}, "pk": 92}, {"model": "portfolios.portfoliobyrisk", "fields": {"allocations": "{\"GLOBAL_MARKETS_STOCKS\": 0.0413, \"AUS_MUNICIPAL_BONDS\": 0.2106, \"EMERGING_MARKETS_STOCKS\": 0.0086, \"AUS_LARGE_CAP_VALUE_STOCKS\": 0.1007, \"AUS_HIGH_YIELD_STOCKS\": 0.459, \"US_TOTAL_MARKET_STOCKS\": 0.0269, \"INFLATION_PROTECTED_BONDS\": 0.0086, \"AUS_GOVT_BONDS\": 0.0077, \"AUS_CORPORATE_BONDS\": 0.0196, \"INTERNATIONAL_BONDS\": 0.0261, \"AUS_TOTAL_MARKET_STOCKS\": 0.0269, \"AUS_SMALL_CAP_VALUE_STOCKS\": 0.064}", "volatility": 3.5398, "expected_return": 1.3089, "risk": 0.12, "portfolio_set": 1}, "pk": 93}, {"model": "portfolios.portfoliobyrisk", "fields": {"allocations": "{\"GLOBAL_MARKETS_STOCKS\": 0.0168, \"AUS_MUNICIPAL_BONDS\": 0.1464, \"EMERGING_MARKETS_STOCKS\": 0.0035, \"AUS_LARGE_CAP_VALUE_STOCKS\": 0.0801, \"AUS_HIGH_YIELD_STOCKS\": 0.6508, \"US_TOTAL_MARKET_STOCKS\": 0.0114, \"INFLATION_PROTECTED_BONDS\": 0.0037, \"AUS_GOVT_BONDS\": 0.0032, \"AUS_CORPORATE_BONDS\": 0.0136, \"INTERNATIONAL_BONDS\": 0.0162, \"AUS_TOTAL_MARKET_STOCKS\": 0.0114, \"AUS_SMALL_CAP_VALUE_STOCKS\": 0.0429}", "volatility": 1.9837, "expected_return": 0.6925, "risk": 0.05, "portfolio_set": 1}, "pk": 94}, {"model": "portfolios.portfoliobyrisk", "fields": {"allocations": "{\"GLOBAL_MARKETS_STOCKS\": 0.1612, \"AUS_MUNICIPAL_BONDS\": 0.3221, \"EMERGING_MARKETS_STOCKS\": 0.0337, \"AUS_LARGE_CAP_VALUE_STOCKS\": 0.0548, \"AUS_HIGH_YIELD_STOCKS\": 0, \"US_TOTAL_MARKET_STOCKS\": 0.0866, \"INFLATION_PROTECTED_BONDS\": 0.0277, \"AUS_GOVT_BONDS\": 0.0242, \"AUS_CORPORATE_BONDS\": 0.0311, \"INTERNATIONAL_BONDS\": 0.0589, \"AUS_TOTAL_MARKET_STOCKS\": 0.0866, \"AUS_SMALL_CAP_VALUE_STOCKS\": 0.1131}", "volatility": 9.5308, "expected_return": 3.5699, "risk": 0.42, "portfolio_set": 1}, "pk": 95}, {"model": "portfolios.portfoliobyrisk", "fields": {"allocations": "{\"GLOBAL_MARKETS_STOCKS\": 0.279, \"AUS_MUNICIPAL_BONDS\": 0.1973, \"EMERGING_MARKETS_STOCKS\": 0.0584, \"AUS_LARGE_CAP_VALUE_STOCKS\": 0, \"AUS_HIGH_YIELD_STOCKS\": 0, \"US_TOTAL_MARKET_STOCKS\": 0.1241, \"INFLATION_PROTECTED_BONDS\": 0.0397, \"AUS_GOVT_BONDS\": 0.0347, \"AUS_CORPORATE_BONDS\": 0.0196, \"INTERNATIONAL_BONDS\": 0.0459, \"AUS_TOTAL_MARKET_STOCKS\": 0.1241, \"AUS_SMALL_CAP_VALUE_STOCKS\": 0.0772}", "volatility": 12.9883, "expected_return": 4.7105, "risk": 0.66, "portfolio_set": 1}, "pk": 96}, {"model": "portfolios.portfoliobyrisk", "fields": {"allocations": "{\"GLOBAL_MARKETS_STOCKS\": 0.098, \"AUS_MUNICIPAL_BONDS\": 0.2848, \"EMERGING_MARKETS_STOCKS\": 0.0205, \"AUS_LARGE_CAP_VALUE_STOCKS\": 0.0931, \"AUS_HIGH_YIELD_STOCKS\": 0.1885, \"US_TOTAL_MARKET_STOCKS\": 0.0583, \"INFLATION_PROTECTED_BONDS\": 0.0186, \"AUS_GOVT_BONDS\": 0.0163, \"AUS_CORPORATE_BONDS\": 0.027, \"INTERNATIONAL_BONDS\": 0.0435, \"AUS_TOTAL_MARKET_STOCKS\": 0.0583, \"AUS_SMALL_CAP_VALUE_STOCKS\": 0.0931}", "volatility": 6.5984, "expected_return": 2.4826, "risk": 0.27, "portfolio_set": 1}, "pk": 97}, {"model": "portfolios.portfoliobyrisk", "fields": {"allocations": "{\"GLOBAL_MARKETS_STOCKS\": 0.3047, \"AUS_MUNICIPAL_BONDS\": 0.1663, \"EMERGING_MARKETS_STOCKS\": 0.0649, \"AUS_LARGE_CAP_VALUE_STOCKS\": 0, \"AUS_HIGH_YIELD_STOCKS\": 0, \"US_TOTAL_MARKET_STOCKS\": 0.1309, \"INFLATION_PROTECTED_BONDS\": 0.0419, \"AUS_GOVT_BONDS\": 0.0367, \"AUS_CORPORATE_BONDS\": 0.0167, \"INTERNATIONAL_BONDS\": 0.0405, \"AUS_TOTAL_MARKET_STOCKS\": 0.1309, \"AUS_SMALL_CAP_VALUE_STOCKS\": 0.0665}", "volatility": 13.6948, "expected_return": 4.921, "risk": 0.71, "portfolio_set": 1}, "pk": 98}, {"model": "portfolios.portfoliobyrisk", "fields": {"allocations": "{\"GLOBAL_MARKETS_STOCKS\": 0.3603, \"AUS_MUNICIPAL_BONDS\": 0.0775, \"EMERGING_MARKETS_STOCKS\": 0.0959, \"AUS_LARGE_CAP_VALUE_STOCKS\": 0, \"AUS_HIGH_YIELD_STOCKS\": 0, \"US_TOTAL_MARKET_STOCKS\": 0.1553, \"INFLATION_PROTECTED_BONDS\": 0.0497, \"AUS_GOVT_BONDS\": 0.0435, \"AUS_CORPORATE_BONDS\": 0.0079, \"INTERNATIONAL_BONDS\": 0.0215, \"AUS_TOTAL_MARKET_STOCKS\": 0.1553, \"AUS_SMALL_CAP_VALUE_STOCKS\": 0.0331}", "volatility": 15.8395, "expected_return": 5.5384, "risk": 0.86, "portfolio_set": 1}, "pk": 99}, {"model": "portfolios.portfoliobyrisk", "fields": {"allocations": "{\"GLOBAL_MARKETS_STOCKS\": 0.0557, \"AUS_MUNICIPAL_BONDS\": 0.2354, \"EMERGING_MARKETS_STOCKS\": 0.0117, \"AUS_LARGE_CAP_VALUE_STOCKS\": 0.1033, \"AUS_HIGH_YIELD_STOCKS\": 0.3753, \"US_TOTAL_MARKET_STOCKS\": 0.0356, \"INFLATION_PROTECTED_BONDS\": 0.0114, \"AUS_GOVT_BONDS\": 0.01, \"AUS_CORPORATE_BONDS\": 0.022, \"INTERNATIONAL_BONDS\": 0.031, \"AUS_TOTAL_MARKET_STOCKS\": 0.0356, \"AUS_SMALL_CAP_VALUE_STOCKS\": 0.073}", "volatility": 4.3734, "expected_return": 1.6334, "risk": 0.16, "portfolio_set": 1}, "pk": 100}, {"model": "portfolios.portfoliobyrisk", "fields": {"allocations": "{\"GLOBAL_MARKETS_STOCKS\": 0.263, \"AUS_MUNICIPAL_BONDS\": 0.2161, \"EMERGING_MARKETS_STOCKS\": 0.055, \"AUS_LARGE_CAP_VALUE_STOCKS\": 0, \"AUS_HIGH_YIELD_STOCKS\": 0, \"US_TOTAL_MARKET_STOCKS\": 0.12, \"INFLATION_PROTECTED_BONDS\": 0.0384, \"AUS_GOVT_BONDS\": 0.0336, \"AUS_CORPORATE_BONDS\": 0.0214, \"INTERNATIONAL_BONDS\": 0.049, \"AUS_TOTAL_MARKET_STOCKS\": 0.12, \"AUS_SMALL_CAP_VALUE_STOCKS\": 0.0835}", "volatility": 12.5682, "expected_return": 4.5829, "risk": 0.63, "portfolio_set": 1}, "pk": 101}]