[{"model": "main.user", "pk": 1, "fields": {"username": "criloz", "is_superuser": true, "user_permissions": [], "last_login": "2015-09-14T08:55:43.935Z", "is_staff": true, "email": "criscalovis@gmail.com", "first_name": "cristian", "middle_name": "", "is_active": true, "password": "pbkdf2_sha256$20000$UWhfnhzn9qYn$624ImfWoaOkkqloUAU3xcyOMwwEHdtU42j1gIWZ/CDQ=", "groups": [], "last_name": "lozano", "date_joined": "2015-08-31T22:52:32.864Z"}}, {"model": "main.user", "pk": 2, "fields": {"username": "", "is_superuser": false, "user_permissions": [], "last_login": "2015-09-02T10:58:00.493Z", "is_staff": false, "email": "criscalovis@hotmail.com", "first_name": "Alberto", "middle_name": "N", "is_active": true, "password": "pbkdf2_sha256$20000$s4CrKBiiuwAr$0x90N7nE0qJC8pFEmUi+Ah+0nQvh/qov26PQv7ZiOqc=", "groups": [], "last_name": "Santos", "date_joined": "2015-09-02T10:45:08.785Z"}}, {"model": "main.user", "pk": 3, "fields": {"username": "", "is_superuser": false, "user_permissions": [], "last_login": "2015-09-14T14:03:14.421Z", "is_staff": false, "email": "advisor@example.org", "first_name": "demo", "middle_name": "", "is_active": true, "password": "pbkdf2_sha256$20000$s4CrKBiiuwAr$0x90N7nE0qJC8pFEmUi+Ah+0nQvh/qov26PQv7ZiOqc=", "groups": [], "last_name": "advisor", "date_joined": "2015-09-02T15:08:53Z"}}, {"model": "main.user", "pk": 4, "fields": {"username": "", "is_superuser": false, "user_permissions": [], "last_login": "2015-09-13T13:20:06.919Z", "is_staff": false, "email": "20825@example.com", "first_name": "Rhonda", "middle_name": "", "is_active": true, "password": "", "groups": [], "last_name": "Pearlman", "date_joined": "2015-09-02T18:07:41Z"}}, {"model": "main.user", "pk": 5, "fields": {"username": "", "is_superuser": false, "user_permissions": [], "last_login": null, "is_staff": false, "email": "6587@demo.org", "first_name": "John", "middle_name": "", "is_active": true, "password": "", "groups": [], "last_name": "Adams", "date_joined": "2015-09-03T03:43:15Z"}}, {"model": "main.user", "pk": 6, "fields": {"username": "", "is_superuser": false, "user_permissions": [], "last_login": "2015-09-14T14:41:55.147Z", "is_staff": false, "email": "obama@demo.org", "first_name": "Barack", "middle_name": "", "is_active": true, "password": "", "groups": [], "last_name": "Obama", "date_joined": "2015-09-03T11:16:36Z"}}, {"model": "main.user", "pk": 7, "fields": {"username": "", "is_superuser": false, "user_permissions": [], "last_login": "2015-09-06T22:54:43.610Z", "is_staff": false, "email": "advisor2@example.org", "first_name": "advisor 2", "middle_name": "", "is_active": true, "password": "pbkdf2_sha256$20000$s4CrKBiiuwAr$0x90N7nE0qJC8pFEmUi+Ah+0nQvh/qov26PQv7ZiOqc=", "groups": [], "last_name": "demo", "date_joined": "2015-09-04T08:10:59Z"}}, {"model": "main.user", "pk": 8, "fields": {"username": "", "is_superuser": false, "user_permissions": [], "last_login": null, "is_staff": false, "email": "advisor3@example.org", "first_name": "advisor 3", "middle_name": "", "is_active": true, "password": "", "groups": [], "last_name": "demo", "date_joined": "2015-09-04T08:21:43Z"}}, {"model": "main.user", "pk": 9, "fields": {"username": "", "is_superuser": false, "user_permissions": [], "last_login": null, "is_staff": false, "email": "admin@demo.com", "first_name": "admin", "middle_name": "", "is_active": true, "password": "pbkdf2_sha256$20000$33u3rIEY1z7M$tGR1g3rnnc2fO1xzMl1Q5uHkuwQ5DKH2sY6b8VEWpyk=", "groups": [], "last_name": "demo", "date_joined": "2015-09-07T07:29:19Z"}}, {"model": "main.firm", "pk": 1, "fields": {"form_adv_part2_url": "", "knocked_out_logo_url": "./MSA_Logo.png", "logo_url": "", "dealer_group_number": "", "name": "Cristian Advisors", "slug": "cristian-advisors", "fee": 0, "client_agreement_url": "./pgadmin_yxCqN9n.log", "token": "7b5e7cae-951d-4a43-aa37-7fbef39b0656"}}, {"model": "main.firm", "pk": 2, "fields": {"form_adv_part2_url": "", "knocked_out_logo_url": "", "logo_url": "", "dealer_group_number": "", "name": "Bancolombia", "slug": "bancolombia", "fee": 0, "client_agreement_url": "", "token": "c4305001-dab3-4185-9def-32aca6e99e2c"}}, {"model": "main.firmdata", "pk": 1, "fields": {"office_address_line_2": "sadfsdsdf", "postal_address_line_1": "Kr 55 No 5-41", "fee_bank_account_bsb_number": "sdfsd", "daytime_phone_number": "2365896574", "postal_address_line_2": "lokjlk", "office_city": "Medellin", "australian_business_number": "dsfsdfsdfsdfsd", "firm": 2, "fee_bank_account_name": "Cristian Lozano", "afsl_asic": "546546446", "afsl_asic_document": "./Compa\u00f1\u00eda_de_Financiamiento_Tuya_S_ix37QXO.pdf", "fax_number": "2365896574", "office_address_line_1": "Kr 55 No 5-41", "fee_bank_account_branch_name": "54545", "fee_bank_account_number": "54164164", "mobile_phone_number": "2365896574", "office_state": "NSW", "fee_bank_account_holder_name": "fsdfdsfsdfds", "postal_post_code": "2512", "postal_city": "Medellin", "last_change": "2015-09-01", "postal_state": "NSW", "alternate_email_address": "criscalovis@gmail.com", "office_post_code": "4454", "same_address": false}}, {"model": "main.advisor", "pk": 1, "fields": {"is_confirmed": true, "address_line_1": "Kr 55 No 5-41", "is_accepted": true, "security_question_2": "What is your oldest sibling's birth month?", "state": "NT", "security_answer_2": "ccc", "medicare_number": "121646a", "security_question_1": "What was the name of your elementary school?", "phone_number": "1234567891", "address_line_2": "", "user": 3, "confirmation_key": null, "gender": "Male", "letter_of_authority": "./Change-of-Dealer-Group-form.pdf", "security_answer_1": "aaa", "city": "Secret", "firm": 1, "betasmartz_agreement": true, "token": "12d8b193-0835-40b9-baa5-01f9a668b434", "date_of_birth": "1987-10-15", "post_code": "1259"}}, {"model": "main.advisor", "pk": 2, "fields": {"is_confirmed": true, "address_line_1": "WXYZ", "is_accepted": true, "security_question_2": "What is your oldest sibling's birth month?", "state": "NSW", "security_answer_2": "hoho", "medicare_number": "2583694", "security_question_1": "What was the name of your elementary school?", "phone_number": "4582356871", "address_line_2": "PLDE", "user": 7, "confirmation_key": null, "gender": "Male", "letter_of_authority": "./pgadmin_ggskSUU.log", "security_answer_1": "hoho", "city": "Ft. lorenzo", "firm": 1, "betasmartz_agreement": true, "token": null, "date_of_birth": "1957-09-04", "post_code": "3658"}}, {"model": "main.advisor", "pk": 3, "fields": {"is_confirmed": true, "address_line_1": "lkj", "is_accepted": false, "security_question_2": "In what city did your mother and father meet?", "state": "NT", "security_answer_2": "mmmm", "medicare_number": "55454596", "security_question_1": "What was the name of your favorite childhood friend?", "phone_number": "3214569875", "address_line_2": "bng", "user": 8, "confirmation_key": null, "gender": "Male", "letter_of_authority": "./pgadmin_gnUq2VU.log", "security_answer_1": "mmmm", "city": "jjj", "firm": 1, "betasmartz_agreement": true, "token": null, "date_of_birth": "1975-09-04", "post_code": "2569"}}, {"model": "main.accountgroup", "pk": 7, "fields": {"name": "new household", "advisor": 1, "secondary_advisors": []}}, {"model": "main.accountgroup", "pk": 8, "fields": {"name": "Rhonda Pearlman edition", "advisor": 1, "secondary_advisors": []}}, {"model": "main.clientaccount", "pk": 5, "fields": {"account_type": "1", "account_group": 8, "primary_owner": 1, "created_at": "2015-09-04T10:57:57.210Z", "custom_fee": 0}}, {"model": "main.clientaccount", "pk": 6, "fields": {"account_type": "PERSONAL", "account_group": 7, "primary_owner": 3, "created_at": "2015-09-04T10:57:57.210Z", "custom_fee": 33}}, {"model": "main.client", "pk": 1, "fields": {"address_line_1": "Kr 55 No 5-41", "security_answer_2": "ccc", "client_agreement": "./pgadmin.log", "ten_percent_insider": false, "associated_to_broker_dealer": false, "phone_number": "9874563248", "address_line_2": "apt 01", "create_date": "2015-09-03T00:00:00Z", "tax_file_number": "656566", "is_confirmed": true, "is_accepted": true, "security_question_2": "What street did you live on in third grade?", "state": "SA", "confirmation_key": null, "security_question_1": "What was the name of your elementary school?", "gender": "Male", "date_of_birth": "1975-09-02", "user": 4, "provide_tfn": 0, "post_code": "1259", "advisor": 1, "security_answer_1": "aaa", "city": "ACK", "secondary_advisors": []}}, {"model": "main.client", "pk": 2, "fields": {"address_line_1": "abc", "security_answer_2": "zxy", "client_agreement": "./Change-of-Dealer-Group-form_byjTfb5.pdf", "ten_percent_insider": false, "associated_to_broker_dealer": false, "phone_number": "6549871236", "address_line_2": "tbd", "create_date": "2015-09-03T00:00:00Z", "tax_file_number": "441513", "is_confirmed": true, "is_accepted": true, "security_question_2": "What street did you live on in third grade?", "state": "NSW", "confirmation_key": null, "security_question_1": "What was the name of your elementary school?", "gender": "Male", "date_of_birth": "1985-09-02", "user": 5, "provide_tfn": 0, "post_code": "8564", "advisor": 1, "security_answer_1": "pld", "city": "aaa", "secondary_advisors": []}}, {"model": "main.client", "pk": 3, "fields": {"address_line_1": "xyz", "security_answer_2": "00330", "client_agreement": "./pgadmin_bsHD0jP.log", "ten_percent_insider": false, "associated_to_broker_dealer": false, "phone_number": "1234567893", "address_line_2": "xwx", "create_date": "2015-09-03T11:18:40.686Z", "tax_file_number": "85755", "is_confirmed": true, "is_accepted": true, "security_question_2": "What street did you live on in third grade?", "state": "SA", "confirmation_key": null, "security_question_1": "What was the name of your favorite childhood friend?", "gender": "Male", "date_of_birth": "1972-09-22", "user": 6, "provide_tfn": 0, "post_code": "6339", "advisor": 1, "security_answer_1": "232323", "city": "aaaa", "secondary_advisors": []}}, {"model": "main.assetclass", "pk": 1, "fields": {"display_name": "Australian Small-Cap Value", "investment_type": "STOCKS", "display_order": 2, "asset_class_explanation": "Australian Small-Cap Value stocks overlap with the Australian Total Stock Market, but are included to tilt the portfolio towards small size companies with generally low price-to-earnings ratios. Value-tilting has historically showed good results, and it in general increases the portfolio's dividend yield.", "foreground_color": "#FFFFFF", "super_asset_class": "EQUITY_AU", "name": "AUS_SMALL_CAP_VALUE_STOCKS", "drift_color": "#B9D0A5", "primary_color": "#50891E", "tickers_explanation": "VSO, ISO, and SSO are highly correlated options to gain Australian Small-Cap Value stock exposure. VSO is our primary choice with its low expenses and large asset base."}}, {"model": "main.assetclass", "pk": 2, "fields": {"display_name": "Australian High Yield Corporate", "investment_type": "STOCKS", "display_order": 3, "asset_class_explanation": "Australian High Yield Stocks overlap with the Australian Total Stock Market, but are included to tilt the portfolio towards companies with higher forecast dividends relative to other companies. Value-tilting has historically showed good results, and generally increases the portfolio's dividend yield.", "foreground_color": "#FFFFFF", "super_asset_class": "EQUITY_AU", "name": "AUS_HIGH_YIELD_STOCKS", "drift_color": "#9ABE9F", "primary_color": "#035D0E", "tickers_explanation": "VHY, RDV, YMAX, SYI, RVL and IHD are all dependable avenues to gain exposure to Australian High Yield Stocks. VHY is our primary choice with its tight bid-ask spread and a low expense ratio."}}, {"model": "main.assetclass", "pk": 3, "fields": {"display_name": "Global Markets", "investment_type": "STOCKS", "display_order": 4, "asset_class_explanation": "Global Markets stocks provide exposure to a diverse set of companies from international developed economies including the US, UK, Europe, Japan, and others, excluding Australia. It reflects global risk/return and has lower correlations to the Australian market.", "foreground_color": "#FFFFFF", "super_asset_class": "EQUITY_INT", "name": "GLOBAL_MARKETS_STOCKS", "drift_color": "#B34D4D", "primary_color": "#AD0000", "tickers_explanation": "VGS and IOO are both dependable avenues to gain exposure to Global Market stocks. VGS is our primary choice with its tight bid-ask spread and a low expense ratio."}}, {"model": "main.assetclass", "pk": 4, "fields": {"display_name": "Australian Government Bonds", "investment_type": "BONDS", "display_order": 13, "asset_class_explanation": "Australian Government Bonds are an extremely low-risk asset class as a cash alternative that generates nominal benefit through interest payments, and de-risks the portfolio at safer allocations.", "foreground_color": "#FFFFFF", "super_asset_class": "FIXED_INCOME_AU", "name": "AUS_GOVT_BONDS", "drift_color": "#EFF7FF", "primary_color": "#D6EBFF", "tickers_explanation": "RGB, GOVT, VGB and IGB offer broad exposure to the Australian Government Bond market. RGB is our primary choice due to its low expense ratio and high liquidity."}}, {"model": "main.assetclass", "pk": 5, "fields": {"display_name": "Australian Corporate Bonds", "investment_type": "BONDS", "display_order": 12, "asset_class_explanation": "Australian Corporate Bonds are issued by corporations to finance business activities. Corporate bonds generally offer much more attractive yields and opportunity for capital appreciation to compensate investors for default risk. They also diversify the fixed-income portfolio, resulting in higher risk-adjusted returns.", "foreground_color": "#FFFFFF", "super_asset_class": "FIXED_INCOME_AU", "name": "AUS_CORPORATE_BONDS", "drift_color": "#B3D7FB", "primary_color": "#409BF6", "tickers_explanation": "BOND, IAF, and RCB provide portfolio exposure to the Australian Corporate Bond market. BOND's tight bid-ask spread and stronger asset base make it our primary choice."}}, {"model": "main.assetclass", "pk": 6, "fields": {"display_name": "Australian Total Stock Market", "investment_type": "STOCKS", "display_order": 0, "asset_class_explanation": "Australian Total Stock Market contains broad exposure to the entire Australian stock market, including growth and value companies of small, mid and large capitalizations. This asset class allows participation in the historically strong long-term growth of the Australian economy.", "foreground_color": "#FFFFFF", "super_asset_class": "EQUITY_AU", "name": "AUS_TOTAL_MARKET_STOCKS", "drift_color": "#E4F5C9", "primary_color": "#BCE577", "tickers_explanation": "VAS, STW, and QOZ all offer exposure to the entire Australian Stock market and are highly correlated. They all have very low expense ratios. VAS has high liquidity and small bid-ask spreads so it is our primary choice."}}, {"model": "main.assetclass", "pk": 7, "fields": {"display_name": "Australian Government Inflation", "investment_type": "BONDS", "display_order": 14, "asset_class_explanation": "Australian Government Inflation includes Australian Government Bonds issued by the Australian Commonwealth Government and Australian State-Governments which are supposed to provide a hedge against inflation. This allocation serves to insulate a part of the portfolio from the depreciating effects of inflation while also having historically relatively low correlation with other asset classes.", "foreground_color": "#FFFFFF", "super_asset_class": "FIXED_INCOME_AU", "name": "INFLATION_PROTECTED_BONDS", "drift_color": "#DEEFFF", "primary_color": "#ADD6FF", "tickers_explanation": "ILB is the only offering to have a broad representation of Australian Government Inflation and has a low expense ratio."}}, {"model": "main.assetclass", "pk": 8, "fields": {"display_name": "International Bonds", "investment_type": "BONDS", "display_order": 16, "asset_class_explanation": "International Bonds are issued by non-Australian developed and emerging market governments, semi-governments and corporates. They have high credit quality and provide interest rate diversification for a bond portfolio, generally resulting in higher risk-adjusted returns.", "foreground_color": "#FFFFFF", "super_asset_class": "FIXED_INCOME_INT", "name": "INTERNATIONAL_BONDS", "drift_color": "#E3CAAA", "primary_color": "#B86200", "tickers_explanation": "RIGS (NYSE) provides exposure to the whole international fixed-income market. It carries a competitive expense ratio and robust asset base."}}, {"model": "main.assetclass", "pk": 9, "fields": {"display_name": "Australian Large-Cap Value", "investment_type": "STOCKS", "display_order": 1, "asset_class_explanation": "Australian Large-Cap Value stocks overlap with the Australian Total Stock Market, but are included to tilt the portfolio toward large size companies with generally low price-to-earnings ratios. Value-tilting has historically showed good performance, and also in general increases the portfolio's dividend yield.", "foreground_color": "#FFFFFF", "super_asset_class": "EQUITY_AU", "name": "AUS_LARGE_CAP_VALUE_STOCKS", "drift_color": "#D5EDC1", "primary_color": "#96D363", "tickers_explanation": "VLC, ILC and SFY all offer broad Australian Large-Cap Value Stock exposure and are highly correlated. VLC and ILC have the lowest expense ratios. VLC is our primary choice due to its high liquidity."}}, {"model": "main.assetclass", "pk": 10, "fields": {"display_name": "Australian Semi-Government Bonds", "investment_type": "BONDS", "display_order": 15, "asset_class_explanation": "Australian Semi-Government Bonds are issue by State Government, State Treasury Corporations and Municipalities to finance capital expenditures. While Semi-Government Bond credit risk is slightly higher than Australian Government Bonds, it is still quite low and makes them an excellent addition to portfolios.", "foreground_color": "#FFFFFF", "super_asset_class": "FIXED_INCOME_AU", "name": "AUS_MUNICIPAL_BONDS", "drift_color": "#DAEDFF", "primary_color": "#8BC5FF", "tickers_explanation": "RSM offers broad exposure to the Australian Semi-Government Bond market. RSM is our primary choice due to its low expense ratio and high liquidity."}}, {"model": "main.assetclass", "pk": 11, "fields": {"display_name": "US Total Stock Market", "investment_type": "STOCKS", "display_order": 5, "asset_class_explanation": "US Total Stock Market contains broad exposure to the entire US stock market, including growth and value companies of small, mid and large capitalizations. This asset class allows participation in the historically strong long-term growth of the US economy.", "foreground_color": "#FFFFFF", "super_asset_class": "EQUITY_US", "name": "US_TOTAL_MARKET_STOCKS", "drift_color": "#B34646", "primary_color": "#870F0F", "tickers_explanation": "VTS, VTI:NY, SCHB:NY, and ITOT:NY all offer exposure to the entire US Stock market and are highly correlated. They all have very low expense ratios. VTS offers exposure in Australian Dollars. It has a very low expense ratio, high liquidity and small bid-ask spreads so it is our primary choice."}}, {"model": "main.assetclass", "pk": 12, "fields": {"display_name": "US Total Bond Market", "investment_type": "BONDS", "display_order": 17, "asset_class_explanation": "US Total Bond Market contains broad exposure to the entire US dollar denominated bonds market, including government and corporate issued bonds that are rated either investment grade or high-yield. Corporate bonds generally offer much more attractive yields and opportunity for capital appreciation to compensate investors for default risk while government bonds are an extremely low-risk asset class as a cash alternative that generates nominal benefit through interest payments.", "foreground_color": "#FFFFFF", "super_asset_class": "FIXED_INCOME_US", "name": "US_TOTAL_MARKET_BONDS", "drift_color": "#DEB78A", "primary_color": "#BD6640", "tickers_explanation": "IUSB:NY provides portfolio exposure to the US dollar-denominated bond market and provides access to potentially higher yielding bond categories not included in a US aggregate bond ETF making it our primary choice."}}, {"model": "main.assetclass", "pk": 13, "fields": {"display_name": "UK Total Stock Market", "investment_type": "STOCKS", "display_order": 6, "asset_class_explanation": "UK Total Stock Market contains broad exposure to the entire UK stock market, including growth and value companies of small, mid and large capitalizations. This asset class allows participation in the historically strong long-term growth of the UK economy.", "foreground_color": "#FFFFFF", "super_asset_class": "EQUITY_UK", "name": "UK_TOTAL_MARKET_STOCKS", "drift_color": "#BF6F6F", "primary_color": "#BF3F3F", "tickers_explanation": "FTAL:L offers exposure to the entire UK Stock market. It has a very low expense ratio, high liquidity and small bid-ask spreads so it is our primary choice."}}, {"model": "main.assetclass", "pk": 14, "fields": {"display_name": "UK Total Bond Market", "investment_type": "BONDS", "display_order": 18, "asset_class_explanation": "UK Total Bond Market contains broad exposure to Sterling denominated investment grade bonds across sectors including industrials, utilities and financial companies. Corporate bonds generally offer much more attractive yields and opportunity for capital appreciation to compensate investors for default risk.", "foreground_color": "#FFFFFF", "super_asset_class": "FIXED_INCOME_UK", "name": "UK_TOTAL_MARKET_BONDS", "drift_color": "#DE9750", "primary_color": "#BF730F", "tickers_explanation": "SLXX:L provides portfolio exposure to Sterling denominated corporate bond market making it our primary choice."}}, {"model": "main.assetclass", "pk": 15, "fields": {"display_name": "Japan Total Stock Market", "investment_type": "STOCKS", "display_order": 7, "asset_class_explanation": "Japan Total Stock Market contains broad exposure to the entire Japanese stock market, including growth and value companies of small, mid and large capitalizations. This asset class allows participation in the historically strong long-term growth of the Japanese economy.", "foreground_color": "#FFFFFF", "super_asset_class": "EQUITY_JAPAN", "name": "JAP_TOTAL_MARKET_STOCKS", "drift_color": "#C25D5D", "primary_color": "#BA2222", "tickers_explanation": "IJP offers exposure to the entire Japanese Stock market. It has a very low expense ratio, high liquidity and small bid-ask spreads so it is our primary choice."}}, {"model": "main.assetclass", "pk": 16, "fields": {"display_name": "Europe Total Stock Markets", "investment_type": "STOCKS", "display_order": 8, "asset_class_explanation": "Europe Total Stock Markets contains broad exposure to the entire European stock markets, including growth and value companies of mid and large capitalizations. This asset class allows participation in the long-term growth of the European economy. ", "foreground_color": "#FFFFFF", "super_asset_class": "EQUITY_EU", "name": "EUR_TOTAL_MARKET_STOCKS", "drift_color": "#C26767", "primary_color": "#B84D49", "tickers_explanation": "IEU offers exposure to the entire European Stock markets. It has a very low expense ratio, high liquidity and small bid-ask spreads so it is our primary choice."}}, {"model": "main.assetclass", "pk": 17, "fields": {"display_name": "Europe Total Bond Markets", "investment_type": "BONDS", "display_order": 19, "asset_class_explanation": "Europe Total Bonds contains broad exposure to the entire Euro denominated investment grade bond market, including government, government-related, corporate and securitised bonds. Corporate bonds generally offer much more attractive yields and opportunity for capital appreciation to compensate investors for default risk while government bonds are an extremely low-risk asset class as a cash alternative that generates nominal benefit through interest payments.", "foreground_color": "#FFFFFF", "super_asset_class": "FIXED_INCOME_EU", "name": "EUR_TOTAL_MARKET_BONDS", "drift_color": "#E09867", "primary_color": "#B06443", "tickers_explanation": "IEAG:L provides portfolio exposure to the Euro denominated bond market making it our primary choice."}}, {"model": "main.assetclass", "pk": 18, "fields": {"display_name": "Asia (Ex Jap) Total Stock Markets", "investment_type": "STOCKS", "display_order": 9, "asset_class_explanation": "Asia ex Japan Stocks contain broad exposure to growth and value companies of mid and large capitalizations in emerging and developed Asian countries (excluding Japan), however it comes with higher risk compared to Australian or International Developed stocks. This asset helps your portfolio to grow with developing nations as they modernise and become wealthier.", "foreground_color": "#FFFFFF", "super_asset_class": "EQUITY_AS", "name": "ASIA_EXJAP_TOTAL_MARKET_STOCKS", "drift_color": "#E89B9B", "primary_color": "#854242", "tickers_explanation": "AAXJ:NY offers Asia ex Japan market stock exposure. AAXJ is our primary choice due to its lower expense ratio and tight bid-ask spread."}}, {"model": "main.assetclass", "pk": 19, "fields": {"display_name": "Asia (Ex Jap) Total Bond Markets", "investment_type": "BONDS", "display_order": 20, "asset_class_explanation": "Asia ex Japan Bonds contains broad exposure to local debt denominated in the currencies of Asia Pacific ex Japan countries including government and corporate issued bonds. Corporate bonds generally offer much more attractive yields and opportunity for capital appreciation to compensate investors for default risk while government bonds are an extremely low-risk asset class as a cash alternative that generates nominal benefit through interest payments.", "foreground_color": "#FFFFFF", "super_asset_class": "FIXED_INCOME_AS", "name": "ASIA_EXJAP_TOTAL_MARKET_BONDS", "drift_color": "#FFA630", "primary_color": "#BA7923", "tickers_explanation": "ALD:NY provides portfolio exposure to the Asia ex Japan bond markets making it our primary choice."}}, {"model": "main.assetclass", "pk": 20, "fields": {"display_name": "China Total Stock Market", "investment_type": "STOCKS", "display_order": 10, "asset_class_explanation": "China Total Stock Market contains broad exposure to the entire Chinese stock market, including growth and value companies of mid and large capitalizations available to international investors and provides higher return potential and diversification, however it comes with higher risk compared to Australian or International Developed stocks. This asset helps your portfolio to grow with developing nations as they modernise and become wealthier.", "foreground_color": "#FFFFFF", "super_asset_class": "EQUITY_INT", "name": "CN_TOTAL_MARKET_STOCKS", "drift_color": "#D6716D", "primary_color": "#9E4F4F", "tickers_explanation": "MCHI:NY offers China market stock exposure. MCHI is our primary choice due to its lower expense ratio and tight bid-ask spread."}}, {"model": "main.assetclass", "pk": 21, "fields": {"display_name": "China Total Bond Market", "investment_type": "BONDS", "display_order": 21, "asset_class_explanation": "China Total Bond Market contains broad exposure to the entire Chinese Renminbi (RMB)-denominated bonds market, including government, agency, supranational and corporate issued bonds. Corporate bonds generally offer much more attractive yields and opportunity for capital appreciation to compensate investors for default risk while government bonds are an extremely low-risk asset class as a cash alternative that generates nominal benefit through interest payments.", "foreground_color": "#FFFFFF", "super_asset_class": "FIXED_INCOME_CN", "name": "CN_TOTAL_MARKET_BONDS", "drift_color": "#FFA66B", "primary_color": "#D97B3D", "tickers_explanation": "DSUM:NY provides portfolio exposure to the RMB-denominated bond market making it our primary choice."}}, {"model": "main.assetclass", "pk": 22, "fields": {"display_name": "Emerging Markets Stocks", "investment_type": "STOCKS", "display_order": 11, "asset_class_explanation": "Emerging Market Stocks provide higher return potential and diversification, however it comes with higher risk compared to Australian or International Developed stocks. This asset helps your portfolio to grow with developing nations as they modernise and become wealthier.", "foreground_color": "#FFFFFF", "super_asset_class": "EQUITY_EM", "name": "EMERGING_MARKETS_STOCKS", "drift_color": "#C25F34", "primary_color": "#9E3529", "tickers_explanation": "VGE:NY, VWO:NY, IEMG:NY, and EEM:NY all offer Emerging Market stock exposure. VGE is our primary choice due to its lower expense ratio and tight bid-ask spread."}}, {"model": "main.assetclass", "pk": 23, "fields": {"display_name": "Emerging Markets Bonds", "investment_type": "BONDS", "display_order": 22, "asset_class_explanation": "Emerging Market Bonds are US dollar-denominated bonds issued by governments with economies that are rapidly growing and industrializing. This asset class is higher risk but also offers a higher expected return than developed markets' bonds or Government Bonds. Their unusually low correlation with other bonds result in higher risk-adjusted performance for the portfolio.", "foreground_color": "#FFFFFF", "super_asset_class": "FIXED_INCOME_EM", "name": "EMERGING_MARKETS_BONDS", "drift_color": "#FFC273", "primary_color": "#FF8138", "tickers_explanation": "EMB:NY, VWOB:NY and PCY:NY provide exposure to Emerging Market Bonds. They are all highly correlated, and EMB is our primary choice due to its lower expense ratio."}}, {"model": "main.ticker", "pk": 1, "fields": {"ordering": 0, "display_name": "Vanguard MSCI Australian Small Companies Index ETF", "description": "Australian Small-Cap Value", "symbol": "VSO", "url": "https://www.vanguardinvestments.com.au/retail/ret/investments/etfdetailVASCIE.jsp", "unit_price": 40.95, "asset_class": 1, "currency": "AUD"}}, {"model": "main.ticker", "pk": 3, "fields": {"ordering": 0, "display_name": "Vanguard Australian Shares High Yield ETF", "description": "Australian High Yield Corporate", "symbol": "VHY", "url": "https://www.vanguardinvestments.com.au/retail/ret/investments/etfdetailVASHYE.jsp", "unit_price": 58.23, "asset_class": 2, "currency": "AUD"}}, {"model": "main.ticker", "pk": 5, "fields": {"ordering": 0, "display_name": "Vanguard MSCI Index International Shares ETF", "description": "Global Markets", "symbol": "VGS", "url": "https://www.vanguardinvestments.com.au/retail/ret/investments/etfdetailVISIFE.jsp", "unit_price": 58.57, "asset_class": 3, "currency": "AUD"}}, {"model": "main.ticker", "pk": 7, "fields": {"ordering": 0, "display_name": "Russell Australian Government Bond ETF", "description": "Australian Government Bonds", "symbol": "RGB", "url": "http://www.russell.com/au/solutions/exchange-traded-funds/data.aspx?id=RAGBETF", "unit_price": 21.38, "asset_class": 4, "currency": "AUD"}}, {"model": "main.ticker", "pk": 8, "fields": {"ordering": 0, "display_name": "SPDR S&P/ASX Australian Bond Fund", "description": "Australian Corporate Bonds", "symbol": "BOND", "url": "https://www.spdrs.com.au/etf/fund/fund_detail_BOND.html", "unit_price": 26.14, "asset_class": 5, "currency": "AUD"}}, {"model": "main.ticker", "pk": 10, "fields": {"ordering": 0, "display_name": "Vanguard Australian Shares Index ETF", "description": "Australian Total Stock Market", "symbol": "VAS", "url": "https://www.vanguardinvestments.com.au/retail/ret/investments/etfdetailVASIFE.jsp", "unit_price": 65.8, "asset_class": 6, "currency": "AUD"}}, {"model": "main.ticker", "pk": 12, "fields": {"ordering": 0, "display_name": "iShares Government Inflation ETF", "description": "Australian Government Inflation", "symbol": "ILB", "url": "https://www.blackrock.com/au/individual/products/251978/ishares-government-inflation-etf", "unit_price": 114.11, "asset_class": 7, "currency": "AUD"}}, {"model": "main.ticker", "pk": 13, "fields": {"ordering": 0, "display_name": "RiverFront Strategic Income Fund ETF", "description": "International Bonds", "symbol": "RIGS", "url": "http://www.alpsfunds.com/overview/RIGS", "unit_price": 34.8461430377968, "asset_class": 8, "currency": "USD"}}, {"model": "main.ticker", "pk": 14, "fields": {"ordering": 0, "display_name": "Vanguard Value ETF", "description": "Australian Large-Cap Value", "symbol": "VLC", "url": "https://www.vanguardinvestments.com.au/retail/ret/investments/etfdetailVALCIE.jsp", "unit_price": 56.93, "asset_class": 9, "currency": "AUD"}}, {"model": "main.ticker", "pk": 16, "fields": {"ordering": 0, "display_name": "Russell Australian Semi-Govt Bd ETF", "description": "Australian Semi-Government Bonds", "symbol": "RSM", "url": "http://www.russell.com/au/solutions/exchange-traded-funds/data.aspx?id=RASGBETF", "unit_price": 20.71, "asset_class": 10, "currency": "AUD"}}, {"model": "main.ticker", "pk": 17, "fields": {"ordering": 0, "display_name": "Vanguard US Total Market Shares Index ETF", "description": "US Total Stock Market", "symbol": "VTS", "url": "https://www.vanguardinvestments.com.au/retail/ret/investments/etfdetailVTS.jsp", "unit_price": 144.2, "asset_class": 11, "currency": "AUD"}}, {"model": "main.ticker", "pk": 18, "fields": {"ordering": 0, "display_name": "iShares Core Total USD Bond Market", "description": "US Total Bond Market", "symbol": "IUSB", "url": "https://www.ishares.com/us/products/264615/ishares-core-total-usd-bond-market-etf", "unit_price": 141.000421525924, "asset_class": 12, "currency": "USD"}}, {"model": "main.ticker", "pk": 19, "fields": {"ordering": 0, "display_name": "SPDR FTSE UK All Share UCITS ETF", "description": "UK Total Stock Market", "symbol": "FTAL", "url": "https://www.spdrseurope.com/product/fund.seam?ticker=SPYF%20GY", "unit_price": 81.136107, "asset_class": 13, "currency": "GBP"}}, {"model": "main.ticker", "pk": 20, "fields": {"ordering": 0, "display_name": "iShares Core \u00a3 Corporate Bond UCITS ETF", "description": "UK Total Bond Market", "symbol": "SLXX", "url": "https://www.ishares.com/uk/individual/en/products/251839/ishares-corporate-bond-ucits-etf", "unit_price": 286.494988, "asset_class": 14, "currency": "GBP"}}, {"model": "main.ticker", "pk": 21, "fields": {"ordering": 0, "display_name": "iShares MSCI Japan ETF", "description": "Japan Total Stock Market", "symbol": "IJP", "url": "https://www.blackrock.com/au/individual/products/273434/ishares-msci-japan-etf", "unit_price": 16.49, "asset_class": 15, "currency": "AUD"}}, {"model": "main.ticker", "pk": 22, "fields": {"ordering": 0, "display_name": "iShares Europe ETF", "description": "Europe Total Stock Markets", "symbol": "IEU", "url": "https://www.blackrock.com/au/individual/products/273427/ishares-europe-etf", "unit_price": 58.75, "asset_class": 16, "currency": "AUD"}}, {"model": "main.ticker", "pk": 23, "fields": {"ordering": 0, "display_name": "iShares Euro Aggregate Bond UCITS ETF", "description": "Europe Total Bond Markets", "symbol": "IEAG", "url": "https://www.ishares.com/uk/individual/en/products/251725/ishares-euro-aggregate-bond-ucits-etf", "unit_price": 258.260574, "asset_class": 17, "currency": "GBP"}}, {"model": "main.ticker", "pk": 24, "fields": {"ordering": 0, "display_name": "iShares MSCI All Country Asia ex Japan", "description": "Asia (Ex Jap) Total Stock Markets", "symbol": "AAXJ", "url": "https://www.ishares.com/us/products/239601/ishares-msci-all-country-asia-ex-japan-etf", "unit_price": 74.9894618519039, "asset_class": 18, "currency": "USD"}}, {"model": "main.ticker", "pk": 25, "fields": {"ordering": 0, "display_name": "WisdomTree Asia Local Debt ETF", "description": "Asia (Ex Jap) Total Bond Markets", "symbol": "ALD", "url": "http://www.wisdomtree.com/etfs/fund-details-fixed-income.aspx?etfid=77", "unit_price": 59.3508500772798, "asset_class": 19, "currency": "USD"}}, {"model": "main.ticker", "pk": 26, "fields": {"ordering": 0, "display_name": "iShares MSCI China ETF", "description": "China Total Stock Market", "symbol": "MCHI", "url": "https://www.ishares.com/us/products/239619/ishares-msci-china-etf", "unit_price": 62.1891246311648, "asset_class": 20, "currency": "USD"}}, {"model": "main.ticker", "pk": 27, "fields": {"ordering": 0, "display_name": "PowerShares Chinese Yuan Dim Sum Bond ETF", "description": "China Total Bond Market", "symbol": "DSUM", "url": "https://www.invesco.com/portal/site/us/investors/etfs/product-detail?productId=DSUM", "unit_price": 32.7525642827034, "asset_class": 21, "currency": "USD"}}, {"model": "main.ticker", "pk": 28, "fields": {"ordering": 0, "display_name": "Vanguard FTSE Emerging Markets Shares ETF", "description": "Emerging Markets Stocks", "symbol": "VGE", "url": "https://www.vanguardinvestments.com.au/retail/ret/investments/etfdetailVGEMSE.jsp", "unit_price": 54.0, "asset_class": 22, "currency": "AUD"}}, {"model": "main.ticker", "pk": 29, "fields": {"ordering": 0, "display_name": "iShares J.P. Morgan USD Emerging Markets Bond", "description": "Emerging Markets Bonds", "symbol": "EMB", "url": "https://www.ishares.com/us/products/239572/ishares-jp-morgan-usd-emerging-markets-bond-etf", "unit_price": 151.496417029647, "asset_class": 23, "currency": "USD"}}, {"model": "main.emailinvitation", "pk": 24, "fields": {"inviter_type": 7, "invitation_type": 1, "send_count": 14, "inviter_id": 2, "email": "criscalovis@yahoo.com", "status": 1, "send_date": "2015-09-01T06:13:25.443Z"}}, {"model": "main.emailinvitation", "pk": 25, "fields": {"inviter_type": 7, "invitation_type": 1, "send_count": 1, "inviter_id": 2, "email": "criscalovis@hotmail.com", "status": 0, "send_date": "2015-09-01T06:19:04.827Z"}}, {"model": "main.emailinvitation", "pk": 26, "fields": {"inviter_type": 7, "invitation_type": 1, "send_count": 1, "inviter_id": 1, "email": "criscalovis@yahoo.com", "status": 0, "send_date": "2015-09-01T08:02:56.351Z"}}, {"model": "main.emailinvitation", "pk": 27, "fields": {"inviter_type": 7, "invitation_type": 1, "send_count": 4, "inviter_id": 1, "email": "criscalovis@gmail.com", "status": 0, "send_date": "2015-09-01T08:16:27.015Z"}}, {"model": "main.emailinvitation", "pk": 28, "fields": {"inviter_type": 7, "invitation_type": 2, "send_count": 2, "inviter_id": 2, "email": "criscalovis@gmail.com", "status": 0, "send_date": "2015-09-01T17:54:28.627Z"}}, {"model": "main.emailinvitation", "pk": 29, "fields": {"inviter_type": 7, "invitation_type": 0, "send_count": 1, "inviter_id": 2, "email": "criscalovis@gmail.com", "status": 0, "send_date": "2015-09-01T17:56:57.539Z"}}, {"model": "main.emailinvitation", "pk": 30, "fields": {"inviter_type": 7, "invitation_type": 1, "send_count": 1, "inviter_id": 1, "email": "criscalovis@hotmail.com", "status": 3, "send_date": "2015-09-02T12:38:40.524Z"}}, {"model": "main.emailinvitation", "pk": 31, "fields": {"inviter_type": 9, "invitation_type": 3, "send_count": 1, "inviter_id": 1, "email": "democlient@demo.com", "status": 0, "send_date": "2015-09-02T17:19:37.373Z"}}, {"model": "main.emailinvitation", "pk": 32, "fields": {"inviter_type": 9, "invitation_type": 3, "send_count": 1, "inviter_id": 1, "email": "criscalovis@hotmail.com", "status": 0, "send_date": "2015-09-02T17:19:47.936Z"}}, {"model": "main.platform", "pk": 1, "fields": {"portfolio_set": 1, "fee": 25, "api": "YAHOO"}}, {"model": "main.goal", "pk": 1, "fields": {"account_type": "INVESTING", "created_date": "2015-09-09T05:54:03.919Z", "allocation": 0.77, "name": "Retirement62", "target": 320000.0, "account": 6, "completion_date": "2032-09-12T12:14:24Z", "type": "RETIREMENT"}}, {"model": "main.goal", "pk": 4, "fields": {"account_type": "INVESTING", "created_date": "2015-09-09T06:09:24.387Z", "allocation": 0.87, "name": "Wealth Protection", "target": 70000.0, "account": 6, "completion_date": "2028-09-13T22:41:25Z", "type": "EDUCATION"}}, {"model": "main.goal", "pk": 9, "fields": {"account_type": "INVESTING", "created_date": "2015-09-11T14:56:59.912Z", "allocation": 0.65, "name": "House Fund", "target": 542000.0, "account": 5, "completion_date": "2027-09-12T22:20:34Z", "type": "HOUSE"}}, {"model": "main.position", "pk": 89, "fields": {"share": 713.0152, "ticker": 5, "goal": 9}}, {"model": "main.position", "pk": 90, "fields": {"share": 79.2103, "ticker": 7, "goal": 9}}, {"model": "main.position", "pk": 91, "fields": {"share": 946.1028, "ticker": 16, "goal": 9}}, {"model": "main.position", "pk": 92, "fields": {"share": 378.0175, "ticker": 8, "goal": 9}}, {"model": "main.position", "pk": 93, "fields": {"share": 290.061, "ticker": 3, "goal": 9}}, {"model": "main.position", "pk": 94, "fields": {"share": 283.4, "ticker": 1, "goal": 9}}, {"model": "main.position", "pk": 95, "fields": {"share": 559.1551, "ticker": 13, "goal": 9}}, {"model": "main.position", "pk": 96, "fields": {"share": 98.5693, "ticker": 10, "goal": 9}}, {"model": "main.position", "pk": 192, "fields": {"share": 474.0377, "ticker": 24, "goal": 1}}, {"model": "main.position", "pk": 193, "fields": {"share": 1331.3566, "ticker": 27, "goal": 1}}, {"model": "main.position", "pk": 194, "fields": {"share": 813.9638, "ticker": 3, "goal": 1}}, {"model": "main.position", "pk": 195, "fields": {"share": -9.95904747558285e-15, "ticker": 13, "goal": 1}}, {"model": "main.position", "pk": 196, "fields": {"share": 3822.8112, "ticker": 21, "goal": 1}}, {"model": "main.position", "pk": 197, "fields": {"share": 9.999999999109e-05, "ticker": 8, "goal": 1}}, {"model": "main.position", "pk": 198, "fields": {"share": 170.125, "ticker": 16, "goal": 4}}, {"model": "main.position", "pk": 199, "fields": {"share": 8.09690000000001, "ticker": 27, "goal": 4}}, {"model": "main.position", "pk": 200, "fields": {"share": 64.6102, "ticker": 3, "goal": 4}}, {"model": "main.position", "pk": 201, "fields": {"share": 347.1898, "ticker": 26, "goal": 4}}, {"model": "main.transaction", "pk": 21, "fields": {"created_date": "2015-09-09T07:22:36.466Z", "amount": 7536.0017706192, "executed_date": "2015-09-12T20:00:31.629Z", "to_account": null, "account": 4, "status": "EXECUTED", "from_account": null, "type": "DEPOSIT"}}, {"model": "main.transaction", "pk": 22, "fields": {"created_date": "2015-09-11T08:53:44.747Z", "amount": 97787.7446913113, "executed_date": "2015-09-12T19:59:22.305Z", "to_account": null, "account": 1, "status": "EXECUTED", "from_account": null, "type": "DEPOSIT"}}, {"model": "main.transaction", "pk": 37, "fields": {"created_date": "2015-09-11T11:43:19.532Z", "amount": 102348.913979792, "executed_date": "2015-09-12T20:08:04.810Z", "to_account": null, "account": 1, "status": "EXECUTED", "from_account": null, "type": "DEPOSIT"}}, {"model": "main.transaction", "pk": 39, "fields": {"created_date": "2015-09-11T12:52:35.108Z", "amount": 300.0, "executed_date": null, "to_account": null, "account": 1, "status": "PENDING", "from_account": null, "type": "DEPOSIT"}}, {"model": "main.transaction", "pk": 40, "fields": {"created_date": "2015-09-11T14:21:31.331Z", "amount": 188.398532499938, "executed_date": "2015-09-14T13:40:28.472Z", "to_account": null, "account": 1, "status": "EXECUTED", "from_account": null, "type": "DEPOSIT"}}, {"model": "main.transaction", "pk": 42, "fields": {"created_date": "2015-09-11T14:57:00.049Z", "amount": 116999.993311333, "executed_date": "2015-09-13T06:56:30.310Z", "to_account": null, "account": 9, "status": "EXECUTED", "from_account": null, "type": "DEPOSIT"}}, {"model": "main.transaction", "pk": 46, "fields": {"created_date": "2015-09-11T18:48:47.581Z", "amount": -5366.2258378463, "executed_date": "2015-09-12T19:45:16.743Z", "to_account": null, "account": 1, "status": "EXECUTED", "from_account": null, "type": "WITHDRAWAL"}}, {"model": "main.transaction", "pk": 48, "fields": {"created_date": "2015-09-12T19:40:22.693Z", "amount": 97993.5507124301, "executed_date": "2015-09-12T19:40:55.905Z", "to_account": null, "account": 1, "status": "EXECUTED", "from_account": null, "type": "DEPOSIT"}}, {"model": "main.transaction", "pk": 49, "fields": {"created_date": "2015-09-12T19:40:55.909Z", "amount": 6033.57296, "executed_date": "2015-09-12T19:40:55.908Z", "to_account": null, "account": 1, "status": "EXECUTED", "from_account": null, "type": "FEE"}}, {"model": "main.transaction", "pk": 50, "fields": {"created_date": "2015-09-12T19:45:16.747Z", "amount": 5666.2258378463, "executed_date": "2015-09-12T19:45:16.746Z", "to_account": null, "account": 1, "status": "EXECUTED", "from_account": null, "type": "FEE"}}, {"model": "main.transaction", "pk": 51, "fields": {"created_date": "2015-09-12T19:59:22.308Z", "amount": 5.8, "executed_date": "2015-09-12T19:59:22.308Z", "to_account": null, "account": 1, "status": "EXECUTED", "from_account": null, "type": "FEE"}}, {"model": "main.transaction", "pk": 52, "fields": {"created_date": "2015-09-12T20:00:31.632Z", "amount": 464.0, "executed_date": "2015-09-12T20:00:31.632Z", "to_account": null, "account": 4, "status": "EXECUTED", "from_account": null, "type": "FEE"}}, {"model": "main.transaction", "pk": 53, "fields": {"created_date": "2015-09-12T20:08:04.813Z", "amount": 280.836, "executed_date": "2015-09-12T20:08:04.813Z", "to_account": null, "account": 1, "status": "EXECUTED", "from_account": null, "type": "FEE"}}, {"model": "main.transaction", "pk": 57, "fields": {"created_date": "2015-09-12T20:14:42.163Z", "amount": 12049.7674820916, "executed_date": "2015-09-12T20:16:36.532Z", "to_account": null, "account": 1, "status": "EXECUTED", "from_account": null, "type": "WITHDRAWAL"}}, {"model": "main.transaction", "pk": 58, "fields": {"created_date": "2015-09-12T20:16:36.536Z", "amount": 4950.23251790838, "executed_date": "2015-09-12T20:16:36.536Z", "to_account": null, "account": 1, "status": "EXECUTED", "from_account": null, "type": "FEE"}}, {"model": "main.transaction", "pk": 59, "fields": {"created_date": "2015-09-12T20:18:26.623Z", "amount": 339.767212146849, "executed_date": "2015-09-12T20:19:07.930Z", "to_account": null, "account": 1, "status": "EXECUTED", "from_account": null, "type": "WITHDRAWAL"}}, {"model": "main.transaction", "pk": 60, "fields": {"created_date": "2015-09-12T20:19:07.935Z", "amount": 4660.23278785315, "executed_date": "2015-09-12T20:19:07.934Z", "to_account": null, "account": 1, "status": "EXECUTED", "from_account": null, "type": "FEE"}}, {"model": "main.transaction", "pk": 61, "fields": {"created_date": "2015-09-12T20:21:57.270Z", "amount": 123684.598185881, "executed_date": "2015-09-12T20:27:26.046Z", "to_account": null, "account": 1, "status": "EXECUTED", "from_account": null, "type": "WITHDRAWAL"}}, {"model": "main.transaction", "pk": 62, "fields": {"created_date": "2015-09-12T20:26:09.794Z", "amount": 141299.995097151, "executed_date": "2015-09-12T20:26:34.782Z", "to_account": null, "account": 1, "status": "EXECUTED", "from_account": null, "type": "DEPOSIT"}}, {"model": "main.transaction", "pk": 63, "fields": {"created_date": "2015-09-12T20:26:34.785Z", "amount": 8700.0, "executed_date": "2015-09-12T20:26:34.785Z", "to_account": null, "account": 1, "status": "EXECUTED", "from_account": null, "type": "FEE"}}, {"model": "main.transaction", "pk": 64, "fields": {"created_date": "2015-09-12T20:27:26.051Z", "amount": 7615.39988830266, "executed_date": "2015-09-12T20:27:26.051Z", "to_account": null, "account": 1, "status": "EXECUTED", "from_account": null, "type": "FEE"}}, {"model": "main.transaction", "pk": 65, "fields": {"created_date": "2015-09-13T06:56:30.321Z", "amount": 3000.0, "executed_date": "2015-09-13T06:56:30.321Z", "to_account": null, "account": 9, "status": "EXECUTED", "from_account": null, "type": "FEE"}}, {"model": "main.transaction", "pk": 66, "fields": {"created_date": "2015-09-13T06:59:18.544Z", "amount": -4710.00470660627, "executed_date": "2015-09-13T06:59:43.770Z", "to_account": null, "account": 1, "status": "EXECUTED", "from_account": null, "type": "WITHDRAWAL"}}, {"model": "main.transaction", "pk": 67, "fields": {"created_date": "2015-09-13T06:59:43.776Z", "amount": -290.000289791044, "executed_date": "2015-09-13T06:59:43.775Z", "to_account": null, "account": 1, "status": "EXECUTED", "from_account": null, "type": "FEE"}}, {"model": "main.transaction", "pk": 68, "fields": {"created_date": "2015-09-13T07:03:19.383Z", "amount": 32969.9968810524, "executed_date": "2015-09-13T07:03:45.192Z", "to_account": null, "account": 1, "status": "EXECUTED", "from_account": null, "type": "WITHDRAWAL"}}, {"model": "main.transaction", "pk": 69, "fields": {"created_date": "2015-09-13T07:03:45.196Z", "amount": 2029.99980796289, "executed_date": "2015-09-13T07:03:45.196Z", "to_account": null, "account": 1, "status": "EXECUTED", "from_account": null, "type": "FEE"}}, {"model": "main.transaction", "pk": 70, "fields": {"created_date": "2015-09-13T07:05:20.463Z", "amount": 0.86, "executed_date": "2015-09-13T07:40:08.624Z", "to_account": null, "account": 1, "status": "EXECUTED", "from_account": null, "type": "ALLOCATION"}}, {"model": "main.transaction", "pk": 71, "fields": {"created_date": "2015-09-13T07:40:08.631Z", "amount": 0.0, "executed_date": "2015-09-13T07:40:08.630Z", "to_account": null, "account": 1, "status": "EXECUTED", "from_account": null, "type": "FEE"}}, {"model": "main.transaction", "pk": 72, "fields": {"created_date": "2015-09-13T07:40:56.535Z", "amount": 0.23, "executed_date": "2015-09-13T07:43:28.788Z", "to_account": null, "account": 4, "status": "EXECUTED", "from_account": null, "type": "ALLOCATION"}}, {"model": "main.transaction", "pk": 73, "fields": {"created_date": "2015-09-13T13:14:24.473Z", "amount": 106446.000357779, "executed_date": "2015-09-13T13:15:56.760Z", "to_account": null, "account": 1, "status": "EXECUTED", "from_account": null, "type": "DEPOSIT"}}, {"model": "main.transaction", "pk": 75, "fields": {"created_date": "2015-09-13T13:15:56.763Z", "amount": 6554.0, "executed_date": "2015-09-13T13:15:56.763Z", "to_account": null, "account": 1, "status": "EXECUTED", "from_account": null, "type": "FEE"}}, {"model": "main.transaction", "pk": 76, "fields": {"created_date": "2015-09-13T13:17:11.407Z", "amount": 0.75, "executed_date": "2015-09-13T13:17:52.952Z", "to_account": null, "account": 1, "status": "EXECUTED", "from_account": null, "type": "ALLOCATION"}}, {"model": "main.transaction", "pk": 77, "fields": {"created_date": "2015-09-13T13:24:46.253Z", "amount": 0.32, "executed_date": "2015-09-13T13:25:44.027Z", "to_account": null, "account": 4, "status": "EXECUTED", "from_account": null, "type": "ALLOCATION"}}, {"model": "main.transaction", "pk": 78, "fields": {"created_date": "2015-09-13T14:02:16.889Z", "amount": 0.58, "executed_date": "2015-09-14T10:42:52.581Z", "to_account": null, "account": 1, "status": "EXECUTED", "from_account": null, "type": "ALLOCATION"}}, {"model": "main.transaction", "pk": 82, "fields": {"created_date": "2015-09-14T13:22:56.679Z", "amount": 20037.1336221617, "executed_date": "2015-09-14T13:31:52.530Z", "to_account": null, "account": 4, "status": "EXECUTED", "from_account": null, "type": "DEPOSIT"}}, {"model": "main.transaction", "pk": 83, "fields": {"created_date": "2015-09-14T13:23:42.384Z", "amount": 0.4, "executed_date": "2015-09-14T13:31:43.971Z", "to_account": null, "account": 4, "status": "EXECUTED", "from_account": null, "type": "ALLOCATION"}}, {"model": "main.transaction", "pk": 84, "fields": {"created_date": "2015-09-14T13:24:32.138Z", "amount": 66690.2592197298, "executed_date": "2015-09-14T13:31:34.057Z", "to_account": null, "account": 1, "status": "EXECUTED", "from_account": null, "type": "DEPOSIT"}}, {"model": "main.transaction", "pk": 86, "fields": {"created_date": "2015-09-14T13:25:08.584Z", "amount": 0.77, "executed_date": "2015-09-14T13:31:14.594Z", "to_account": null, "account": 1, "status": "EXECUTED", "from_account": null, "type": "ALLOCATION"}}, {"model": "main.transaction", "pk": 87, "fields": {"created_date": "2015-09-14T13:31:34.061Z", "amount": 4106.1941, "executed_date": "2015-09-14T13:31:34.061Z", "to_account": null, "account": 1, "status": "EXECUTED", "from_account": null, "type": "FEE"}}, {"model": "main.transaction", "pk": 88, "fields": {"created_date": "2015-09-14T13:31:52.533Z", "amount": 1233.70872, "executed_date": "2015-09-14T13:31:52.533Z", "to_account": null, "account": 4, "status": "EXECUTED", "from_account": null, "type": "FEE"}}, {"model": "main.transaction", "pk": 89, "fields": {"created_date": "2015-09-14T13:33:31.204Z", "amount": 7536.00435902513, "executed_date": "2015-09-14T13:40:18.688Z", "to_account": null, "account": 1, "status": "EXECUTED", "from_account": null, "type": "DEPOSIT"}}, {"model": "main.transaction", "pk": 90, "fields": {"created_date": "2015-09-14T13:33:55.730Z", "amount": 1046.5556531648, "executed_date": "2015-09-14T13:40:13.208Z", "to_account": null, "account": 1, "status": "EXECUTED", "from_account": null, "type": "DEPOSIT"}}, {"model": "main.transaction", "pk": 91, "fields": {"created_date": "2015-09-14T13:34:20.550Z", "amount": 4281.3876279979, "executed_date": "2015-09-14T13:40:07.671Z", "to_account": null, "account": 1, "status": "EXECUTED", "from_account": null, "type": "DEPOSIT"}}, {"model": "main.transaction", "pk": 92, "fields": {"created_date": "2015-09-14T13:39:08.397Z", "amount": 512.445522847687, "executed_date": "2015-09-14T13:40:02.439Z", "to_account": null, "account": 4, "status": "EXECUTED", "from_account": null, "type": "DEPOSIT"}}, {"model": "main.transaction", "pk": 93, "fields": {"created_date": "2015-09-14T13:39:36.895Z", "amount": 172.199149657019, "executed_date": "2015-09-14T13:39:55.570Z", "to_account": null, "account": 4, "status": "EXECUTED", "from_account": null, "type": "DEPOSIT"}}, {"model": "main.transaction", "pk": 94, "fields": {"created_date": "2015-09-14T13:39:55.574Z", "amount": 10.6024, "executed_date": "2015-09-14T13:39:55.574Z", "to_account": null, "account": 4, "status": "EXECUTED", "from_account": null, "type": "FEE"}}, {"model": "main.transaction", "pk": 95, "fields": {"created_date": "2015-09-14T13:40:02.443Z", "amount": 31.552, "executed_date": "2015-09-14T13:40:02.442Z", "to_account": null, "account": 4, "status": "EXECUTED", "from_account": null, "type": "FEE"}}, {"model": "main.transaction", "pk": 96, "fields": {"created_date": "2015-09-14T13:40:07.675Z", "amount": 263.61, "executed_date": "2015-09-14T13:40:07.674Z", "to_account": null, "account": 1, "status": "EXECUTED", "from_account": null, "type": "FEE"}}, {"model": "main.transaction", "pk": 97, "fields": {"created_date": "2015-09-14T13:40:13.211Z", "amount": 64.438, "executed_date": "2015-09-14T13:40:13.211Z", "to_account": null, "account": 1, "status": "EXECUTED", "from_account": null, "type": "FEE"}}, {"model": "main.transaction", "pk": 98, "fields": {"created_date": "2015-09-14T13:40:18.692Z", "amount": 464.0, "executed_date": "2015-09-14T13:40:18.691Z", "to_account": null, "account": 1, "status": "EXECUTED", "from_account": null, "type": "FEE"}}, {"model": "main.transaction", "pk": 99, "fields": {"created_date": "2015-09-14T13:40:28.475Z", "amount": 11.6, "executed_date": "2015-09-14T13:40:28.475Z", "to_account": null, "account": 1, "status": "EXECUTED", "from_account": null, "type": "FEE"}}, {"model": "main.transaction", "pk": 100, "fields": {"created_date": "2015-09-14T13:41:25.897Z", "amount": 0.87, "executed_date": "2015-09-14T13:41:55.682Z", "to_account": null, "account": 4, "status": "EXECUTED", "from_account": null, "type": "ALLOCATION"}}, {"model": "main.transactionmemo", "pk": 5, "fields": {"transaction": 46, "comment": "jjjjh", "transaction_type": "WITHDRAWAL", "category": "unspecified"}}, {"model": "main.transactionmemo", "pk": 6, "fields": {"transaction": 78, "comment": "", "transaction_type": "ALLOCATION_CHANGE", "category": "unspecified"}}, {"model": "main.transactionmemo", "pk": 7, "fields": {"transaction": 86, "comment": "", "transaction_type": "ALLOCATION_CHANGE", "category": "unspecified"}}, {"model": "main.automaticdeposit", "pk": 1, "fields": {"transaction_date_time_2": "2015-09-21T08:00:00Z", "amount": 77.28, "enabled": true, "frequency": "TWICE_A_MONTH", "last_plan_change": "2015-09-14T13:33:13.162Z", "account": 1, "created_at": "2015-09-11T13:46:06.170Z", "transaction_date_time_1": "2015-09-07T08:00:00Z"}}, {"model": "main.automaticdeposit", "pk": 3, "fields": {"transaction_date_time_2": null, "amount": 834.76, "enabled": true, "frequency": "MONTHLY", "last_plan_change": "2015-09-11T14:57:33.808Z", "account": 9, "created_at": "2015-09-11T14:57:33.808Z", "transaction_date_time_1": "2015-09-15T14:00:00Z"}}, {"model": "main.automaticdeposit", "pk": 4, "fields": {"transaction_date_time_2": null, "amount": 181.91, "enabled": true, "frequency": "MONTHLY", "last_plan_change": "2015-09-14T13:41:25.915Z", "account": 4, "created_at": "2015-09-11T14:59:10.391Z", "transaction_date_time_1": "2015-09-25T12:00:00Z"}}, {"model": "portfolios.portfolioset", "pk": 1, "fields": {"asset_classes": [1, 2, 3, 5, 7, 6, 4, 8, 10, 15, 20, 12, 18, 16, 17, 19, 9, 11, 13, 22, 23, 21, 14], "name": "default", "risk_free_rate": 0.025, "tau": 0.07}}, {"model": "portfolios.portfoliobyrisk", "pk": 7541, "fields": {"portfolio_set": 1, "allocations": "{\"UK_TOTAL_MARKET_BONDS\": 0.0, \"CN_TOTAL_MARKET_BONDS\": 0.75, \"AUS_SMALL_CAP_VALUE_STOCKS\": 0.0, \"ASIA_EXJAP_TOTAL_MARKET_BONDS\": 0.0, \"US_TOTAL_MARKET_STOCKS\": 0.0, \"JAP_TOTAL_MARKET_STOCKS\": 0.0, \"ASIA_EXJAP_TOTAL_MARKET_STOCKS\": 0.0, \"EMERGING_MARKETS_BONDS\": 0.0, \"EUR_TOTAL_MARKET_BONDS\": 0.0, \"INTERNATIONAL_BONDS\": 0.0, \"UK_TOTAL_MARKET_STOCKS\": 0.0, \"GLOBAL_MARKETS_STOCKS\": 0.0, \"US_TOTAL_MARKET_BONDS\": 0.0, \"AUS_HIGH_YIELD_STOCKS\": 0.0, \"AUS_MUNICIPAL_BONDS\": 0.25, \"INFLATION_PROTECTED_BONDS\": 0.0, \"AUS_LARGE_CAP_VALUE_STOCKS\": 0.0, \"AUS_GOVT_BONDS\": 0.0, \"EUR_TOTAL_MARKET_STOCKS\": 0.0, \"AUS_CORPORATE_BONDS\": 0.0, \"CN_TOTAL_MARKET_STOCKS\": 0.0, \"EMERGING_MARKETS_STOCKS\": 0.0, \"AUS_TOTAL_MARKET_STOCKS\": 0.0}", "volatility": 6.0187, "risk": 0.0, "expected_return": -7.3}}, {"model": "portfolios.portfoliobyrisk", "pk": 7542, "fields": {"portfolio_set": 1, "allocations": "{\"UK_TOTAL_MARKET_BONDS\": 0.75, \"CN_TOTAL_MARKET_BONDS\": 0.0, \"AUS_SMALL_CAP_VALUE_STOCKS\": 0.0, \"ASIA_EXJAP_TOTAL_MARKET_BONDS\": 0.0, \"US_TOTAL_MARKET_STOCKS\": 0.0, \"JAP_TOTAL_MARKET_STOCKS\": 0.0, \"ASIA_EXJAP_TOTAL_MARKET_STOCKS\": 0.0, \"EMERGING_MARKETS_BONDS\": 0.0, \"EUR_TOTAL_MARKET_BONDS\": 0.0, \"INTERNATIONAL_BONDS\": 0.0, \"UK_TOTAL_MARKET_STOCKS\": 0.0, \"GLOBAL_MARKETS_STOCKS\": 0.0, \"US_TOTAL_MARKET_BONDS\": 0.0, \"AUS_HIGH_YIELD_STOCKS\": 0.0, \"AUS_MUNICIPAL_BONDS\": 0.0, \"INFLATION_PROTECTED_BONDS\": 0.0, \"AUS_LARGE_CAP_VALUE_STOCKS\": 0.01, \"AUS_GOVT_BONDS\": 0.0, \"EUR_TOTAL_MARKET_STOCKS\": 0.0, \"AUS_CORPORATE_BONDS\": 0.24, \"CN_TOTAL_MARKET_STOCKS\": 0.0, \"EMERGING_MARKETS_STOCKS\": 0.0, \"AUS_TOTAL_MARKET_STOCKS\": 0.0}", "volatility": 5.919, "risk": 0.01, "expected_return": -7.04}}, {"model": "portfolios.portfoliobyrisk", "pk": 7543, "fields": {"portfolio_set": 1, "allocations": "{\"UK_TOTAL_MARKET_BONDS\": 0.3127, \"CN_TOTAL_MARKET_BONDS\": 0.4373, \"AUS_SMALL_CAP_VALUE_STOCKS\": 0.02, \"ASIA_EXJAP_TOTAL_MARKET_BONDS\": 0.0, \"US_TOTAL_MARKET_STOCKS\": 0.0, \"JAP_TOTAL_MARKET_STOCKS\": 0.0, \"ASIA_EXJAP_TOTAL_MARKET_STOCKS\": 0.0, \"EMERGING_MARKETS_BONDS\": 0.0, \"EUR_TOTAL_MARKET_BONDS\": 0.0, \"INTERNATIONAL_BONDS\": 0.0, \"UK_TOTAL_MARKET_STOCKS\": 0.0, \"GLOBAL_MARKETS_STOCKS\": 0.0, \"US_TOTAL_MARKET_BONDS\": 0.0, \"AUS_HIGH_YIELD_STOCKS\": 0.0, \"AUS_MUNICIPAL_BONDS\": 0.0, \"INFLATION_PROTECTED_BONDS\": 0.0, \"AUS_LARGE_CAP_VALUE_STOCKS\": 0.0, \"AUS_GOVT_BONDS\": 0.0, \"EUR_TOTAL_MARKET_STOCKS\": 0.0, \"AUS_CORPORATE_BONDS\": 0.23, \"CN_TOTAL_MARKET_STOCKS\": 0.0, \"EMERGING_MARKETS_STOCKS\": 0.0, \"AUS_TOTAL_MARKET_STOCKS\": 0.0}", "volatility": 5.8223, "risk": 0.02, "expected_return": -6.78}}, {"model": "portfolios.portfoliobyrisk", "pk": 7544, "fields": {"portfolio_set": 1, "allocations": "{\"UK_TOTAL_MARKET_BONDS\": 0.75, \"CN_TOTAL_MARKET_BONDS\": 0.0, \"AUS_SMALL_CAP_VALUE_STOCKS\": 0.0, \"ASIA_EXJAP_TOTAL_MARKET_BONDS\": 0.0, \"US_TOTAL_MARKET_STOCKS\": 0.0, \"JAP_TOTAL_MARKET_STOCKS\": 0.0, \"ASIA_EXJAP_TOTAL_MARKET_STOCKS\": 0.0, \"EMERGING_MARKETS_BONDS\": 0.0, \"EUR_TOTAL_MARKET_BONDS\": 0.0, \"INTERNATIONAL_BONDS\": 0.0, \"UK_TOTAL_MARKET_STOCKS\": 0.0, \"GLOBAL_MARKETS_STOCKS\": 0.0, \"US_TOTAL_MARKET_BONDS\": 0.0, \"AUS_HIGH_YIELD_STOCKS\": 0.0, \"AUS_MUNICIPAL_BONDS\": 0.0, \"INFLATION_PROTECTED_BONDS\": 0.22, \"AUS_LARGE_CAP_VALUE_STOCKS\": 0.03, \"AUS_GOVT_BONDS\": 0.0, \"EUR_TOTAL_MARKET_STOCKS\": 0.0, \"AUS_CORPORATE_BONDS\": 0.0, \"CN_TOTAL_MARKET_STOCKS\": 0.0, \"EMERGING_MARKETS_STOCKS\": 0.0, \"AUS_TOTAL_MARKET_STOCKS\": 0.0}", "volatility": 5.7277, "risk": 0.03, "expected_return": -6.53}}, {"model": "portfolios.portfoliobyrisk", "pk": 7545, "fields": {"portfolio_set": 1, "allocations": "{\"UK_TOTAL_MARKET_BONDS\": 0.0, \"CN_TOTAL_MARKET_BONDS\": 0.71, \"AUS_SMALL_CAP_VALUE_STOCKS\": 0.0, \"ASIA_EXJAP_TOTAL_MARKET_BONDS\": 0.0, \"US_TOTAL_MARKET_STOCKS\": 0.0, \"JAP_TOTAL_MARKET_STOCKS\": 0.0, \"ASIA_EXJAP_TOTAL_MARKET_STOCKS\": 0.0, \"EMERGING_MARKETS_BONDS\": 0.0, \"EUR_TOTAL_MARKET_BONDS\": 0.0, \"INTERNATIONAL_BONDS\": 0.0, \"UK_TOTAL_MARKET_STOCKS\": 0.0, \"GLOBAL_MARKETS_STOCKS\": 0.0, \"US_TOTAL_MARKET_BONDS\": 0.0, \"AUS_HIGH_YIELD_STOCKS\": 0.0, \"AUS_MUNICIPAL_BONDS\": 0.25, \"INFLATION_PROTECTED_BONDS\": 0.0, \"AUS_LARGE_CAP_VALUE_STOCKS\": 0.0, \"AUS_GOVT_BONDS\": 0.0, \"EUR_TOTAL_MARKET_STOCKS\": 0.0, \"AUS_CORPORATE_BONDS\": 0.0, \"CN_TOTAL_MARKET_STOCKS\": 0.04, \"EMERGING_MARKETS_STOCKS\": 0.0, \"AUS_TOTAL_MARKET_STOCKS\": 0.0}", "volatility": 5.6336, "risk": 0.04, "expected_return": -6.3}}, {"model": "portfolios.portfoliobyrisk", "pk": 7546, "fields": {"portfolio_set": 1, "allocations": "{\"UK_TOTAL_MARKET_BONDS\": 0.4965, \"CN_TOTAL_MARKET_BONDS\": 0.0, \"AUS_SMALL_CAP_VALUE_STOCKS\": 0.0, \"ASIA_EXJAP_TOTAL_MARKET_BONDS\": 0.2535, \"US_TOTAL_MARKET_STOCKS\": 0.0, \"JAP_TOTAL_MARKET_STOCKS\": 0.0, \"ASIA_EXJAP_TOTAL_MARKET_STOCKS\": 0.0, \"EMERGING_MARKETS_BONDS\": 0.0, \"EUR_TOTAL_MARKET_BONDS\": 0.0, \"INTERNATIONAL_BONDS\": 0.0, \"UK_TOTAL_MARKET_STOCKS\": 0.0, \"GLOBAL_MARKETS_STOCKS\": 0.0, \"US_TOTAL_MARKET_BONDS\": 0.0, \"AUS_HIGH_YIELD_STOCKS\": 0.0, \"AUS_MUNICIPAL_BONDS\": 0.0, \"INFLATION_PROTECTED_BONDS\": 0.2, \"AUS_LARGE_CAP_VALUE_STOCKS\": 0.05, \"AUS_GOVT_BONDS\": 0.0, \"EUR_TOTAL_MARKET_STOCKS\": 0.0, \"AUS_CORPORATE_BONDS\": 0.0, \"CN_TOTAL_MARKET_STOCKS\": 0.0, \"EMERGING_MARKETS_STOCKS\": 0.0, \"AUS_TOTAL_MARKET_STOCKS\": 0.0}", "volatility": 5.5374, "risk": 0.05, "expected_return": -6.1}}, {"model": "portfolios.portfoliobyrisk", "pk": 7547, "fields": {"portfolio_set": 1, "allocations": "{\"UK_TOTAL_MARKET_BONDS\": 0.75, \"CN_TOTAL_MARKET_BONDS\": 0.0, \"AUS_SMALL_CAP_VALUE_STOCKS\": 0.0, \"ASIA_EXJAP_TOTAL_MARKET_BONDS\": 0.0, \"US_TOTAL_MARKET_STOCKS\": 0.0, \"JAP_TOTAL_MARKET_STOCKS\": 0.0, \"ASIA_EXJAP_TOTAL_MARKET_STOCKS\": 0.0, \"EMERGING_MARKETS_BONDS\": 0.0, \"EUR_TOTAL_MARKET_BONDS\": 0.0, \"INTERNATIONAL_BONDS\": 0.0, \"UK_TOTAL_MARKET_STOCKS\": 0.0, \"GLOBAL_MARKETS_STOCKS\": 0.0, \"US_TOTAL_MARKET_BONDS\": 0.0, \"AUS_HIGH_YIELD_STOCKS\": 0.0, \"AUS_MUNICIPAL_BONDS\": 0.0, \"INFLATION_PROTECTED_BONDS\": 0.0, \"AUS_LARGE_CAP_VALUE_STOCKS\": 0.06, \"AUS_GOVT_BONDS\": 0.0, \"EUR_TOTAL_MARKET_STOCKS\": 0.0, \"AUS_CORPORATE_BONDS\": 0.19, \"CN_TOTAL_MARKET_STOCKS\": 0.0, \"EMERGING_MARKETS_STOCKS\": 0.0, \"AUS_TOTAL_MARKET_STOCKS\": 0.0}", "volatility": 5.4372, "risk": 0.06, "expected_return": -5.94}}, {"model": "portfolios.portfoliobyrisk", "pk": 7548, "fields": {"portfolio_set": 1, "allocations": "{\"UK_TOTAL_MARKET_BONDS\": 0.75, \"CN_TOTAL_MARKET_BONDS\": 0.0, \"AUS_SMALL_CAP_VALUE_STOCKS\": 0.0, \"ASIA_EXJAP_TOTAL_MARKET_BONDS\": 0.0, \"US_TOTAL_MARKET_STOCKS\": 0.0, \"JAP_TOTAL_MARKET_STOCKS\": 0.0, \"ASIA_EXJAP_TOTAL_MARKET_STOCKS\": 0.0, \"EMERGING_MARKETS_BONDS\": 0.0, \"EUR_TOTAL_MARKET_BONDS\": 0.0, \"INTERNATIONAL_BONDS\": 0.0, \"UK_TOTAL_MARKET_STOCKS\": 0.0, \"GLOBAL_MARKETS_STOCKS\": 0.0, \"US_TOTAL_MARKET_BONDS\": 0.0, \"AUS_HIGH_YIELD_STOCKS\": 0.0, \"AUS_MUNICIPAL_BONDS\": 0.0, \"INFLATION_PROTECTED_BONDS\": 0.0, \"AUS_LARGE_CAP_VALUE_STOCKS\": 0.07, \"AUS_GOVT_BONDS\": 0.0, \"EUR_TOTAL_MARKET_STOCKS\": 0.0, \"AUS_CORPORATE_BONDS\": 0.18, \"CN_TOTAL_MARKET_STOCKS\": 0.0, \"EMERGING_MARKETS_STOCKS\": 0.0, \"AUS_TOTAL_MARKET_STOCKS\": 0.0}", "volatility": 5.3349, "risk": 0.07, "expected_return": -5.82}}, {"model": "portfolios.portfoliobyrisk", "pk": 7549, "fields": {"portfolio_set": 1, "allocations": "{\"UK_TOTAL_MARKET_BONDS\": 0.75, \"CN_TOTAL_MARKET_BONDS\": 0.0, \"AUS_SMALL_CAP_VALUE_STOCKS\": 0.0, \"ASIA_EXJAP_TOTAL_MARKET_BONDS\": 0.0, \"US_TOTAL_MARKET_STOCKS\": 0.0, \"JAP_TOTAL_MARKET_STOCKS\": 0.0, \"ASIA_EXJAP_TOTAL_MARKET_STOCKS\": 0.0, \"EMERGING_MARKETS_BONDS\": 0.0, \"EUR_TOTAL_MARKET_BONDS\": 0.0, \"INTERNATIONAL_BONDS\": 0.0, \"UK_TOTAL_MARKET_STOCKS\": 0.0, \"GLOBAL_MARKETS_STOCKS\": 0.0, \"US_TOTAL_MARKET_BONDS\": 0.0, \"AUS_HIGH_YIELD_STOCKS\": 0.0, \"AUS_MUNICIPAL_BONDS\": 0.0, \"INFLATION_PROTECTED_BONDS\": 0.0, \"AUS_LARGE_CAP_VALUE_STOCKS\": 0.08, \"AUS_GOVT_BONDS\": 0.0, \"EUR_TOTAL_MARKET_STOCKS\": 0.0, \"AUS_CORPORATE_BONDS\": 0.17, \"CN_TOTAL_MARKET_STOCKS\": 0.0, \"EMERGING_MARKETS_STOCKS\": 0.0, \"AUS_TOTAL_MARKET_STOCKS\": 0.0}", "volatility": 5.241, "risk": 0.08, "expected_return": -5.65}}, {"model": "portfolios.portfoliobyrisk", "pk": 7550, "fields": {"portfolio_set": 1, "allocations": "{\"UK_TOTAL_MARKET_BONDS\": 0.66, \"CN_TOTAL_MARKET_BONDS\": 0.0, \"AUS_SMALL_CAP_VALUE_STOCKS\": 0.0, \"ASIA_EXJAP_TOTAL_MARKET_BONDS\": 0.0, \"US_TOTAL_MARKET_STOCKS\": 0.0, \"JAP_TOTAL_MARKET_STOCKS\": 0.0, \"ASIA_EXJAP_TOTAL_MARKET_STOCKS\": 0.0, \"EMERGING_MARKETS_BONDS\": 0.0, \"EUR_TOTAL_MARKET_BONDS\": 0.0, \"INTERNATIONAL_BONDS\": 0.0, \"UK_TOTAL_MARKET_STOCKS\": 0.0, \"GLOBAL_MARKETS_STOCKS\": 0.0, \"US_TOTAL_MARKET_BONDS\": 0.0, \"AUS_HIGH_YIELD_STOCKS\": 0.0, \"AUS_MUNICIPAL_BONDS\": 0.0, \"INFLATION_PROTECTED_BONDS\": 0.0, \"AUS_LARGE_CAP_VALUE_STOCKS\": 0.0, \"AUS_GOVT_BONDS\": 0.0, \"EUR_TOTAL_MARKET_STOCKS\": 0.09, \"AUS_CORPORATE_BONDS\": 0.25, \"CN_TOTAL_MARKET_STOCKS\": 0.0, \"EMERGING_MARKETS_STOCKS\": 0.0, \"AUS_TOTAL_MARKET_STOCKS\": 0.0}", "volatility": 5.1507, "risk": 0.09, "expected_return": -5.49}}, {"model": "portfolios.portfoliobyrisk", "pk": 7551, "fields": {"portfolio_set": 1, "allocations": "{\"UK_TOTAL_MARKET_BONDS\": 0.75, \"CN_TOTAL_MARKET_BONDS\": 0.0, \"AUS_SMALL_CAP_VALUE_STOCKS\": 0.0, \"ASIA_EXJAP_TOTAL_MARKET_BONDS\": 0.0, \"US_TOTAL_MARKET_STOCKS\": 0.0, \"JAP_TOTAL_MARKET_STOCKS\": 0.0, \"ASIA_EXJAP_TOTAL_MARKET_STOCKS\": 0.0, \"EMERGING_MARKETS_BONDS\": 0.0, \"EUR_TOTAL_MARKET_BONDS\": 0.0, \"INTERNATIONAL_BONDS\": 0.0, \"UK_TOTAL_MARKET_STOCKS\": 0.0, \"GLOBAL_MARKETS_STOCKS\": 0.0, \"US_TOTAL_MARKET_BONDS\": 0.0, \"AUS_HIGH_YIELD_STOCKS\": 0.0, \"AUS_MUNICIPAL_BONDS\": 0.0, \"INFLATION_PROTECTED_BONDS\": 0.15, \"AUS_LARGE_CAP_VALUE_STOCKS\": 0.1, \"AUS_GOVT_BONDS\": 0.0, \"EUR_TOTAL_MARKET_STOCKS\": 0.0, \"AUS_CORPORATE_BONDS\": 0.0, \"CN_TOTAL_MARKET_STOCKS\": 0.0, \"EMERGING_MARKETS_STOCKS\": 0.0, \"AUS_TOTAL_MARKET_STOCKS\": 0.0}", "volatility": 5.0604, "risk": 0.1, "expected_return": -5.34}}, {"model": "portfolios.portfoliobyrisk", "pk": 7552, "fields": {"portfolio_set": 1, "allocations": "{\"UK_TOTAL_MARKET_BONDS\": 0.64, \"CN_TOTAL_MARKET_BONDS\": 0.0, \"AUS_SMALL_CAP_VALUE_STOCKS\": 0.0, \"ASIA_EXJAP_TOTAL_MARKET_BONDS\": 0.0, \"US_TOTAL_MARKET_STOCKS\": 0.0, \"JAP_TOTAL_MARKET_STOCKS\": 0.0, \"ASIA_EXJAP_TOTAL_MARKET_STOCKS\": 0.0, \"EMERGING_MARKETS_BONDS\": 0.0, \"EUR_TOTAL_MARKET_BONDS\": 0.0, \"INTERNATIONAL_BONDS\": 0.0, \"UK_TOTAL_MARKET_STOCKS\": 0.0, \"GLOBAL_MARKETS_STOCKS\": 0.0, \"US_TOTAL_MARKET_BONDS\": 0.0, \"AUS_HIGH_YIELD_STOCKS\": 0.0, \"AUS_MUNICIPAL_BONDS\": 0.0, \"INFLATION_PROTECTED_BONDS\": 0.0, \"AUS_LARGE_CAP_VALUE_STOCKS\": 0.0, \"AUS_GOVT_BONDS\": 0.0, \"EUR_TOTAL_MARKET_STOCKS\": 0.11, \"AUS_CORPORATE_BONDS\": 0.25, \"CN_TOTAL_MARKET_STOCKS\": 0.0, \"EMERGING_MARKETS_STOCKS\": 0.0, \"AUS_TOTAL_MARKET_STOCKS\": 0.0}", "volatility": 4.9711, "risk": 0.11, "expected_return": -5.21}}, {"model": "portfolios.portfoliobyrisk", "pk": 7553, "fields": {"portfolio_set": 1, "allocations": "{\"UK_TOTAL_MARKET_BONDS\": 0.0, \"CN_TOTAL_MARKET_BONDS\": 0.0, \"AUS_SMALL_CAP_VALUE_STOCKS\": 0.0, \"ASIA_EXJAP_TOTAL_MARKET_BONDS\": 0.63, \"US_TOTAL_MARKET_STOCKS\": 0.0, \"JAP_TOTAL_MARKET_STOCKS\": 0.0, \"ASIA_EXJAP_TOTAL_MARKET_STOCKS\": 0.0, \"EMERGING_MARKETS_BONDS\": 0.0, \"EUR_TOTAL_MARKET_BONDS\": 0.0, \"INTERNATIONAL_BONDS\": 0.0, \"UK_TOTAL_MARKET_STOCKS\": 0.0, \"GLOBAL_MARKETS_STOCKS\": 0.0, \"US_TOTAL_MARKET_BONDS\": 0.0, \"AUS_HIGH_YIELD_STOCKS\": 0.0, \"AUS_MUNICIPAL_BONDS\": 0.25, \"INFLATION_PROTECTED_BONDS\": 0.0, \"AUS_LARGE_CAP_VALUE_STOCKS\": 0.0, \"AUS_GOVT_BONDS\": 0.0, \"EUR_TOTAL_MARKET_STOCKS\": 0.0, \"AUS_CORPORATE_BONDS\": 0.0, \"CN_TOTAL_MARKET_STOCKS\": 0.12, \"EMERGING_MARKETS_STOCKS\": 0.0, \"AUS_TOTAL_MARKET_STOCKS\": 0.0}", "volatility": 4.8816, "risk": 0.12, "expected_return": -5.09}}, {"model": "portfolios.portfoliobyrisk", "pk": 7554, "fields": {"portfolio_set": 1, "allocations": "{\"UK_TOTAL_MARKET_BONDS\": 0.0, \"CN_TOTAL_MARKET_BONDS\": 0.62, \"AUS_SMALL_CAP_VALUE_STOCKS\": 0.0, \"ASIA_EXJAP_TOTAL_MARKET_BONDS\": 0.0, \"US_TOTAL_MARKET_STOCKS\": 0.0, \"JAP_TOTAL_MARKET_STOCKS\": 0.0, \"ASIA_EXJAP_TOTAL_MARKET_STOCKS\": 0.0, \"EMERGING_MARKETS_BONDS\": 0.0, \"EUR_TOTAL_MARKET_BONDS\": 0.0, \"INTERNATIONAL_BONDS\": 0.0, \"UK_TOTAL_MARKET_STOCKS\": 0.0, \"GLOBAL_MARKETS_STOCKS\": 0.0, \"US_TOTAL_MARKET_BONDS\": 0.0, \"AUS_HIGH_YIELD_STOCKS\": 0.0, \"AUS_MUNICIPAL_BONDS\": 0.25, \"INFLATION_PROTECTED_BONDS\": 0.0, \"AUS_LARGE_CAP_VALUE_STOCKS\": 0.0, \"AUS_GOVT_BONDS\": 0.0, \"EUR_TOTAL_MARKET_STOCKS\": 0.0, \"AUS_CORPORATE_BONDS\": 0.0, \"CN_TOTAL_MARKET_STOCKS\": 0.13, \"EMERGING_MARKETS_STOCKS\": 0.0, \"AUS_TOTAL_MARKET_STOCKS\": 0.0}", "volatility": 4.7959, "risk": 0.13, "expected_return": -4.97}}, {"model": "portfolios.portfoliobyrisk", "pk": 7555, "fields": {"portfolio_set": 1, "allocations": "{\"UK_TOTAL_MARKET_BONDS\": 0.0, \"CN_TOTAL_MARKET_BONDS\": 0.61, \"AUS_SMALL_CAP_VALUE_STOCKS\": 0.0, \"ASIA_EXJAP_TOTAL_MARKET_BONDS\": 0.0, \"US_TOTAL_MARKET_STOCKS\": 0.0, \"JAP_TOTAL_MARKET_STOCKS\": 0.0, \"ASIA_EXJAP_TOTAL_MARKET_STOCKS\": 0.0, \"EMERGING_MARKETS_BONDS\": 0.0, \"EUR_TOTAL_MARKET_BONDS\": 0.0, \"INTERNATIONAL_BONDS\": 0.0, \"UK_TOTAL_MARKET_STOCKS\": 0.0, \"GLOBAL_MARKETS_STOCKS\": 0.0, \"US_TOTAL_MARKET_BONDS\": 0.0, \"AUS_HIGH_YIELD_STOCKS\": 0.0, \"AUS_MUNICIPAL_BONDS\": 0.25, \"INFLATION_PROTECTED_BONDS\": 0.0, \"AUS_LARGE_CAP_VALUE_STOCKS\": 0.0, \"AUS_GOVT_BONDS\": 0.0, \"EUR_TOTAL_MARKET_STOCKS\": 0.0, \"AUS_CORPORATE_BONDS\": 0.0, \"CN_TOTAL_MARKET_STOCKS\": 0.14, \"EMERGING_MARKETS_STOCKS\": 0.0, \"AUS_TOTAL_MARKET_STOCKS\": 0.0}", "volatility": 4.7145, "risk": 0.14, "expected_return": -4.85}}, {"model": "portfolios.portfoliobyrisk", "pk": 7556, "fields": {"portfolio_set": 1, "allocations": "{\"UK_TOTAL_MARKET_BONDS\": 0.75, \"CN_TOTAL_MARKET_BONDS\": 0.0, \"AUS_SMALL_CAP_VALUE_STOCKS\": 0.0, \"ASIA_EXJAP_TOTAL_MARKET_BONDS\": 0.0, \"US_TOTAL_MARKET_STOCKS\": 0.0, \"JAP_TOTAL_MARKET_STOCKS\": 0.0, \"ASIA_EXJAP_TOTAL_MARKET_STOCKS\": 0.0, \"EMERGING_MARKETS_BONDS\": 0.0, \"EUR_TOTAL_MARKET_BONDS\": 0.0, \"INTERNATIONAL_BONDS\": 0.0, \"UK_TOTAL_MARKET_STOCKS\": 0.0, \"GLOBAL_MARKETS_STOCKS\": 0.0, \"US_TOTAL_MARKET_BONDS\": 0.0, \"AUS_HIGH_YIELD_STOCKS\": 0.0, \"AUS_MUNICIPAL_BONDS\": 0.0, \"INFLATION_PROTECTED_BONDS\": 0.0, \"AUS_LARGE_CAP_VALUE_STOCKS\": 0.15, \"AUS_GOVT_BONDS\": 0.0, \"EUR_TOTAL_MARKET_STOCKS\": 0.0, \"AUS_CORPORATE_BONDS\": 0.1, \"CN_TOTAL_MARKET_STOCKS\": 0.0, \"EMERGING_MARKETS_STOCKS\": 0.0, \"AUS_TOTAL_MARKET_STOCKS\": 0.0}", "volatility": 4.6375, "risk": 0.15, "expected_return": -4.73}}, {"model": "portfolios.portfoliobyrisk", "pk": 7557, "fields": {"portfolio_set": 1, "allocations": "{\"UK_TOTAL_MARKET_BONDS\": 0.0, \"CN_TOTAL_MARKET_BONDS\": 0.59, \"AUS_SMALL_CAP_VALUE_STOCKS\": 0.0, \"ASIA_EXJAP_TOTAL_MARKET_BONDS\": 0.0, \"US_TOTAL_MARKET_STOCKS\": 0.0, \"JAP_TOTAL_MARKET_STOCKS\": 0.0, \"ASIA_EXJAP_TOTAL_MARKET_STOCKS\": 0.0, \"EMERGING_MARKETS_BONDS\": 0.0, \"EUR_TOTAL_MARKET_BONDS\": 0.0, \"INTERNATIONAL_BONDS\": 0.0, \"UK_TOTAL_MARKET_STOCKS\": 0.0, \"GLOBAL_MARKETS_STOCKS\": 0.0, \"US_TOTAL_MARKET_BONDS\": 0.0, \"AUS_HIGH_YIELD_STOCKS\": 0.0, \"AUS_MUNICIPAL_BONDS\": 0.25, \"INFLATION_PROTECTED_BONDS\": 0.0, \"AUS_LARGE_CAP_VALUE_STOCKS\": 0.0, \"AUS_GOVT_BONDS\": 0.0, \"EUR_TOTAL_MARKET_STOCKS\": 0.0, \"AUS_CORPORATE_BONDS\": 0.0, \"CN_TOTAL_MARKET_STOCKS\": 0.16, \"EMERGING_MARKETS_STOCKS\": 0.0, \"AUS_TOTAL_MARKET_STOCKS\": 0.0}", "volatility": 4.5657, "risk": 0.16, "expected_return": -4.59}}, {"model": "portfolios.portfoliobyrisk", "pk": 7558, "fields": {"portfolio_set": 1, "allocations": "{\"UK_TOTAL_MARKET_BONDS\": 0.75, \"CN_TOTAL_MARKET_BONDS\": 0.0, \"AUS_SMALL_CAP_VALUE_STOCKS\": 0.0, \"ASIA_EXJAP_TOTAL_MARKET_BONDS\": 0.0, \"US_TOTAL_MARKET_STOCKS\": 0.0, \"JAP_TOTAL_MARKET_STOCKS\": 0.0, \"ASIA_EXJAP_TOTAL_MARKET_STOCKS\": 0.0, \"EMERGING_MARKETS_BONDS\": 0.0, \"EUR_TOTAL_MARKET_BONDS\": 0.0, \"INTERNATIONAL_BONDS\": 0.0, \"UK_TOTAL_MARKET_STOCKS\": 0.0, \"GLOBAL_MARKETS_STOCKS\": 0.0, \"US_TOTAL_MARKET_BONDS\": 0.0, \"AUS_HIGH_YIELD_STOCKS\": 0.0, \"AUS_MUNICIPAL_BONDS\": 0.0, \"INFLATION_PROTECTED_BONDS\": 0.08, \"AUS_LARGE_CAP_VALUE_STOCKS\": 0.17, \"AUS_GOVT_BONDS\": 0.0, \"EUR_TOTAL_MARKET_STOCKS\": 0.0, \"AUS_CORPORATE_BONDS\": 0.0, \"CN_TOTAL_MARKET_STOCKS\": 0.0, \"EMERGING_MARKETS_STOCKS\": 0.0, \"AUS_TOTAL_MARKET_STOCKS\": 0.0}", "volatility": 4.5001, "risk": 0.17, "expected_return": -4.44}}, {"model": "portfolios.portfoliobyrisk", "pk": 7559, "fields": {"portfolio_set": 1, "allocations": "{\"UK_TOTAL_MARKET_BONDS\": 0.0, \"CN_TOTAL_MARKET_BONDS\": 0.0, \"AUS_SMALL_CAP_VALUE_STOCKS\": 0.0, \"ASIA_EXJAP_TOTAL_MARKET_BONDS\": 0.57, \"US_TOTAL_MARKET_STOCKS\": 0.0, \"JAP_TOTAL_MARKET_STOCKS\": 0.0, \"ASIA_EXJAP_TOTAL_MARKET_STOCKS\": 0.0, \"EMERGING_MARKETS_BONDS\": 0.0, \"EUR_TOTAL_MARKET_BONDS\": 0.0, \"INTERNATIONAL_BONDS\": 0.0, \"UK_TOTAL_MARKET_STOCKS\": 0.0, \"GLOBAL_MARKETS_STOCKS\": 0.0, \"US_TOTAL_MARKET_BONDS\": 0.0, \"AUS_HIGH_YIELD_STOCKS\": 0.0, \"AUS_MUNICIPAL_BONDS\": 0.25, \"INFLATION_PROTECTED_BONDS\": 0.0, \"AUS_LARGE_CAP_VALUE_STOCKS\": 0.0, \"AUS_GOVT_BONDS\": 0.0, \"EUR_TOTAL_MARKET_STOCKS\": 0.0, \"AUS_CORPORATE_BONDS\": 0.0, \"CN_TOTAL_MARKET_STOCKS\": 0.18, \"EMERGING_MARKETS_STOCKS\": 0.0, \"AUS_TOTAL_MARKET_STOCKS\": 0.0}", "volatility": 4.4384, "risk": 0.18, "expected_return": -4.3}}, {"model": "portfolios.portfoliobyrisk", "pk": 7560, "fields": {"portfolio_set": 1, "allocations": "{\"UK_TOTAL_MARKET_BONDS\": 0.75, \"CN_TOTAL_MARKET_BONDS\": 0.0, \"AUS_SMALL_CAP_VALUE_STOCKS\": 0.0, \"ASIA_EXJAP_TOTAL_MARKET_BONDS\": 0.0, \"US_TOTAL_MARKET_STOCKS\": 0.0, \"JAP_TOTAL_MARKET_STOCKS\": 0.0, \"ASIA_EXJAP_TOTAL_MARKET_STOCKS\": 0.0, \"EMERGING_MARKETS_BONDS\": 0.0, \"EUR_TOTAL_MARKET_BONDS\": 0.0, \"INTERNATIONAL_BONDS\": 0.0, \"UK_TOTAL_MARKET_STOCKS\": 0.0, \"GLOBAL_MARKETS_STOCKS\": 0.0, \"US_TOTAL_MARKET_BONDS\": 0.0, \"AUS_HIGH_YIELD_STOCKS\": 0.0, \"AUS_MUNICIPAL_BONDS\": 0.0, \"INFLATION_PROTECTED_BONDS\": 0.0, \"AUS_LARGE_CAP_VALUE_STOCKS\": 0.19, \"AUS_GOVT_BONDS\": 0.0, \"EUR_TOTAL_MARKET_STOCKS\": 0.0, \"AUS_CORPORATE_BONDS\": 0.06, \"CN_TOTAL_MARKET_STOCKS\": 0.0, \"EMERGING_MARKETS_STOCKS\": 0.0, \"AUS_TOTAL_MARKET_STOCKS\": 0.0}", "volatility": 4.3841, "risk": 0.19, "expected_return": -4.13}}, {"model": "portfolios.portfoliobyrisk", "pk": 7561, "fields": {"portfolio_set": 1, "allocations": "{\"UK_TOTAL_MARKET_BONDS\": 0.0, \"CN_TOTAL_MARKET_BONDS\": 0.55, \"AUS_SMALL_CAP_VALUE_STOCKS\": 0.0, \"ASIA_EXJAP_TOTAL_MARKET_BONDS\": 0.0, \"US_TOTAL_MARKET_STOCKS\": 0.0, \"JAP_TOTAL_MARKET_STOCKS\": 0.0, \"ASIA_EXJAP_TOTAL_MARKET_STOCKS\": 0.0, \"EMERGING_MARKETS_BONDS\": 0.0, \"EUR_TOTAL_MARKET_BONDS\": 0.0, \"INTERNATIONAL_BONDS\": 0.0, \"UK_TOTAL_MARKET_STOCKS\": 0.0, \"GLOBAL_MARKETS_STOCKS\": 0.0, \"US_TOTAL_MARKET_BONDS\": 0.0, \"AUS_HIGH_YIELD_STOCKS\": 0.0, \"AUS_MUNICIPAL_BONDS\": 0.25, \"INFLATION_PROTECTED_BONDS\": 0.0, \"AUS_LARGE_CAP_VALUE_STOCKS\": 0.0, \"AUS_GOVT_BONDS\": 0.0, \"EUR_TOTAL_MARKET_STOCKS\": 0.0, \"AUS_CORPORATE_BONDS\": 0.0, \"CN_TOTAL_MARKET_STOCKS\": 0.2, \"EMERGING_MARKETS_STOCKS\": 0.0, \"AUS_TOTAL_MARKET_STOCKS\": 0.0}", "volatility": 4.3358, "risk": 0.2, "expected_return": -3.96}}, {"model": "portfolios.portfoliobyrisk", "pk": 7562, "fields": {"portfolio_set": 1, "allocations": "{\"UK_TOTAL_MARKET_BONDS\": 0.75, \"CN_TOTAL_MARKET_BONDS\": 0.0, \"AUS_SMALL_CAP_VALUE_STOCKS\": 0.0, \"ASIA_EXJAP_TOTAL_MARKET_BONDS\": 0.0, \"US_TOTAL_MARKET_STOCKS\": 0.0, \"JAP_TOTAL_MARKET_STOCKS\": 0.0, \"ASIA_EXJAP_TOTAL_MARKET_STOCKS\": 0.0, \"EMERGING_MARKETS_BONDS\": 0.0, \"EUR_TOTAL_MARKET_BONDS\": 0.0, \"INTERNATIONAL_BONDS\": 0.0, \"UK_TOTAL_MARKET_STOCKS\": 0.0, \"GLOBAL_MARKETS_STOCKS\": 0.0, \"US_TOTAL_MARKET_BONDS\": 0.0, \"AUS_HIGH_YIELD_STOCKS\": 0.0, \"AUS_MUNICIPAL_BONDS\": 0.0, \"INFLATION_PROTECTED_BONDS\": 0.04, \"AUS_LARGE_CAP_VALUE_STOCKS\": 0.21, \"AUS_GOVT_BONDS\": 0.0, \"EUR_TOTAL_MARKET_STOCKS\": 0.0, \"AUS_CORPORATE_BONDS\": 0.0, \"CN_TOTAL_MARKET_STOCKS\": 0.0, \"EMERGING_MARKETS_STOCKS\": 0.0, \"AUS_TOTAL_MARKET_STOCKS\": 0.0}", "volatility": 4.2948, "risk": 0.21, "expected_return": -3.78}}, {"model": "portfolios.portfoliobyrisk", "pk": 7563, "fields": {"portfolio_set": 1, "allocations": "{\"UK_TOTAL_MARKET_BONDS\": 0.75, \"CN_TOTAL_MARKET_BONDS\": 0.0, \"AUS_SMALL_CAP_VALUE_STOCKS\": 0.0, \"ASIA_EXJAP_TOTAL_MARKET_BONDS\": 0.0, \"US_TOTAL_MARKET_STOCKS\": 0.0, \"JAP_TOTAL_MARKET_STOCKS\": 0.0, \"ASIA_EXJAP_TOTAL_MARKET_STOCKS\": 0.0, \"EMERGING_MARKETS_BONDS\": 0.0, \"EUR_TOTAL_MARKET_BONDS\": 0.0, \"INTERNATIONAL_BONDS\": 0.0, \"UK_TOTAL_MARKET_STOCKS\": 0.0, \"GLOBAL_MARKETS_STOCKS\": 0.0, \"US_TOTAL_MARKET_BONDS\": 0.0, \"AUS_HIGH_YIELD_STOCKS\": 0.0, \"AUS_MUNICIPAL_BONDS\": 0.0, \"INFLATION_PROTECTED_BONDS\": 0.0, \"AUS_LARGE_CAP_VALUE_STOCKS\": 0.22, \"AUS_GOVT_BONDS\": 0.0, \"EUR_TOTAL_MARKET_STOCKS\": 0.0, \"AUS_CORPORATE_BONDS\": 0.03, \"CN_TOTAL_MARKET_STOCKS\": 0.0, \"EMERGING_MARKETS_STOCKS\": 0.0, \"AUS_TOTAL_MARKET_STOCKS\": 0.0}", "volatility": 4.2605, "risk": 0.22, "expected_return": -3.59}}, {"model": "portfolios.portfoliobyrisk", "pk": 7564, "fields": {"portfolio_set": 1, "allocations": "{\"UK_TOTAL_MARKET_BONDS\": 0.0, \"CN_TOTAL_MARKET_BONDS\": 0.0, \"AUS_SMALL_CAP_VALUE_STOCKS\": 0.0, \"ASIA_EXJAP_TOTAL_MARKET_BONDS\": 0.52, \"US_TOTAL_MARKET_STOCKS\": 0.0, \"JAP_TOTAL_MARKET_STOCKS\": 0.0, \"ASIA_EXJAP_TOTAL_MARKET_STOCKS\": 0.0, \"EMERGING_MARKETS_BONDS\": 0.0, \"EUR_TOTAL_MARKET_BONDS\": 0.0, \"INTERNATIONAL_BONDS\": 0.0, \"UK_TOTAL_MARKET_STOCKS\": 0.0, \"GLOBAL_MARKETS_STOCKS\": 0.0, \"US_TOTAL_MARKET_BONDS\": 0.0, \"AUS_HIGH_YIELD_STOCKS\": 0.0, \"AUS_MUNICIPAL_BONDS\": 0.25, \"INFLATION_PROTECTED_BONDS\": 0.0, \"AUS_LARGE_CAP_VALUE_STOCKS\": 0.0, \"AUS_GOVT_BONDS\": 0.0, \"EUR_TOTAL_MARKET_STOCKS\": 0.0, \"AUS_CORPORATE_BONDS\": 0.0, \"CN_TOTAL_MARKET_STOCKS\": 0.23, \"EMERGING_MARKETS_STOCKS\": 0.0, \"AUS_TOTAL_MARKET_STOCKS\": 0.0}", "volatility": 4.2237, "risk": 0.23, "expected_return": -3.44}}, {"model": "portfolios.portfoliobyrisk", "pk": 7565, "fields": {"portfolio_set": 1, "allocations": "{\"UK_TOTAL_MARKET_BONDS\": 0.0, \"CN_TOTAL_MARKET_BONDS\": 0.0, \"AUS_SMALL_CAP_VALUE_STOCKS\": 0.0, \"ASIA_EXJAP_TOTAL_MARKET_BONDS\": 0.51, \"US_TOTAL_MARKET_STOCKS\": 0.0, \"JAP_TOTAL_MARKET_STOCKS\": 0.0, \"ASIA_EXJAP_TOTAL_MARKET_STOCKS\": 0.0, \"EMERGING_MARKETS_BONDS\": 0.0, \"EUR_TOTAL_MARKET_BONDS\": 0.0, \"INTERNATIONAL_BONDS\": 0.0, \"UK_TOTAL_MARKET_STOCKS\": 0.0, \"GLOBAL_MARKETS_STOCKS\": 0.0, \"US_TOTAL_MARKET_BONDS\": 0.0, \"AUS_HIGH_YIELD_STOCKS\": 0.0, \"AUS_MUNICIPAL_BONDS\": 0.25, \"INFLATION_PROTECTED_BONDS\": 0.0, \"AUS_LARGE_CAP_VALUE_STOCKS\": 0.0, \"AUS_GOVT_BONDS\": 0.0, \"EUR_TOTAL_MARKET_STOCKS\": 0.0, \"AUS_CORPORATE_BONDS\": 0.0, \"CN_TOTAL_MARKET_STOCKS\": 0.24, \"EMERGING_MARKETS_STOCKS\": 0.0, \"AUS_TOTAL_MARKET_STOCKS\": 0.0}", "volatility": 4.1904, "risk": 0.24, "expected_return": -3.3}}, {"model": "portfolios.portfoliobyrisk", "pk": 7566, "fields": {"portfolio_set": 1, "allocations": "{\"UK_TOTAL_MARKET_BONDS\": 0.0, \"CN_TOTAL_MARKET_BONDS\": 0.0, \"AUS_SMALL_CAP_VALUE_STOCKS\": 0.0, \"ASIA_EXJAP_TOTAL_MARKET_BONDS\": 0.5, \"US_TOTAL_MARKET_STOCKS\": 0.0, \"JAP_TOTAL_MARKET_STOCKS\": 0.0, \"ASIA_EXJAP_TOTAL_MARKET_STOCKS\": 0.0, \"EMERGING_MARKETS_BONDS\": 0.0, \"EUR_TOTAL_MARKET_BONDS\": 0.0, \"INTERNATIONAL_BONDS\": 0.0, \"UK_TOTAL_MARKET_STOCKS\": 0.0, \"GLOBAL_MARKETS_STOCKS\": 0.0, \"US_TOTAL_MARKET_BONDS\": 0.0, \"AUS_HIGH_YIELD_STOCKS\": 0.0, \"AUS_MUNICIPAL_BONDS\": 0.25, \"INFLATION_PROTECTED_BONDS\": 0.0, \"AUS_LARGE_CAP_VALUE_STOCKS\": 0.0, \"AUS_GOVT_BONDS\": 0.0, \"EUR_TOTAL_MARKET_STOCKS\": 0.0, \"AUS_CORPORATE_BONDS\": 0.0, \"CN_TOTAL_MARKET_STOCKS\": 0.25, \"EMERGING_MARKETS_STOCKS\": 0.0, \"AUS_TOTAL_MARKET_STOCKS\": 0.0}", "volatility": 4.1608, "risk": 0.25, "expected_return": -3.17}}, {"model": "portfolios.portfoliobyrisk", "pk": 7567, "fields": {"portfolio_set": 1, "allocations": "{\"UK_TOTAL_MARKET_BONDS\": 0.74, \"CN_TOTAL_MARKET_BONDS\": 0.0, \"AUS_SMALL_CAP_VALUE_STOCKS\": 0.0, \"ASIA_EXJAP_TOTAL_MARKET_BONDS\": 0.0, \"US_TOTAL_MARKET_STOCKS\": 0.0, \"JAP_TOTAL_MARKET_STOCKS\": 0.0, \"ASIA_EXJAP_TOTAL_MARKET_STOCKS\": 0.0, \"EMERGING_MARKETS_BONDS\": 0.0, \"EUR_TOTAL_MARKET_BONDS\": 0.0, \"INTERNATIONAL_BONDS\": 0.0, \"UK_TOTAL_MARKET_STOCKS\": 0.0, \"GLOBAL_MARKETS_STOCKS\": 0.0, \"US_TOTAL_MARKET_BONDS\": 0.0, \"AUS_HIGH_YIELD_STOCKS\": 0.0, \"AUS_MUNICIPAL_BONDS\": 0.0, \"INFLATION_PROTECTED_BONDS\": 0.0, \"AUS_LARGE_CAP_VALUE_STOCKS\": 0.25, \"AUS_GOVT_BONDS\": 0.0, \"EUR_TOTAL_MARKET_STOCKS\": 0.01, \"AUS_CORPORATE_BONDS\": 0.0, \"CN_TOTAL_MARKET_STOCKS\": 0.0, \"EMERGING_MARKETS_STOCKS\": 0.0, \"AUS_TOTAL_MARKET_STOCKS\": 0.0}", "volatility": 4.126, "risk": 0.26, "expected_return": -3.1}}, {"model": "portfolios.portfoliobyrisk", "pk": 7568, "fields": {"portfolio_set": 1, "allocations": "{\"UK_TOTAL_MARKET_BONDS\": 0.0, \"CN_TOTAL_MARKET_BONDS\": 0.48, \"AUS_SMALL_CAP_VALUE_STOCKS\": 0.0, \"ASIA_EXJAP_TOTAL_MARKET_BONDS\": 0.0, \"US_TOTAL_MARKET_STOCKS\": 0.0, \"JAP_TOTAL_MARKET_STOCKS\": 0.0, \"ASIA_EXJAP_TOTAL_MARKET_STOCKS\": 0.0, \"EMERGING_MARKETS_BONDS\": 0.0, \"EUR_TOTAL_MARKET_BONDS\": 0.0, \"INTERNATIONAL_BONDS\": 0.0, \"UK_TOTAL_MARKET_STOCKS\": 0.0, \"GLOBAL_MARKETS_STOCKS\": 0.0, \"US_TOTAL_MARKET_BONDS\": 0.0, \"AUS_HIGH_YIELD_STOCKS\": 0.0, \"AUS_MUNICIPAL_BONDS\": 0.25, \"INFLATION_PROTECTED_BONDS\": 0.0, \"AUS_LARGE_CAP_VALUE_STOCKS\": 0.0, \"AUS_GOVT_BONDS\": 0.0, \"EUR_TOTAL_MARKET_STOCKS\": 0.0, \"AUS_CORPORATE_BONDS\": 0.0, \"CN_TOTAL_MARKET_STOCKS\": 0.27, \"EMERGING_MARKETS_STOCKS\": 0.0, \"AUS_TOTAL_MARKET_STOCKS\": 0.0}", "volatility": 4.0977, "risk": 0.27, "expected_return": -3.03}}, {"model": "portfolios.portfoliobyrisk", "pk": 7569, "fields": {"portfolio_set": 1, "allocations": "{\"UK_TOTAL_MARKET_BONDS\": 0.0, \"CN_TOTAL_MARKET_BONDS\": 0.47, \"AUS_SMALL_CAP_VALUE_STOCKS\": 0.0, \"ASIA_EXJAP_TOTAL_MARKET_BONDS\": 0.0, \"US_TOTAL_MARKET_STOCKS\": 0.0, \"JAP_TOTAL_MARKET_STOCKS\": 0.0, \"ASIA_EXJAP_TOTAL_MARKET_STOCKS\": 0.0, \"EMERGING_MARKETS_BONDS\": 0.0, \"EUR_TOTAL_MARKET_BONDS\": 0.0, \"INTERNATIONAL_BONDS\": 0.0, \"UK_TOTAL_MARKET_STOCKS\": 0.0, \"GLOBAL_MARKETS_STOCKS\": 0.0, \"US_TOTAL_MARKET_BONDS\": 0.0, \"AUS_HIGH_YIELD_STOCKS\": 0.0, \"AUS_MUNICIPAL_BONDS\": 0.25, \"INFLATION_PROTECTED_BONDS\": 0.0, \"AUS_LARGE_CAP_VALUE_STOCKS\": 0.0, \"AUS_GOVT_BONDS\": 0.0, \"EUR_TOTAL_MARKET_STOCKS\": 0.0, \"AUS_CORPORATE_BONDS\": 0.0, \"CN_TOTAL_MARKET_STOCKS\": 0.28, \"EMERGING_MARKETS_STOCKS\": 0.0, \"AUS_TOTAL_MARKET_STOCKS\": 0.0}", "volatility": 4.0754, "risk": 0.28, "expected_return": -2.95}}, {"model": "portfolios.portfoliobyrisk", "pk": 7570, "fields": {"portfolio_set": 1, "allocations": "{\"UK_TOTAL_MARKET_BONDS\": 0.71, \"CN_TOTAL_MARKET_BONDS\": 0.0, \"AUS_SMALL_CAP_VALUE_STOCKS\": 0.0, \"ASIA_EXJAP_TOTAL_MARKET_BONDS\": 0.0, \"US_TOTAL_MARKET_STOCKS\": 0.0, \"JAP_TOTAL_MARKET_STOCKS\": 0.0, \"ASIA_EXJAP_TOTAL_MARKET_STOCKS\": 0.0, \"EMERGING_MARKETS_BONDS\": 0.0, \"EUR_TOTAL_MARKET_BONDS\": 0.0, \"INTERNATIONAL_BONDS\": 0.0, \"UK_TOTAL_MARKET_STOCKS\": 0.0, \"GLOBAL_MARKETS_STOCKS\": 0.0, \"US_TOTAL_MARKET_BONDS\": 0.0, \"AUS_HIGH_YIELD_STOCKS\": 0.0, \"AUS_MUNICIPAL_BONDS\": 0.0, \"INFLATION_PROTECTED_BONDS\": 0.0, \"AUS_LARGE_CAP_VALUE_STOCKS\": 0.25, \"AUS_GOVT_BONDS\": 0.0, \"EUR_TOTAL_MARKET_STOCKS\": 0.04, \"AUS_CORPORATE_BONDS\": 0.0, \"CN_TOTAL_MARKET_STOCKS\": 0.0, \"EMERGING_MARKETS_STOCKS\": 0.0, \"AUS_TOTAL_MARKET_STOCKS\": 0.0}", "volatility": 4.0611, "risk": 0.29, "expected_return": -2.87}}, {"model": "portfolios.portfoliobyrisk", "pk": 7571, "fields": {"portfolio_set": 1, "allocations": "{\"UK_TOTAL_MARKET_BONDS\": 0.7, \"CN_TOTAL_MARKET_BONDS\": 0.0, \"AUS_SMALL_CAP_VALUE_STOCKS\": 0.0, \"ASIA_EXJAP_TOTAL_MARKET_BONDS\": 0.0, \"US_TOTAL_MARKET_STOCKS\": 0.0, \"JAP_TOTAL_MARKET_STOCKS\": 0.05, \"ASIA_EXJAP_TOTAL_MARKET_STOCKS\": 0.0, \"EMERGING_MARKETS_BONDS\": 0.0, \"EUR_TOTAL_MARKET_BONDS\": 0.0, \"INTERNATIONAL_BONDS\": 0.0, \"UK_TOTAL_MARKET_STOCKS\": 0.0, \"GLOBAL_MARKETS_STOCKS\": 0.0, \"US_TOTAL_MARKET_BONDS\": 0.0, \"AUS_HIGH_YIELD_STOCKS\": 0.0, \"AUS_MUNICIPAL_BONDS\": 0.0, \"INFLATION_PROTECTED_BONDS\": 0.0, \"AUS_LARGE_CAP_VALUE_STOCKS\": 0.25, \"AUS_GOVT_BONDS\": 0.0, \"EUR_TOTAL_MARKET_STOCKS\": 0.0, \"AUS_CORPORATE_BONDS\": 0.0, \"CN_TOTAL_MARKET_STOCKS\": 0.0, \"EMERGING_MARKETS_STOCKS\": 0.0, \"AUS_TOTAL_MARKET_STOCKS\": 0.0}", "volatility": 4.0478, "risk": 0.3, "expected_return": -2.82}}, {"model": "portfolios.portfoliobyrisk", "pk": 7572, "fields": {"portfolio_set": 1, "allocations": "{\"UK_TOTAL_MARKET_BONDS\": 0.69, \"CN_TOTAL_MARKET_BONDS\": 0.0, \"AUS_SMALL_CAP_VALUE_STOCKS\": 0.0, \"ASIA_EXJAP_TOTAL_MARKET_BONDS\": 0.0, \"US_TOTAL_MARKET_STOCKS\": 0.0, \"JAP_TOTAL_MARKET_STOCKS\": 0.06, \"ASIA_EXJAP_TOTAL_MARKET_STOCKS\": 0.0, \"EMERGING_MARKETS_BONDS\": 0.0, \"EUR_TOTAL_MARKET_BONDS\": 0.0, \"INTERNATIONAL_BONDS\": 0.0, \"UK_TOTAL_MARKET_STOCKS\": 0.0, \"GLOBAL_MARKETS_STOCKS\": 0.0, \"US_TOTAL_MARKET_BONDS\": 0.0, \"AUS_HIGH_YIELD_STOCKS\": 0.0, \"AUS_MUNICIPAL_BONDS\": 0.0, \"INFLATION_PROTECTED_BONDS\": 0.0, \"AUS_LARGE_CAP_VALUE_STOCKS\": 0.25, \"AUS_GOVT_BONDS\": 0.0, \"EUR_TOTAL_MARKET_STOCKS\": 0.0, \"AUS_CORPORATE_BONDS\": 0.0, \"CN_TOTAL_MARKET_STOCKS\": 0.0, \"EMERGING_MARKETS_STOCKS\": 0.0, \"AUS_TOTAL_MARKET_STOCKS\": 0.0}", "volatility": 4.1251, "risk": 0.31, "expected_return": -2.25}}, {"model": "portfolios.portfoliobyrisk", "pk": 7573, "fields": {"portfolio_set": 1, "allocations": "{\"UK_TOTAL_MARKET_BONDS\": 0.68, \"CN_TOTAL_MARKET_BONDS\": 0.0, \"AUS_SMALL_CAP_VALUE_STOCKS\": 0.0, \"ASIA_EXJAP_TOTAL_MARKET_BONDS\": 0.0, \"US_TOTAL_MARKET_STOCKS\": 0.0, \"JAP_TOTAL_MARKET_STOCKS\": 0.0, \"ASIA_EXJAP_TOTAL_MARKET_STOCKS\": 0.0, \"EMERGING_MARKETS_BONDS\": 0.0, \"EUR_TOTAL_MARKET_BONDS\": 0.0, \"INTERNATIONAL_BONDS\": 0.0, \"UK_TOTAL_MARKET_STOCKS\": 0.0, \"GLOBAL_MARKETS_STOCKS\": 0.0, \"US_TOTAL_MARKET_BONDS\": 0.0, \"AUS_HIGH_YIELD_STOCKS\": 0.0, \"AUS_MUNICIPAL_BONDS\": 0.0, \"INFLATION_PROTECTED_BONDS\": 0.0, \"AUS_LARGE_CAP_VALUE_STOCKS\": 0.25, \"AUS_GOVT_BONDS\": 0.0, \"EUR_TOTAL_MARKET_STOCKS\": 0.07, \"AUS_CORPORATE_BONDS\": 0.0, \"CN_TOTAL_MARKET_STOCKS\": 0.0, \"EMERGING_MARKETS_STOCKS\": 0.0, \"AUS_TOTAL_MARKET_STOCKS\": 0.0}", "volatility": 4.1391, "risk": 0.32, "expected_return": -2.1}}, {"model": "portfolios.portfoliobyrisk", "pk": 7574, "fields": {"portfolio_set": 1, "allocations": "{\"UK_TOTAL_MARKET_BONDS\": 0.0, \"CN_TOTAL_MARKET_BONDS\": 0.42, \"AUS_SMALL_CAP_VALUE_STOCKS\": 0.0, \"ASIA_EXJAP_TOTAL_MARKET_BONDS\": 0.0, \"US_TOTAL_MARKET_STOCKS\": 0.0, \"JAP_TOTAL_MARKET_STOCKS\": 0.0, \"ASIA_EXJAP_TOTAL_MARKET_STOCKS\": 0.0, \"EMERGING_MARKETS_BONDS\": 0.0, \"EUR_TOTAL_MARKET_BONDS\": 0.0, \"INTERNATIONAL_BONDS\": 0.0, \"UK_TOTAL_MARKET_STOCKS\": 0.0, \"GLOBAL_MARKETS_STOCKS\": 0.0, \"US_TOTAL_MARKET_BONDS\": 0.0, \"AUS_HIGH_YIELD_STOCKS\": 0.0, \"AUS_MUNICIPAL_BONDS\": 0.25, \"INFLATION_PROTECTED_BONDS\": 0.0, \"AUS_LARGE_CAP_VALUE_STOCKS\": 0.0, \"AUS_GOVT_BONDS\": 0.0, \"EUR_TOTAL_MARKET_STOCKS\": 0.0, \"AUS_CORPORATE_BONDS\": 0.0, \"CN_TOTAL_MARKET_STOCKS\": 0.33, \"EMERGING_MARKETS_STOCKS\": 0.0, \"AUS_TOTAL_MARKET_STOCKS\": 0.0}", "volatility": 4.1586, "risk": 0.33, "expected_return": -1.95}}, {"model": "portfolios.portfoliobyrisk", "pk": 7575, "fields": {"portfolio_set": 1, "allocations": "{\"UK_TOTAL_MARKET_BONDS\": 0.0, \"CN_TOTAL_MARKET_BONDS\": 0.41, \"AUS_SMALL_CAP_VALUE_STOCKS\": 0.0, \"ASIA_EXJAP_TOTAL_MARKET_BONDS\": 0.0, \"US_TOTAL_MARKET_STOCKS\": 0.0, \"JAP_TOTAL_MARKET_STOCKS\": 0.0, \"ASIA_EXJAP_TOTAL_MARKET_STOCKS\": 0.0, \"EMERGING_MARKETS_BONDS\": 0.0, \"EUR_TOTAL_MARKET_BONDS\": 0.0, \"INTERNATIONAL_BONDS\": 0.0, \"UK_TOTAL_MARKET_STOCKS\": 0.0, \"GLOBAL_MARKETS_STOCKS\": 0.0, \"US_TOTAL_MARKET_BONDS\": 0.0, \"AUS_HIGH_YIELD_STOCKS\": 0.0, \"AUS_MUNICIPAL_BONDS\": 0.25, \"INFLATION_PROTECTED_BONDS\": 0.0, \"AUS_LARGE_CAP_VALUE_STOCKS\": 0.0, \"AUS_GOVT_BONDS\": 0.0, \"EUR_TOTAL_MARKET_STOCKS\": 0.0, \"AUS_CORPORATE_BONDS\": 0.0, \"CN_TOTAL_MARKET_STOCKS\": 0.34, \"EMERGING_MARKETS_STOCKS\": 0.0, \"AUS_TOTAL_MARKET_STOCKS\": 0.0}", "volatility": 4.1837, "risk": 0.34, "expected_return": -1.79}}, {"model": "portfolios.portfoliobyrisk", "pk": 7576, "fields": {"portfolio_set": 1, "allocations": "{\"UK_TOTAL_MARKET_BONDS\": 0.0, \"CN_TOTAL_MARKET_BONDS\": 0.4, \"AUS_SMALL_CAP_VALUE_STOCKS\": 0.0, \"ASIA_EXJAP_TOTAL_MARKET_BONDS\": 0.0, \"US_TOTAL_MARKET_STOCKS\": 0.0, \"JAP_TOTAL_MARKET_STOCKS\": 0.0, \"ASIA_EXJAP_TOTAL_MARKET_STOCKS\": 0.0, \"EMERGING_MARKETS_BONDS\": 0.0, \"EUR_TOTAL_MARKET_BONDS\": 0.0, \"INTERNATIONAL_BONDS\": 0.0, \"UK_TOTAL_MARKET_STOCKS\": 0.0, \"GLOBAL_MARKETS_STOCKS\": 0.0, \"US_TOTAL_MARKET_BONDS\": 0.0, \"AUS_HIGH_YIELD_STOCKS\": 0.0, \"AUS_MUNICIPAL_BONDS\": 0.25, \"INFLATION_PROTECTED_BONDS\": 0.0, \"AUS_LARGE_CAP_VALUE_STOCKS\": 0.0, \"AUS_GOVT_BONDS\": 0.0, \"EUR_TOTAL_MARKET_STOCKS\": 0.0, \"AUS_CORPORATE_BONDS\": 0.0, \"CN_TOTAL_MARKET_STOCKS\": 0.35, \"EMERGING_MARKETS_STOCKS\": 0.0, \"AUS_TOTAL_MARKET_STOCKS\": 0.0}", "volatility": 4.2141, "risk": 0.35, "expected_return": -1.64}}, {"model": "portfolios.portfoliobyrisk", "pk": 7577, "fields": {"portfolio_set": 1, "allocations": "{\"UK_TOTAL_MARKET_BONDS\": 0.64, \"CN_TOTAL_MARKET_BONDS\": 0.0, \"AUS_SMALL_CAP_VALUE_STOCKS\": 0.0, \"ASIA_EXJAP_TOTAL_MARKET_BONDS\": 0.0, \"US_TOTAL_MARKET_STOCKS\": 0.0, \"JAP_TOTAL_MARKET_STOCKS\": 0.0, \"ASIA_EXJAP_TOTAL_MARKET_STOCKS\": 0.0, \"EMERGING_MARKETS_BONDS\": 0.0, \"EUR_TOTAL_MARKET_BONDS\": 0.0, \"INTERNATIONAL_BONDS\": 0.0, \"UK_TOTAL_MARKET_STOCKS\": 0.0, \"GLOBAL_MARKETS_STOCKS\": 0.0, \"US_TOTAL_MARKET_BONDS\": 0.0, \"AUS_HIGH_YIELD_STOCKS\": 0.0, \"AUS_MUNICIPAL_BONDS\": 0.0, \"INFLATION_PROTECTED_BONDS\": 0.0, \"AUS_LARGE_CAP_VALUE_STOCKS\": 0.25, \"AUS_GOVT_BONDS\": 0.0, \"EUR_TOTAL_MARKET_STOCKS\": 0.11, \"AUS_CORPORATE_BONDS\": 0.0, \"CN_TOTAL_MARKET_STOCKS\": 0.0, \"EMERGING_MARKETS_STOCKS\": 0.0, \"AUS_TOTAL_MARKET_STOCKS\": 0.0}", "volatility": 4.2498, "risk": 0.36, "expected_return": -1.49}}, {"model": "portfolios.portfoliobyrisk", "pk": 7578, "fields": {"portfolio_set": 1, "allocations": "{\"UK_TOTAL_MARKET_BONDS\": 0.0, \"CN_TOTAL_MARKET_BONDS\": 0.38, \"AUS_SMALL_CAP_VALUE_STOCKS\": 0.0, \"ASIA_EXJAP_TOTAL_MARKET_BONDS\": 0.0, \"US_TOTAL_MARKET_STOCKS\": 0.0, \"JAP_TOTAL_MARKET_STOCKS\": 0.0, \"ASIA_EXJAP_TOTAL_MARKET_STOCKS\": 0.0, \"EMERGING_MARKETS_BONDS\": 0.0, \"EUR_TOTAL_MARKET_BONDS\": 0.0, \"INTERNATIONAL_BONDS\": 0.0, \"UK_TOTAL_MARKET_STOCKS\": 0.0, \"GLOBAL_MARKETS_STOCKS\": 0.0, \"US_TOTAL_MARKET_BONDS\": 0.0, \"AUS_HIGH_YIELD_STOCKS\": 0.0, \"AUS_MUNICIPAL_BONDS\": 0.25, \"INFLATION_PROTECTED_BONDS\": 0.0, \"AUS_LARGE_CAP_VALUE_STOCKS\": 0.0, \"AUS_GOVT_BONDS\": 0.0, \"EUR_TOTAL_MARKET_STOCKS\": 0.0, \"AUS_CORPORATE_BONDS\": 0.0, \"CN_TOTAL_MARKET_STOCKS\": 0.37, \"EMERGING_MARKETS_STOCKS\": 0.0, \"AUS_TOTAL_MARKET_STOCKS\": 0.0}", "volatility": 4.2918, "risk": 0.37, "expected_return": -1.33}}, {"model": "portfolios.portfoliobyrisk", "pk": 7579, "fields": {"portfolio_set": 1, "allocations": "{\"UK_TOTAL_MARKET_BONDS\": 0.62, \"CN_TOTAL_MARKET_BONDS\": 0.0, \"AUS_SMALL_CAP_VALUE_STOCKS\": 0.0, \"ASIA_EXJAP_TOTAL_MARKET_BONDS\": 0.0, \"US_TOTAL_MARKET_STOCKS\": 0.0, \"JAP_TOTAL_MARKET_STOCKS\": 0.0, \"ASIA_EXJAP_TOTAL_MARKET_STOCKS\": 0.0, \"EMERGING_MARKETS_BONDS\": 0.0, \"EUR_TOTAL_MARKET_BONDS\": 0.0, \"INTERNATIONAL_BONDS\": 0.0, \"UK_TOTAL_MARKET_STOCKS\": 0.0, \"GLOBAL_MARKETS_STOCKS\": 0.0, \"US_TOTAL_MARKET_BONDS\": 0.0, \"AUS_HIGH_YIELD_STOCKS\": 0.0, \"AUS_MUNICIPAL_BONDS\": 0.0, \"INFLATION_PROTECTED_BONDS\": 0.0, \"AUS_LARGE_CAP_VALUE_STOCKS\": 0.25, \"AUS_GOVT_BONDS\": 0.0, \"EUR_TOTAL_MARKET_STOCKS\": 0.13, \"AUS_CORPORATE_BONDS\": 0.0, \"CN_TOTAL_MARKET_STOCKS\": 0.0, \"EMERGING_MARKETS_STOCKS\": 0.0, \"AUS_TOTAL_MARKET_STOCKS\": 0.0}", "volatility": 4.332, "risk": 0.38, "expected_return": -1.2}}, {"model": "portfolios.portfoliobyrisk", "pk": 7580, "fields": {"portfolio_set": 1, "allocations": "{\"UK_TOTAL_MARKET_BONDS\": 0.0, \"CN_TOTAL_MARKET_BONDS\": 0.0, \"AUS_SMALL_CAP_VALUE_STOCKS\": 0.0, \"ASIA_EXJAP_TOTAL_MARKET_BONDS\": 0.36, \"US_TOTAL_MARKET_STOCKS\": 0.0, \"JAP_TOTAL_MARKET_STOCKS\": 0.0, \"ASIA_EXJAP_TOTAL_MARKET_STOCKS\": 0.0, \"EMERGING_MARKETS_BONDS\": 0.0, \"EUR_TOTAL_MARKET_BONDS\": 0.0, \"INTERNATIONAL_BONDS\": 0.0, \"UK_TOTAL_MARKET_STOCKS\": 0.0, \"GLOBAL_MARKETS_STOCKS\": 0.0, \"US_TOTAL_MARKET_BONDS\": 0.0, \"AUS_HIGH_YIELD_STOCKS\": 0.0, \"AUS_MUNICIPAL_BONDS\": 0.25, \"INFLATION_PROTECTED_BONDS\": 0.0, \"AUS_LARGE_CAP_VALUE_STOCKS\": 0.0, \"AUS_GOVT_BONDS\": 0.0, \"EUR_TOTAL_MARKET_STOCKS\": 0.0, \"AUS_CORPORATE_BONDS\": 0.0, \"CN_TOTAL_MARKET_STOCKS\": 0.39, \"EMERGING_MARKETS_STOCKS\": 0.0, \"AUS_TOTAL_MARKET_STOCKS\": 0.0}", "volatility": 4.3848, "risk": 0.39, "expected_return": -1.04}}, {"model": "portfolios.portfoliobyrisk", "pk": 7581, "fields": {"portfolio_set": 1, "allocations": "{\"UK_TOTAL_MARKET_BONDS\": 0.0, \"CN_TOTAL_MARKET_BONDS\": 0.35, \"AUS_SMALL_CAP_VALUE_STOCKS\": 0.0, \"ASIA_EXJAP_TOTAL_MARKET_BONDS\": 0.0, \"US_TOTAL_MARKET_STOCKS\": 0.0, \"JAP_TOTAL_MARKET_STOCKS\": 0.0, \"ASIA_EXJAP_TOTAL_MARKET_STOCKS\": 0.0, \"EMERGING_MARKETS_BONDS\": 0.0, \"EUR_TOTAL_MARKET_BONDS\": 0.0, \"INTERNATIONAL_BONDS\": 0.0, \"UK_TOTAL_MARKET_STOCKS\": 0.0, \"GLOBAL_MARKETS_STOCKS\": 0.0, \"US_TOTAL_MARKET_BONDS\": 0.0, \"AUS_HIGH_YIELD_STOCKS\": 0.0, \"AUS_MUNICIPAL_BONDS\": 0.25, \"INFLATION_PROTECTED_BONDS\": 0.0, \"AUS_LARGE_CAP_VALUE_STOCKS\": 0.0, \"AUS_GOVT_BONDS\": 0.0, \"EUR_TOTAL_MARKET_STOCKS\": 0.0, \"AUS_CORPORATE_BONDS\": 0.0, \"CN_TOTAL_MARKET_STOCKS\": 0.4, \"EMERGING_MARKETS_STOCKS\": 0.0, \"AUS_TOTAL_MARKET_STOCKS\": 0.0}", "volatility": 4.4417, "risk": 0.4, "expected_return": -0.88}}, {"model": "portfolios.portfoliobyrisk", "pk": 7582, "fields": {"portfolio_set": 1, "allocations": "{\"UK_TOTAL_MARKET_BONDS\": 0.59, \"CN_TOTAL_MARKET_BONDS\": 0.0, \"AUS_SMALL_CAP_VALUE_STOCKS\": 0.0, \"ASIA_EXJAP_TOTAL_MARKET_BONDS\": 0.0, \"US_TOTAL_MARKET_STOCKS\": 0.0, \"JAP_TOTAL_MARKET_STOCKS\": 0.16, \"ASIA_EXJAP_TOTAL_MARKET_STOCKS\": 0.0, \"EMERGING_MARKETS_BONDS\": 0.0, \"EUR_TOTAL_MARKET_BONDS\": 0.0, \"INTERNATIONAL_BONDS\": 0.0, \"UK_TOTAL_MARKET_STOCKS\": 0.0, \"GLOBAL_MARKETS_STOCKS\": 0.0, \"US_TOTAL_MARKET_BONDS\": 0.0, \"AUS_HIGH_YIELD_STOCKS\": 0.0, \"AUS_MUNICIPAL_BONDS\": 0.0, \"INFLATION_PROTECTED_BONDS\": 0.0, \"AUS_LARGE_CAP_VALUE_STOCKS\": 0.25, \"AUS_GOVT_BONDS\": 0.0, \"EUR_TOTAL_MARKET_STOCKS\": 0.0, \"AUS_CORPORATE_BONDS\": 0.0, \"CN_TOTAL_MARKET_STOCKS\": 0.0, \"EMERGING_MARKETS_STOCKS\": 0.0, \"AUS_TOTAL_MARKET_STOCKS\": 0.0}", "volatility": 4.4964, "risk": 0.41, "expected_return": -0.75}}, {"model": "portfolios.portfoliobyrisk", "pk": 7583, "fields": {"portfolio_set": 1, "allocations": "{\"UK_TOTAL_MARKET_BONDS\": 0.0, \"CN_TOTAL_MARKET_BONDS\": 0.58, \"AUS_SMALL_CAP_VALUE_STOCKS\": 0.25, \"ASIA_EXJAP_TOTAL_MARKET_BONDS\": 0.0, \"US_TOTAL_MARKET_STOCKS\": 0.0, \"JAP_TOTAL_MARKET_STOCKS\": 0.0, \"ASIA_EXJAP_TOTAL_MARKET_STOCKS\": 0.0, \"EMERGING_MARKETS_BONDS\": 0.0, \"EUR_TOTAL_MARKET_BONDS\": 0.0, \"INTERNATIONAL_BONDS\": 0.0, \"UK_TOTAL_MARKET_STOCKS\": 0.0, \"GLOBAL_MARKETS_STOCKS\": 0.0, \"US_TOTAL_MARKET_BONDS\": 0.0, \"AUS_HIGH_YIELD_STOCKS\": 0.0, \"AUS_MUNICIPAL_BONDS\": 0.0, \"INFLATION_PROTECTED_BONDS\": 0.0, \"AUS_LARGE_CAP_VALUE_STOCKS\": 0.0, \"AUS_GOVT_BONDS\": 0.0, \"EUR_TOTAL_MARKET_STOCKS\": 0.0, \"AUS_CORPORATE_BONDS\": 0.0, \"CN_TOTAL_MARKET_STOCKS\": 0.17, \"EMERGING_MARKETS_STOCKS\": 0.0, \"AUS_TOTAL_MARKET_STOCKS\": 0.0}", "volatility": 4.567, "risk": 0.42, "expected_return": -0.56}}, {"model": "portfolios.portfoliobyrisk", "pk": 7584, "fields": {"portfolio_set": 1, "allocations": "{\"UK_TOTAL_MARKET_BONDS\": 0.57, \"CN_TOTAL_MARKET_BONDS\": 0.0, \"AUS_SMALL_CAP_VALUE_STOCKS\": 0.0, \"ASIA_EXJAP_TOTAL_MARKET_BONDS\": 0.0, \"US_TOTAL_MARKET_STOCKS\": 0.0, \"JAP_TOTAL_MARKET_STOCKS\": 0.18, \"ASIA_EXJAP_TOTAL_MARKET_STOCKS\": 0.0, \"EMERGING_MARKETS_BONDS\": 0.0, \"EUR_TOTAL_MARKET_BONDS\": 0.0, \"INTERNATIONAL_BONDS\": 0.0, \"UK_TOTAL_MARKET_STOCKS\": 0.0, \"GLOBAL_MARKETS_STOCKS\": 0.0, \"US_TOTAL_MARKET_BONDS\": 0.0, \"AUS_HIGH_YIELD_STOCKS\": 0.0, \"AUS_MUNICIPAL_BONDS\": 0.0, \"INFLATION_PROTECTED_BONDS\": 0.0, \"AUS_LARGE_CAP_VALUE_STOCKS\": 0.25, \"AUS_GOVT_BONDS\": 0.0, \"EUR_TOTAL_MARKET_STOCKS\": 0.0, \"AUS_CORPORATE_BONDS\": 0.0, \"CN_TOTAL_MARKET_STOCKS\": 0.0, \"EMERGING_MARKETS_STOCKS\": 0.0, \"AUS_TOTAL_MARKET_STOCKS\": 0.0}", "volatility": 4.6219, "risk": 0.43, "expected_return": -0.49}}, {"model": "portfolios.portfoliobyrisk", "pk": 7585, "fields": {"portfolio_set": 1, "allocations": "{\"UK_TOTAL_MARKET_BONDS\": 0.56, \"CN_TOTAL_MARKET_BONDS\": 0.0, \"AUS_SMALL_CAP_VALUE_STOCKS\": 0.0, \"ASIA_EXJAP_TOTAL_MARKET_BONDS\": 0.0, \"US_TOTAL_MARKET_STOCKS\": 0.0, \"JAP_TOTAL_MARKET_STOCKS\": 0.0, \"ASIA_EXJAP_TOTAL_MARKET_STOCKS\": 0.0, \"EMERGING_MARKETS_BONDS\": 0.0, \"EUR_TOTAL_MARKET_BONDS\": 0.0, \"INTERNATIONAL_BONDS\": 0.0, \"UK_TOTAL_MARKET_STOCKS\": 0.0, \"GLOBAL_MARKETS_STOCKS\": 0.0, \"US_TOTAL_MARKET_BONDS\": 0.0, \"AUS_HIGH_YIELD_STOCKS\": 0.0, \"AUS_MUNICIPAL_BONDS\": 0.0, \"INFLATION_PROTECTED_BONDS\": 0.0, \"AUS_LARGE_CAP_VALUE_STOCKS\": 0.25, \"AUS_GOVT_BONDS\": 0.0, \"EUR_TOTAL_MARKET_STOCKS\": 0.19, \"AUS_CORPORATE_BONDS\": 0.0, \"CN_TOTAL_MARKET_STOCKS\": 0.0, \"EMERGING_MARKETS_STOCKS\": 0.0, \"AUS_TOTAL_MARKET_STOCKS\": 0.0}", "volatility": 4.7078, "risk": 0.44, "expected_return": -0.26}}, {"model": "portfolios.portfoliobyrisk", "pk": 7586, "fields": {"portfolio_set": 1, "allocations": "{\"UK_TOTAL_MARKET_BONDS\": 0.0, \"CN_TOTAL_MARKET_BONDS\": 0.0, \"AUS_SMALL_CAP_VALUE_STOCKS\": 0.0, \"ASIA_EXJAP_TOTAL_MARKET_BONDS\": 0.3, \"US_TOTAL_MARKET_STOCKS\": 0.0, \"JAP_TOTAL_MARKET_STOCKS\": 0.0, \"ASIA_EXJAP_TOTAL_MARKET_STOCKS\": 0.0, \"EMERGING_MARKETS_BONDS\": 0.0, \"EUR_TOTAL_MARKET_BONDS\": 0.0, \"INTERNATIONAL_BONDS\": 0.0, \"UK_TOTAL_MARKET_STOCKS\": 0.0, \"GLOBAL_MARKETS_STOCKS\": 0.0, \"US_TOTAL_MARKET_BONDS\": 0.0, \"AUS_HIGH_YIELD_STOCKS\": 0.0, \"AUS_MUNICIPAL_BONDS\": 0.25, \"INFLATION_PROTECTED_BONDS\": 0.0, \"AUS_LARGE_CAP_VALUE_STOCKS\": 0.0, \"AUS_GOVT_BONDS\": 0.0, \"EUR_TOTAL_MARKET_STOCKS\": 0.0, \"AUS_CORPORATE_BONDS\": 0.0, \"CN_TOTAL_MARKET_STOCKS\": 0.45, \"EMERGING_MARKETS_STOCKS\": 0.0, \"AUS_TOTAL_MARKET_STOCKS\": 0.0}", "volatility": 4.784, "risk": 0.45, "expected_return": -0.1}}, {"model": "portfolios.portfoliobyrisk", "pk": 7587, "fields": {"portfolio_set": 1, "allocations": "{\"UK_TOTAL_MARKET_BONDS\": 0.0, \"CN_TOTAL_MARKET_BONDS\": 0.0, \"AUS_SMALL_CAP_VALUE_STOCKS\": 0.0, \"ASIA_EXJAP_TOTAL_MARKET_BONDS\": 0.54, \"US_TOTAL_MARKET_STOCKS\": 0.0, \"JAP_TOTAL_MARKET_STOCKS\": 0.0, \"ASIA_EXJAP_TOTAL_MARKET_STOCKS\": 0.0, \"EMERGING_MARKETS_BONDS\": 0.0, \"EUR_TOTAL_MARKET_BONDS\": 0.0, \"INTERNATIONAL_BONDS\": 0.0, \"UK_TOTAL_MARKET_STOCKS\": 0.0, \"GLOBAL_MARKETS_STOCKS\": 0.0, \"US_TOTAL_MARKET_BONDS\": 0.0, \"AUS_HIGH_YIELD_STOCKS\": 0.0, \"AUS_MUNICIPAL_BONDS\": 0.0, \"INFLATION_PROTECTED_BONDS\": 0.0, \"AUS_LARGE_CAP_VALUE_STOCKS\": 0.0, \"AUS_GOVT_BONDS\": 0.0, \"EUR_TOTAL_MARKET_STOCKS\": 0.0, \"AUS_CORPORATE_BONDS\": 0.0, \"CN_TOTAL_MARKET_STOCKS\": 0.21, \"EMERGING_MARKETS_STOCKS\": 0.0, \"AUS_TOTAL_MARKET_STOCKS\": 0.25}", "volatility": 4.8638, "risk": 0.46, "expected_return": 0.05}}, {"model": "portfolios.portfoliobyrisk", "pk": 7588, "fields": {"portfolio_set": 1, "allocations": "{\"UK_TOTAL_MARKET_BONDS\": 0.0, \"CN_TOTAL_MARKET_BONDS\": 0.53, \"AUS_SMALL_CAP_VALUE_STOCKS\": 0.0, \"ASIA_EXJAP_TOTAL_MARKET_BONDS\": 0.0, \"US_TOTAL_MARKET_STOCKS\": 0.0, \"JAP_TOTAL_MARKET_STOCKS\": 0.0, \"ASIA_EXJAP_TOTAL_MARKET_STOCKS\": 0.0, \"EMERGING_MARKETS_BONDS\": 0.0, \"EUR_TOTAL_MARKET_BONDS\": 0.0, \"INTERNATIONAL_BONDS\": 0.0, \"UK_TOTAL_MARKET_STOCKS\": 0.0, \"GLOBAL_MARKETS_STOCKS\": 0.0, \"US_TOTAL_MARKET_BONDS\": 0.0, \"AUS_HIGH_YIELD_STOCKS\": 0.3609, \"AUS_MUNICIPAL_BONDS\": 0.0, \"INFLATION_PROTECTED_BONDS\": 0.0, \"AUS_LARGE_CAP_VALUE_STOCKS\": 0.0, \"AUS_GOVT_BONDS\": 0.0, \"EUR_TOTAL_MARKET_STOCKS\": 0.0, \"AUS_CORPORATE_BONDS\": 0.0, \"CN_TOTAL_MARKET_STOCKS\": 0.1091, \"EMERGING_MARKETS_STOCKS\": 0.0, \"AUS_TOTAL_MARKET_STOCKS\": 0.0}", "volatility": 4.947, "risk": 0.47, "expected_return": 0.2}}, {"model": "portfolios.portfoliobyrisk", "pk": 7589, "fields": {"portfolio_set": 1, "allocations": "{\"UK_TOTAL_MARKET_BONDS\": 0.27, \"CN_TOTAL_MARKET_BONDS\": 0.0, \"AUS_SMALL_CAP_VALUE_STOCKS\": 0.0, \"ASIA_EXJAP_TOTAL_MARKET_BONDS\": 0.0, \"US_TOTAL_MARKET_STOCKS\": 0.0, \"JAP_TOTAL_MARKET_STOCKS\": 0.0, \"ASIA_EXJAP_TOTAL_MARKET_STOCKS\": 0.0, \"EMERGING_MARKETS_BONDS\": 0.0, \"EUR_TOTAL_MARKET_BONDS\": 0.0, \"INTERNATIONAL_BONDS\": 0.0, \"UK_TOTAL_MARKET_STOCKS\": 0.0, \"GLOBAL_MARKETS_STOCKS\": 0.0, \"US_TOTAL_MARKET_BONDS\": 0.0, \"AUS_HIGH_YIELD_STOCKS\": 0.0, \"AUS_MUNICIPAL_BONDS\": 0.0, \"INFLATION_PROTECTED_BONDS\": 0.0, \"AUS_LARGE_CAP_VALUE_STOCKS\": 0.0, \"AUS_GOVT_BONDS\": 0.0, \"EUR_TOTAL_MARKET_STOCKS\": 0.48, \"AUS_CORPORATE_BONDS\": 0.25, \"CN_TOTAL_MARKET_STOCKS\": 0.0, \"EMERGING_MARKETS_STOCKS\": 0.0, \"AUS_TOTAL_MARKET_STOCKS\": 0.0}", "volatility": 5.0031, "risk": 0.48, "expected_return": 0.15}}, {"model": "portfolios.portfoliobyrisk", "pk": 7590, "fields": {"portfolio_set": 1, "allocations": "{\"UK_TOTAL_MARKET_BONDS\": 0.0, \"CN_TOTAL_MARKET_BONDS\": 0.0, \"AUS_SMALL_CAP_VALUE_STOCKS\": 0.0, \"ASIA_EXJAP_TOTAL_MARKET_BONDS\": 0.26, \"US_TOTAL_MARKET_STOCKS\": 0.0, \"JAP_TOTAL_MARKET_STOCKS\": 0.0, \"ASIA_EXJAP_TOTAL_MARKET_STOCKS\": 0.0, \"EMERGING_MARKETS_BONDS\": 0.0, \"EUR_TOTAL_MARKET_BONDS\": 0.0, \"INTERNATIONAL_BONDS\": 0.0, \"UK_TOTAL_MARKET_STOCKS\": 0.0, \"GLOBAL_MARKETS_STOCKS\": 0.0, \"US_TOTAL_MARKET_BONDS\": 0.0, \"AUS_HIGH_YIELD_STOCKS\": 0.0, \"AUS_MUNICIPAL_BONDS\": 0.25, \"INFLATION_PROTECTED_BONDS\": 0.0, \"AUS_LARGE_CAP_VALUE_STOCKS\": 0.0, \"AUS_GOVT_BONDS\": 0.0, \"EUR_TOTAL_MARKET_STOCKS\": 0.0, \"AUS_CORPORATE_BONDS\": 0.0, \"CN_TOTAL_MARKET_STOCKS\": 0.49, \"EMERGING_MARKETS_STOCKS\": 0.0, \"AUS_TOTAL_MARKET_STOCKS\": 0.0}", "volatility": 5.1146, "risk": 0.49, "expected_return": 0.45}}, {"model": "portfolios.portfoliobyrisk", "pk": 7591, "fields": {"portfolio_set": 1, "allocations": "{\"UK_TOTAL_MARKET_BONDS\": 0.0, \"CN_TOTAL_MARKET_BONDS\": 0.25, \"AUS_SMALL_CAP_VALUE_STOCKS\": 0.0, \"ASIA_EXJAP_TOTAL_MARKET_BONDS\": 0.0, \"US_TOTAL_MARKET_STOCKS\": 0.0, \"JAP_TOTAL_MARKET_STOCKS\": 0.0, \"ASIA_EXJAP_TOTAL_MARKET_STOCKS\": 0.0, \"EMERGING_MARKETS_BONDS\": 0.0, \"EUR_TOTAL_MARKET_BONDS\": 0.0, \"INTERNATIONAL_BONDS\": 0.0, \"UK_TOTAL_MARKET_STOCKS\": 0.0, \"GLOBAL_MARKETS_STOCKS\": 0.0, \"US_TOTAL_MARKET_BONDS\": 0.0, \"AUS_HIGH_YIELD_STOCKS\": 0.0, \"AUS_MUNICIPAL_BONDS\": 0.25, \"INFLATION_PROTECTED_BONDS\": 0.0, \"AUS_LARGE_CAP_VALUE_STOCKS\": 0.0, \"AUS_GOVT_BONDS\": 0.0, \"EUR_TOTAL_MARKET_STOCKS\": 0.0, \"AUS_CORPORATE_BONDS\": 0.0, \"CN_TOTAL_MARKET_STOCKS\": 0.5, \"EMERGING_MARKETS_STOCKS\": 0.0, \"AUS_TOTAL_MARKET_STOCKS\": 0.0}", "volatility": 5.1807, "risk": 0.5, "expected_return": 0.41}}, {"model": "portfolios.portfoliobyrisk", "pk": 7592, "fields": {"portfolio_set": 1, "allocations": "{\"UK_TOTAL_MARKET_BONDS\": 0.0, \"CN_TOTAL_MARKET_BONDS\": 0.24, \"AUS_SMALL_CAP_VALUE_STOCKS\": 0.0, \"ASIA_EXJAP_TOTAL_MARKET_BONDS\": 0.0, \"US_TOTAL_MARKET_STOCKS\": 0.0, \"JAP_TOTAL_MARKET_STOCKS\": 0.0, \"ASIA_EXJAP_TOTAL_MARKET_STOCKS\": 0.0, \"EMERGING_MARKETS_BONDS\": 0.0, \"EUR_TOTAL_MARKET_BONDS\": 0.0, \"INTERNATIONAL_BONDS\": 0.0, \"UK_TOTAL_MARKET_STOCKS\": 0.0, \"GLOBAL_MARKETS_STOCKS\": 0.0, \"US_TOTAL_MARKET_BONDS\": 0.0, \"AUS_HIGH_YIELD_STOCKS\": 0.0, \"AUS_MUNICIPAL_BONDS\": 0.25, \"INFLATION_PROTECTED_BONDS\": 0.0, \"AUS_LARGE_CAP_VALUE_STOCKS\": 0.0, \"AUS_GOVT_BONDS\": 0.0, \"EUR_TOTAL_MARKET_STOCKS\": 0.0, \"AUS_CORPORATE_BONDS\": 0.0, \"CN_TOTAL_MARKET_STOCKS\": 0.51, \"EMERGING_MARKETS_STOCKS\": 0.0, \"AUS_TOTAL_MARKET_STOCKS\": 0.0}", "volatility": 5.2958, "risk": 0.51, "expected_return": 0.71}}, {"model": "portfolios.portfoliobyrisk", "pk": 7593, "fields": {"portfolio_set": 1, "allocations": "{\"UK_TOTAL_MARKET_BONDS\": 0.0, \"CN_TOTAL_MARKET_BONDS\": 0.0, \"AUS_SMALL_CAP_VALUE_STOCKS\": 0.0, \"ASIA_EXJAP_TOTAL_MARKET_BONDS\": 0.0, \"US_TOTAL_MARKET_STOCKS\": 0.0, \"JAP_TOTAL_MARKET_STOCKS\": 0.0, \"ASIA_EXJAP_TOTAL_MARKET_STOCKS\": 0.0, \"EMERGING_MARKETS_BONDS\": 0.0, \"EUR_TOTAL_MARKET_BONDS\": 0.23, \"INTERNATIONAL_BONDS\": 0.0, \"UK_TOTAL_MARKET_STOCKS\": 0.0, \"GLOBAL_MARKETS_STOCKS\": 0.52, \"US_TOTAL_MARKET_BONDS\": 0.0, \"AUS_HIGH_YIELD_STOCKS\": 0.0, \"AUS_MUNICIPAL_BONDS\": 0.2496, \"INFLATION_PROTECTED_BONDS\": 0.0, \"AUS_LARGE_CAP_VALUE_STOCKS\": 0.0, \"AUS_GOVT_BONDS\": 0.0, \"EUR_TOTAL_MARKET_STOCKS\": 0.0, \"AUS_CORPORATE_BONDS\": 0.0004, \"CN_TOTAL_MARKET_STOCKS\": 0.0, \"EMERGING_MARKETS_STOCKS\": 0.0, \"AUS_TOTAL_MARKET_STOCKS\": 0.0}", "volatility": 5.434, "risk": 0.52, "expected_return": 1.14}}, {"model": "portfolios.portfoliobyrisk", "pk": 7594, "fields": {"portfolio_set": 1, "allocations": "{\"UK_TOTAL_MARKET_BONDS\": 0.21, \"CN_TOTAL_MARKET_BONDS\": 0.0, \"AUS_SMALL_CAP_VALUE_STOCKS\": 0.2006, \"ASIA_EXJAP_TOTAL_MARKET_BONDS\": 0.0, \"US_TOTAL_MARKET_STOCKS\": 0.0, \"JAP_TOTAL_MARKET_STOCKS\": 0.0, \"ASIA_EXJAP_TOTAL_MARKET_STOCKS\": 0.0, \"EMERGING_MARKETS_BONDS\": 0.0, \"EUR_TOTAL_MARKET_BONDS\": 0.2106, \"INTERNATIONAL_BONDS\": 0.0, \"UK_TOTAL_MARKET_STOCKS\": 0.0, \"GLOBAL_MARKETS_STOCKS\": 0.0, \"US_TOTAL_MARKET_BONDS\": 0.0, \"AUS_HIGH_YIELD_STOCKS\": 0.0, \"AUS_MUNICIPAL_BONDS\": 0.0, \"INFLATION_PROTECTED_BONDS\": 0.0, \"AUS_LARGE_CAP_VALUE_STOCKS\": 0.0, \"AUS_GOVT_BONDS\": 0.0, \"EUR_TOTAL_MARKET_STOCKS\": 0.3294, \"AUS_CORPORATE_BONDS\": 0.0494, \"CN_TOTAL_MARKET_STOCKS\": 0.0, \"EMERGING_MARKETS_STOCKS\": 0.0, \"AUS_TOTAL_MARKET_STOCKS\": 0.0}", "volatility": 5.5095, "risk": 0.53, "expected_return": 1.13}}, {"model": "portfolios.portfoliobyrisk", "pk": 7595, "fields": {"portfolio_set": 1, "allocations": "{\"UK_TOTAL_MARKET_BONDS\": 0.46, \"CN_TOTAL_MARKET_BONDS\": 0.0, \"AUS_SMALL_CAP_VALUE_STOCKS\": 0.0, \"ASIA_EXJAP_TOTAL_MARKET_BONDS\": 0.0, \"US_TOTAL_MARKET_STOCKS\": 0.0, \"JAP_TOTAL_MARKET_STOCKS\": 0.0, \"ASIA_EXJAP_TOTAL_MARKET_STOCKS\": 0.0, \"EMERGING_MARKETS_BONDS\": 0.0, \"EUR_TOTAL_MARKET_BONDS\": 0.0, \"INTERNATIONAL_BONDS\": 0.0, \"UK_TOTAL_MARKET_STOCKS\": 0.0, \"GLOBAL_MARKETS_STOCKS\": 0.0, \"US_TOTAL_MARKET_BONDS\": 0.0, \"AUS_HIGH_YIELD_STOCKS\": 0.0, \"AUS_MUNICIPAL_BONDS\": 0.0, \"INFLATION_PROTECTED_BONDS\": 0.0, \"AUS_LARGE_CAP_VALUE_STOCKS\": 0.25, \"AUS_GOVT_BONDS\": 0.0, \"EUR_TOTAL_MARKET_STOCKS\": 0.29, \"AUS_CORPORATE_BONDS\": 0.0, \"CN_TOTAL_MARKET_STOCKS\": 0.0, \"EMERGING_MARKETS_STOCKS\": 0.0, \"AUS_TOTAL_MARKET_STOCKS\": 0.0}", "volatility": 5.6253, "risk": 0.54, "expected_return": 1.37}}, {"model": "portfolios.portfoliobyrisk", "pk": 7596, "fields": {"portfolio_set": 1, "allocations": "{\"UK_TOTAL_MARKET_BONDS\": 0.0, \"CN_TOTAL_MARKET_BONDS\": 0.45, \"AUS_SMALL_CAP_VALUE_STOCKS\": 0.0, \"ASIA_EXJAP_TOTAL_MARKET_BONDS\": 0.0, \"US_TOTAL_MARKET_STOCKS\": 0.0, \"JAP_TOTAL_MARKET_STOCKS\": 0.0, \"ASIA_EXJAP_TOTAL_MARKET_STOCKS\": 0.0, \"EMERGING_MARKETS_BONDS\": 0.0, \"EUR_TOTAL_MARKET_BONDS\": 0.0, \"INTERNATIONAL_BONDS\": 0.0, \"UK_TOTAL_MARKET_STOCKS\": 0.0, \"GLOBAL_MARKETS_STOCKS\": 0.0173, \"US_TOTAL_MARKET_BONDS\": 0.0, \"AUS_HIGH_YIELD_STOCKS\": 0.25, \"AUS_MUNICIPAL_BONDS\": 0.0, \"INFLATION_PROTECTED_BONDS\": 0.0, \"AUS_LARGE_CAP_VALUE_STOCKS\": 0.0, \"AUS_GOVT_BONDS\": 0.0, \"EUR_TOTAL_MARKET_STOCKS\": 0.0, \"AUS_CORPORATE_BONDS\": 0.0, \"CN_TOTAL_MARKET_STOCKS\": 0.2827, \"EMERGING_MARKETS_STOCKS\": 0.0, \"AUS_TOTAL_MARKET_STOCKS\": 0.0}", "volatility": 5.7175, "risk": 0.55, "expected_return": 1.43}}, {"model": "portfolios.portfoliobyrisk", "pk": 7597, "fields": {"portfolio_set": 1, "allocations": "{\"UK_TOTAL_MARKET_BONDS\": 0.0, \"CN_TOTAL_MARKET_BONDS\": 0.2467, \"AUS_SMALL_CAP_VALUE_STOCKS\": 0.0, \"ASIA_EXJAP_TOTAL_MARKET_BONDS\": 0.1933, \"US_TOTAL_MARKET_STOCKS\": 0.0, \"JAP_TOTAL_MARKET_STOCKS\": 0.31, \"ASIA_EXJAP_TOTAL_MARKET_STOCKS\": 0.0, \"EMERGING_MARKETS_BONDS\": 0.0, \"EUR_TOTAL_MARKET_BONDS\": 0.0, \"INTERNATIONAL_BONDS\": 0.0, \"UK_TOTAL_MARKET_STOCKS\": 0.0, \"GLOBAL_MARKETS_STOCKS\": 0.0, \"US_TOTAL_MARKET_BONDS\": 0.0, \"AUS_HIGH_YIELD_STOCKS\": 0.0, \"AUS_MUNICIPAL_BONDS\": 0.0, \"INFLATION_PROTECTED_BONDS\": 0.0, \"AUS_LARGE_CAP_VALUE_STOCKS\": 0.1453, \"AUS_GOVT_BONDS\": 0.0, \"EUR_TOTAL_MARKET_STOCKS\": 0.0, \"AUS_CORPORATE_BONDS\": 0.0, \"CN_TOTAL_MARKET_STOCKS\": 0.0, \"EMERGING_MARKETS_STOCKS\": 0.0, \"AUS_TOTAL_MARKET_STOCKS\": 0.1047}", "volatility": 5.8293, "risk": 0.56, "expected_return": 1.62}}, {"model": "portfolios.portfoliobyrisk", "pk": 7598, "fields": {"portfolio_set": 1, "allocations": "{\"UK_TOTAL_MARKET_BONDS\": 0.43, \"CN_TOTAL_MARKET_BONDS\": 0.0, \"AUS_SMALL_CAP_VALUE_STOCKS\": 0.0, \"ASIA_EXJAP_TOTAL_MARKET_BONDS\": 0.0, \"US_TOTAL_MARKET_STOCKS\": 0.0, \"JAP_TOTAL_MARKET_STOCKS\": 0.0, \"ASIA_EXJAP_TOTAL_MARKET_STOCKS\": 0.0, \"EMERGING_MARKETS_BONDS\": 0.0, \"EUR_TOTAL_MARKET_BONDS\": 0.0, \"INTERNATIONAL_BONDS\": 0.0, \"UK_TOTAL_MARKET_STOCKS\": 0.0, \"GLOBAL_MARKETS_STOCKS\": 0.0, \"US_TOTAL_MARKET_BONDS\": 0.0, \"AUS_HIGH_YIELD_STOCKS\": 0.0, \"AUS_MUNICIPAL_BONDS\": 0.0, \"INFLATION_PROTECTED_BONDS\": 0.0, \"AUS_LARGE_CAP_VALUE_STOCKS\": 0.25, \"AUS_GOVT_BONDS\": 0.0, \"EUR_TOTAL_MARKET_STOCKS\": 0.32, \"AUS_CORPORATE_BONDS\": 0.0, \"CN_TOTAL_MARKET_STOCKS\": 0.0, \"EMERGING_MARKETS_STOCKS\": 0.0, \"AUS_TOTAL_MARKET_STOCKS\": 0.0}", "volatility": 5.9725, "risk": 0.57, "expected_return": 0.83}}, {"model": "portfolios.portfoliobyrisk", "pk": 7599, "fields": {"portfolio_set": 1, "allocations": "{\"UK_TOTAL_MARKET_BONDS\": 0.42, \"CN_TOTAL_MARKET_BONDS\": 0.0, \"AUS_SMALL_CAP_VALUE_STOCKS\": 0.0, \"ASIA_EXJAP_TOTAL_MARKET_BONDS\": 0.0, \"US_TOTAL_MARKET_STOCKS\": 0.0, \"JAP_TOTAL_MARKET_STOCKS\": 0.0, \"ASIA_EXJAP_TOTAL_MARKET_STOCKS\": 0.0, \"EMERGING_MARKETS_BONDS\": 0.0, \"EUR_TOTAL_MARKET_BONDS\": 0.0, \"INTERNATIONAL_BONDS\": 0.0, \"UK_TOTAL_MARKET_STOCKS\": 0.0, \"GLOBAL_MARKETS_STOCKS\": 0.33, \"US_TOTAL_MARKET_BONDS\": 0.0, \"AUS_HIGH_YIELD_STOCKS\": 0.0, \"AUS_MUNICIPAL_BONDS\": 0.0, \"INFLATION_PROTECTED_BONDS\": 0.0, \"AUS_LARGE_CAP_VALUE_STOCKS\": 0.25, \"AUS_GOVT_BONDS\": 0.0, \"EUR_TOTAL_MARKET_STOCKS\": 0.0, \"AUS_CORPORATE_BONDS\": 0.0, \"CN_TOTAL_MARKET_STOCKS\": 0.0, \"EMERGING_MARKETS_STOCKS\": 0.0, \"AUS_TOTAL_MARKET_STOCKS\": 0.0}", "volatility": 6.0817, "risk": 0.58, "expected_return": 0.79}}, {"model": "portfolios.portfoliobyrisk", "pk": 7600, "fields": {"portfolio_set": 1, "allocations": "{\"UK_TOTAL_MARKET_BONDS\": 0.0, \"CN_TOTAL_MARKET_BONDS\": 0.16, \"AUS_SMALL_CAP_VALUE_STOCKS\": 0.0, \"ASIA_EXJAP_TOTAL_MARKET_BONDS\": 0.0, \"US_TOTAL_MARKET_STOCKS\": 0.0, \"JAP_TOTAL_MARKET_STOCKS\": 0.0, \"ASIA_EXJAP_TOTAL_MARKET_STOCKS\": 0.0, \"EMERGING_MARKETS_BONDS\": 0.0, \"EUR_TOTAL_MARKET_BONDS\": 0.0, \"INTERNATIONAL_BONDS\": 0.0, \"UK_TOTAL_MARKET_STOCKS\": 0.0, \"GLOBAL_MARKETS_STOCKS\": 0.0, \"US_TOTAL_MARKET_BONDS\": 0.0, \"AUS_HIGH_YIELD_STOCKS\": 0.0, \"AUS_MUNICIPAL_BONDS\": 0.25, \"INFLATION_PROTECTED_BONDS\": 0.0, \"AUS_LARGE_CAP_VALUE_STOCKS\": 0.0, \"AUS_GOVT_BONDS\": 0.0, \"EUR_TOTAL_MARKET_STOCKS\": 0.0, \"AUS_CORPORATE_BONDS\": 0.0, \"CN_TOTAL_MARKET_STOCKS\": 0.59, \"EMERGING_MARKETS_STOCKS\": 0.0, \"AUS_TOTAL_MARKET_STOCKS\": 0.0}", "volatility": 6.1921, "risk": 0.59, "expected_return": 0.82}}, {"model": "portfolios.portfoliobyrisk", "pk": 7601, "fields": {"portfolio_set": 1, "allocations": "{\"UK_TOTAL_MARKET_BONDS\": 0.0, \"CN_TOTAL_MARKET_BONDS\": 0.15, \"AUS_SMALL_CAP_VALUE_STOCKS\": 0.0, \"ASIA_EXJAP_TOTAL_MARKET_BONDS\": 0.0, \"US_TOTAL_MARKET_STOCKS\": 0.0, \"JAP_TOTAL_MARKET_STOCKS\": 0.0, \"ASIA_EXJAP_TOTAL_MARKET_STOCKS\": 0.0, \"EMERGING_MARKETS_BONDS\": 0.0, \"EUR_TOTAL_MARKET_BONDS\": 0.0, \"INTERNATIONAL_BONDS\": 0.0, \"UK_TOTAL_MARKET_STOCKS\": 0.0, \"GLOBAL_MARKETS_STOCKS\": 0.0, \"US_TOTAL_MARKET_BONDS\": 0.0, \"AUS_HIGH_YIELD_STOCKS\": 0.0, \"AUS_MUNICIPAL_BONDS\": 0.25, \"INFLATION_PROTECTED_BONDS\": 0.0, \"AUS_LARGE_CAP_VALUE_STOCKS\": 0.0, \"AUS_GOVT_BONDS\": 0.0, \"EUR_TOTAL_MARKET_STOCKS\": 0.0, \"AUS_CORPORATE_BONDS\": 0.0, \"CN_TOTAL_MARKET_STOCKS\": 0.6, \"EMERGING_MARKETS_STOCKS\": 0.0, \"AUS_TOTAL_MARKET_STOCKS\": 0.0}", "volatility": 6.3044, "risk": 0.6, "expected_return": 0.79}}, {"model": "portfolios.portfoliobyrisk", "pk": 7602, "fields": {"portfolio_set": 1, "allocations": "{\"UK_TOTAL_MARKET_BONDS\": 0.0, \"CN_TOTAL_MARKET_BONDS\": 0.14, \"AUS_SMALL_CAP_VALUE_STOCKS\": 0.0, \"ASIA_EXJAP_TOTAL_MARKET_BONDS\": 0.0, \"US_TOTAL_MARKET_STOCKS\": 0.0, \"JAP_TOTAL_MARKET_STOCKS\": 0.0, \"ASIA_EXJAP_TOTAL_MARKET_STOCKS\": 0.0, \"EMERGING_MARKETS_BONDS\": 0.0, \"EUR_TOTAL_MARKET_BONDS\": 0.0, \"INTERNATIONAL_BONDS\": 0.0, \"UK_TOTAL_MARKET_STOCKS\": 0.0, \"GLOBAL_MARKETS_STOCKS\": 0.0, \"US_TOTAL_MARKET_BONDS\": 0.0, \"AUS_HIGH_YIELD_STOCKS\": 0.0, \"AUS_MUNICIPAL_BONDS\": 0.25, \"INFLATION_PROTECTED_BONDS\": 0.0, \"AUS_LARGE_CAP_VALUE_STOCKS\": 0.0, \"AUS_GOVT_BONDS\": 0.0, \"EUR_TOTAL_MARKET_STOCKS\": 0.0, \"AUS_CORPORATE_BONDS\": 0.0, \"CN_TOTAL_MARKET_STOCKS\": 0.61, \"EMERGING_MARKETS_STOCKS\": 0.0, \"AUS_TOTAL_MARKET_STOCKS\": 0.0}", "volatility": 6.4176, "risk": 0.61, "expected_return": 0.81}}, {"model": "portfolios.portfoliobyrisk", "pk": 7603, "fields": {"portfolio_set": 1, "allocations": "{\"UK_TOTAL_MARKET_BONDS\": 0.0, \"CN_TOTAL_MARKET_BONDS\": 0.13, \"AUS_SMALL_CAP_VALUE_STOCKS\": 0.0, \"ASIA_EXJAP_TOTAL_MARKET_BONDS\": 0.0, \"US_TOTAL_MARKET_STOCKS\": 0.0, \"JAP_TOTAL_MARKET_STOCKS\": 0.0, \"ASIA_EXJAP_TOTAL_MARKET_STOCKS\": 0.0, \"EMERGING_MARKETS_BONDS\": 0.0, \"EUR_TOTAL_MARKET_BONDS\": 0.0, \"INTERNATIONAL_BONDS\": 0.0, \"UK_TOTAL_MARKET_STOCKS\": 0.0, \"GLOBAL_MARKETS_STOCKS\": 0.0, \"US_TOTAL_MARKET_BONDS\": 0.0, \"AUS_HIGH_YIELD_STOCKS\": 0.0, \"AUS_MUNICIPAL_BONDS\": 0.25, \"INFLATION_PROTECTED_BONDS\": 0.0, \"AUS_LARGE_CAP_VALUE_STOCKS\": 0.0, \"AUS_GOVT_BONDS\": 0.0, \"EUR_TOTAL_MARKET_STOCKS\": 0.0, \"AUS_CORPORATE_BONDS\": 0.0, \"CN_TOTAL_MARKET_STOCKS\": 0.62, \"EMERGING_MARKETS_STOCKS\": 0.0, \"AUS_TOTAL_MARKET_STOCKS\": 0.0}", "volatility": 6.5315, "risk": 0.62, "expected_return": 0.8}}, {"model": "portfolios.portfoliobyrisk", "pk": 7604, "fields": {"portfolio_set": 1, "allocations": "{\"UK_TOTAL_MARKET_BONDS\": 0.0, \"CN_TOTAL_MARKET_BONDS\": 0.37, \"AUS_SMALL_CAP_VALUE_STOCKS\": 0.0, \"ASIA_EXJAP_TOTAL_MARKET_BONDS\": 0.0, \"US_TOTAL_MARKET_STOCKS\": 0.0, \"JAP_TOTAL_MARKET_STOCKS\": 0.0, \"ASIA_EXJAP_TOTAL_MARKET_STOCKS\": 0.0, \"EMERGING_MARKETS_BONDS\": 0.0, \"EUR_TOTAL_MARKET_BONDS\": 0.0, \"INTERNATIONAL_BONDS\": 0.0, \"UK_TOTAL_MARKET_STOCKS\": 0.0, \"GLOBAL_MARKETS_STOCKS\": 0.0, \"US_TOTAL_MARKET_BONDS\": 0.0, \"AUS_HIGH_YIELD_STOCKS\": 0.25, \"AUS_MUNICIPAL_BONDS\": 0.0, \"INFLATION_PROTECTED_BONDS\": 0.0, \"AUS_LARGE_CAP_VALUE_STOCKS\": 0.0, \"AUS_GOVT_BONDS\": 0.0, \"EUR_TOTAL_MARKET_STOCKS\": 0.0, \"AUS_CORPORATE_BONDS\": 0.0, \"CN_TOTAL_MARKET_STOCKS\": 0.38, \"EMERGING_MARKETS_STOCKS\": 0.0, \"AUS_TOTAL_MARKET_STOCKS\": 0.0}", "volatility": 6.6467, "risk": 0.63, "expected_return": 0.81}}, {"model": "portfolios.portfoliobyrisk", "pk": 7605, "fields": {"portfolio_set": 1, "allocations": "{\"UK_TOTAL_MARKET_BONDS\": 0.0, \"CN_TOTAL_MARKET_BONDS\": 0.0, \"AUS_SMALL_CAP_VALUE_STOCKS\": 0.0, \"ASIA_EXJAP_TOTAL_MARKET_BONDS\": 0.11, \"US_TOTAL_MARKET_STOCKS\": 0.0, \"JAP_TOTAL_MARKET_STOCKS\": 0.0, \"ASIA_EXJAP_TOTAL_MARKET_STOCKS\": 0.0, \"EMERGING_MARKETS_BONDS\": 0.0, \"EUR_TOTAL_MARKET_BONDS\": 0.0, \"INTERNATIONAL_BONDS\": 0.0, \"UK_TOTAL_MARKET_STOCKS\": 0.0, \"GLOBAL_MARKETS_STOCKS\": 0.0, \"US_TOTAL_MARKET_BONDS\": 0.0, \"AUS_HIGH_YIELD_STOCKS\": 0.0, \"AUS_MUNICIPAL_BONDS\": 0.25, \"INFLATION_PROTECTED_BONDS\": 0.0, \"AUS_LARGE_CAP_VALUE_STOCKS\": 0.0, \"AUS_GOVT_BONDS\": 0.0, \"EUR_TOTAL_MARKET_STOCKS\": 0.0, \"AUS_CORPORATE_BONDS\": 0.0, \"CN_TOTAL_MARKET_STOCKS\": 0.64, \"EMERGING_MARKETS_STOCKS\": 0.0, \"AUS_TOTAL_MARKET_STOCKS\": 0.0}", "volatility": 6.7596, "risk": 0.64, "expected_return": 0.76}}, {"model": "portfolios.portfoliobyrisk", "pk": 7606, "fields": {"portfolio_set": 1, "allocations": "{\"UK_TOTAL_MARKET_BONDS\": 0.0, \"CN_TOTAL_MARKET_BONDS\": 0.0, \"AUS_SMALL_CAP_VALUE_STOCKS\": 0.0, \"ASIA_EXJAP_TOTAL_MARKET_BONDS\": 0.1, \"US_TOTAL_MARKET_STOCKS\": 0.0, \"JAP_TOTAL_MARKET_STOCKS\": 0.0, \"ASIA_EXJAP_TOTAL_MARKET_STOCKS\": 0.0, \"EMERGING_MARKETS_BONDS\": 0.0, \"EUR_TOTAL_MARKET_BONDS\": 0.0, \"INTERNATIONAL_BONDS\": 0.0, \"UK_TOTAL_MARKET_STOCKS\": 0.0, \"GLOBAL_MARKETS_STOCKS\": 0.0, \"US_TOTAL_MARKET_BONDS\": 0.0, \"AUS_HIGH_YIELD_STOCKS\": 0.0, \"AUS_MUNICIPAL_BONDS\": 0.25, \"INFLATION_PROTECTED_BONDS\": 0.0, \"AUS_LARGE_CAP_VALUE_STOCKS\": 0.0, \"AUS_GOVT_BONDS\": 0.0, \"EUR_TOTAL_MARKET_STOCKS\": 0.0, \"AUS_CORPORATE_BONDS\": 0.0, \"CN_TOTAL_MARKET_STOCKS\": 0.65, \"EMERGING_MARKETS_STOCKS\": 0.0, \"AUS_TOTAL_MARKET_STOCKS\": 0.0}", "volatility": 6.8756, "risk": 0.65, "expected_return": 0.75}}, {"model": "portfolios.portfoliobyrisk", "pk": 7607, "fields": {"portfolio_set": 1, "allocations": "{\"UK_TOTAL_MARKET_BONDS\": 0.0, \"CN_TOTAL_MARKET_BONDS\": 0.34, \"AUS_SMALL_CAP_VALUE_STOCKS\": 0.25, \"ASIA_EXJAP_TOTAL_MARKET_BONDS\": 0.0, \"US_TOTAL_MARKET_STOCKS\": 0.0, \"JAP_TOTAL_MARKET_STOCKS\": 0.0, \"ASIA_EXJAP_TOTAL_MARKET_STOCKS\": 0.0, \"EMERGING_MARKETS_BONDS\": 0.0, \"EUR_TOTAL_MARKET_BONDS\": 0.0, \"INTERNATIONAL_BONDS\": 0.0, \"UK_TOTAL_MARKET_STOCKS\": 0.0, \"GLOBAL_MARKETS_STOCKS\": 0.2269, \"US_TOTAL_MARKET_BONDS\": 0.0, \"AUS_HIGH_YIELD_STOCKS\": 0.0, \"AUS_MUNICIPAL_BONDS\": 0.0, \"INFLATION_PROTECTED_BONDS\": 0.0, \"AUS_LARGE_CAP_VALUE_STOCKS\": 0.0, \"AUS_GOVT_BONDS\": 0.0, \"EUR_TOTAL_MARKET_STOCKS\": 0.0, \"AUS_CORPORATE_BONDS\": 0.0, \"CN_TOTAL_MARKET_STOCKS\": 0.1831, \"EMERGING_MARKETS_STOCKS\": 0.0, \"AUS_TOTAL_MARKET_STOCKS\": 0.0}", "volatility": 6.997, "risk": 0.66, "expected_return": 0.82}}, {"model": "portfolios.portfoliobyrisk", "pk": 7608, "fields": {"portfolio_set": 1, "allocations": "{\"UK_TOTAL_MARKET_BONDS\": 0.33, \"CN_TOTAL_MARKET_BONDS\": 0.0, \"AUS_SMALL_CAP_VALUE_STOCKS\": 0.0, \"ASIA_EXJAP_TOTAL_MARKET_BONDS\": 0.0, \"US_TOTAL_MARKET_STOCKS\": 0.0, \"JAP_TOTAL_MARKET_STOCKS\": 0.0, \"ASIA_EXJAP_TOTAL_MARKET_STOCKS\": 0.0, \"EMERGING_MARKETS_BONDS\": 0.0, \"EUR_TOTAL_MARKET_BONDS\": 0.0, \"INTERNATIONAL_BONDS\": 0.0, \"UK_TOTAL_MARKET_STOCKS\": 0.0, \"GLOBAL_MARKETS_STOCKS\": 0.0, \"US_TOTAL_MARKET_BONDS\": 0.0, \"AUS_HIGH_YIELD_STOCKS\": 0.0, \"AUS_MUNICIPAL_BONDS\": 0.0, \"INFLATION_PROTECTED_BONDS\": 0.0, \"AUS_LARGE_CAP_VALUE_STOCKS\": 0.25, \"AUS_GOVT_BONDS\": 0.0, \"EUR_TOTAL_MARKET_STOCKS\": 0.42, \"AUS_CORPORATE_BONDS\": 0.0, \"CN_TOTAL_MARKET_STOCKS\": 0.0, \"EMERGING_MARKETS_STOCKS\": 0.0, \"AUS_TOTAL_MARKET_STOCKS\": 0.0}", "volatility": 7.1151, "risk": 0.67, "expected_return": 0.81}}, {"model": "portfolios.portfoliobyrisk", "pk": 7609, "fields": {"portfolio_set": 1, "allocations": "{\"UK_TOTAL_MARKET_BONDS\": 0.0, \"CN_TOTAL_MARKET_BONDS\": 0.0, \"AUS_SMALL_CAP_VALUE_STOCKS\": 0.0, \"ASIA_EXJAP_TOTAL_MARKET_BONDS\": 0.0, \"US_TOTAL_MARKET_STOCKS\": 0.0, \"JAP_TOTAL_MARKET_STOCKS\": 0.0, \"ASIA_EXJAP_TOTAL_MARKET_STOCKS\": 0.0, \"EMERGING_MARKETS_BONDS\": 0.0, \"EUR_TOTAL_MARKET_BONDS\": 0.2269, \"INTERNATIONAL_BONDS\": 0.0, \"UK_TOTAL_MARKET_STOCKS\": 0.0, \"GLOBAL_MARKETS_STOCKS\": 0.4693, \"US_TOTAL_MARKET_BONDS\": 0.0, \"AUS_HIGH_YIELD_STOCKS\": 0.0, \"AUS_MUNICIPAL_BONDS\": 0.0931, \"INFLATION_PROTECTED_BONDS\": 0.0, \"AUS_LARGE_CAP_VALUE_STOCKS\": 0.1569, \"AUS_GOVT_BONDS\": 0.0, \"EUR_TOTAL_MARKET_STOCKS\": 0.0, \"AUS_CORPORATE_BONDS\": 0.0, \"CN_TOTAL_MARKET_STOCKS\": 0.0, \"EMERGING_MARKETS_STOCKS\": 0.0539, \"AUS_TOTAL_MARKET_STOCKS\": 0.0}", "volatility": 7.234, "risk": 0.68, "expected_return": 0.81}}, {"model": "portfolios.portfoliobyrisk", "pk": 7610, "fields": {"portfolio_set": 1, "allocations": "{\"UK_TOTAL_MARKET_BONDS\": 0.06, \"CN_TOTAL_MARKET_BONDS\": 0.0, \"AUS_SMALL_CAP_VALUE_STOCKS\": 0.0, \"ASIA_EXJAP_TOTAL_MARKET_BONDS\": 0.0, \"US_TOTAL_MARKET_STOCKS\": 0.0, \"JAP_TOTAL_MARKET_STOCKS\": 0.0, \"ASIA_EXJAP_TOTAL_MARKET_STOCKS\": 0.0, \"EMERGING_MARKETS_BONDS\": 0.0, \"EUR_TOTAL_MARKET_BONDS\": 0.0, \"INTERNATIONAL_BONDS\": 0.0, \"UK_TOTAL_MARKET_STOCKS\": 0.0, \"GLOBAL_MARKETS_STOCKS\": 0.0, \"US_TOTAL_MARKET_BONDS\": 0.0, \"AUS_HIGH_YIELD_STOCKS\": 0.0, \"AUS_MUNICIPAL_BONDS\": 0.0, \"INFLATION_PROTECTED_BONDS\": 0.0, \"AUS_LARGE_CAP_VALUE_STOCKS\": 0.0, \"AUS_GOVT_BONDS\": 0.0, \"EUR_TOTAL_MARKET_STOCKS\": 0.69, \"AUS_CORPORATE_BONDS\": 0.25, \"CN_TOTAL_MARKET_STOCKS\": 0.0, \"EMERGING_MARKETS_STOCKS\": 0.0, \"AUS_TOTAL_MARKET_STOCKS\": 0.0}", "volatility": 7.3536, "risk": 0.69, "expected_return": 0.8}}, {"model": "portfolios.portfoliobyrisk", "pk": 7611, "fields": {"portfolio_set": 1, "allocations": "{\"UK_TOTAL_MARKET_BONDS\": 0.3, \"CN_TOTAL_MARKET_BONDS\": 0.0, \"AUS_SMALL_CAP_VALUE_STOCKS\": 0.0, \"ASIA_EXJAP_TOTAL_MARKET_BONDS\": 0.0, \"US_TOTAL_MARKET_STOCKS\": 0.0, \"JAP_TOTAL_MARKET_STOCKS\": 0.0, \"ASIA_EXJAP_TOTAL_MARKET_STOCKS\": 0.0, \"EMERGING_MARKETS_BONDS\": 0.0, \"EUR_TOTAL_MARKET_BONDS\": 0.0, \"INTERNATIONAL_BONDS\": 0.0, \"UK_TOTAL_MARKET_STOCKS\": 0.0, \"GLOBAL_MARKETS_STOCKS\": 0.0, \"US_TOTAL_MARKET_BONDS\": 0.0, \"AUS_HIGH_YIELD_STOCKS\": 0.0, \"AUS_MUNICIPAL_BONDS\": 0.0, \"INFLATION_PROTECTED_BONDS\": 0.0, \"AUS_LARGE_CAP_VALUE_STOCKS\": 0.25, \"AUS_GOVT_BONDS\": 0.0, \"EUR_TOTAL_MARKET_STOCKS\": 0.45, \"AUS_CORPORATE_BONDS\": 0.0, \"CN_TOTAL_MARKET_STOCKS\": 0.0, \"EMERGING_MARKETS_STOCKS\": 0.0, \"AUS_TOTAL_MARKET_STOCKS\": 0.0}", "volatility": 7.474, "risk": 0.7, "expected_return": 0.82}}, {"model": "portfolios.portfoliobyrisk", "pk": 7612, "fields": {"portfolio_set": 1, "allocations": "{\"UK_TOTAL_MARKET_BONDS\": 0.29, \"CN_TOTAL_MARKET_BONDS\": 0.0, \"AUS_SMALL_CAP_VALUE_STOCKS\": 0.0, \"ASIA_EXJAP_TOTAL_MARKET_BONDS\": 0.0, \"US_TOTAL_MARKET_STOCKS\": 0.0, \"JAP_TOTAL_MARKET_STOCKS\": 0.0, \"ASIA_EXJAP_TOTAL_MARKET_STOCKS\": 0.0, \"EMERGING_MARKETS_BONDS\": 0.0, \"EUR_TOTAL_MARKET_BONDS\": 0.0, \"INTERNATIONAL_BONDS\": 0.0, \"UK_TOTAL_MARKET_STOCKS\": 0.0, \"GLOBAL_MARKETS_STOCKS\": 0.0, \"US_TOTAL_MARKET_BONDS\": 0.0, \"AUS_HIGH_YIELD_STOCKS\": 0.0, \"AUS_MUNICIPAL_BONDS\": 0.0, \"INFLATION_PROTECTED_BONDS\": 0.0, \"AUS_LARGE_CAP_VALUE_STOCKS\": 0.25, \"AUS_GOVT_BONDS\": 0.0, \"EUR_TOTAL_MARKET_STOCKS\": 0.46, \"AUS_CORPORATE_BONDS\": 0.0, \"CN_TOTAL_MARKET_STOCKS\": 0.0, \"EMERGING_MARKETS_STOCKS\": 0.0, \"AUS_TOTAL_MARKET_STOCKS\": 0.0}", "volatility": 7.5952, "risk": 0.71, "expected_return": 0.82}}, {"model": "portfolios.portfoliobyrisk", "pk": 7613, "fields": {"portfolio_set": 1, "allocations": "{\"UK_TOTAL_MARKET_BONDS\": 0.28, \"CN_TOTAL_MARKET_BONDS\": 0.0, \"AUS_SMALL_CAP_VALUE_STOCKS\": 0.0, \"ASIA_EXJAP_TOTAL_MARKET_BONDS\": 0.0, \"US_TOTAL_MARKET_STOCKS\": 0.0, \"JAP_TOTAL_MARKET_STOCKS\": 0.47, \"ASIA_EXJAP_TOTAL_MARKET_STOCKS\": 0.0, \"EMERGING_MARKETS_BONDS\": 0.0, \"EUR_TOTAL_MARKET_BONDS\": 0.0, \"INTERNATIONAL_BONDS\": 0.0, \"UK_TOTAL_MARKET_STOCKS\": 0.0, \"GLOBAL_MARKETS_STOCKS\": 0.0, \"US_TOTAL_MARKET_BONDS\": 0.0, \"AUS_HIGH_YIELD_STOCKS\": 0.0, \"AUS_MUNICIPAL_BONDS\": 0.0, \"INFLATION_PROTECTED_BONDS\": 0.0, \"AUS_LARGE_CAP_VALUE_STOCKS\": 0.25, \"AUS_GOVT_BONDS\": 0.0, \"EUR_TOTAL_MARKET_STOCKS\": 0.0, \"AUS_CORPORATE_BONDS\": 0.0, \"CN_TOTAL_MARKET_STOCKS\": 0.0, \"EMERGING_MARKETS_STOCKS\": 0.0, \"AUS_TOTAL_MARKET_STOCKS\": 0.0}", "volatility": 7.7623, "risk": 0.72, "expected_return": 1.2}}, {"model": "portfolios.portfoliobyrisk", "pk": 7614, "fields": {"portfolio_set": 1, "allocations": "{\"UK_TOTAL_MARKET_BONDS\": 0.27, \"CN_TOTAL_MARKET_BONDS\": 0.0, \"AUS_SMALL_CAP_VALUE_STOCKS\": 0.0, \"ASIA_EXJAP_TOTAL_MARKET_BONDS\": 0.0, \"US_TOTAL_MARKET_STOCKS\": 0.0, \"JAP_TOTAL_MARKET_STOCKS\": 0.0, \"ASIA_EXJAP_TOTAL_MARKET_STOCKS\": 0.0, \"EMERGING_MARKETS_BONDS\": 0.0, \"EUR_TOTAL_MARKET_BONDS\": 0.0, \"INTERNATIONAL_BONDS\": 0.0, \"UK_TOTAL_MARKET_STOCKS\": 0.0, \"GLOBAL_MARKETS_STOCKS\": 0.0, \"US_TOTAL_MARKET_BONDS\": 0.0, \"AUS_HIGH_YIELD_STOCKS\": 0.0, \"AUS_MUNICIPAL_BONDS\": 0.0, \"INFLATION_PROTECTED_BONDS\": 0.0, \"AUS_LARGE_CAP_VALUE_STOCKS\": 0.25, \"AUS_GOVT_BONDS\": 0.0, \"EUR_TOTAL_MARKET_STOCKS\": 0.48, \"AUS_CORPORATE_BONDS\": 0.0, \"CN_TOTAL_MARKET_STOCKS\": 0.0, \"EMERGING_MARKETS_STOCKS\": 0.0, \"AUS_TOTAL_MARKET_STOCKS\": 0.0}", "volatility": 7.8837, "risk": 0.73, "expected_return": 1.22}}, {"model": "portfolios.portfoliobyrisk", "pk": 7615, "fields": {"portfolio_set": 1, "allocations": "{\"UK_TOTAL_MARKET_BONDS\": 0.0, \"CN_TOTAL_MARKET_BONDS\": 0.26, \"AUS_SMALL_CAP_VALUE_STOCKS\": 0.0, \"ASIA_EXJAP_TOTAL_MARKET_BONDS\": 0.0, \"US_TOTAL_MARKET_STOCKS\": 0.0, \"JAP_TOTAL_MARKET_STOCKS\": 0.49, \"ASIA_EXJAP_TOTAL_MARKET_STOCKS\": 0.0, \"EMERGING_MARKETS_BONDS\": 0.0, \"EUR_TOTAL_MARKET_BONDS\": 0.0, \"INTERNATIONAL_BONDS\": 0.0, \"UK_TOTAL_MARKET_STOCKS\": 0.0, \"GLOBAL_MARKETS_STOCKS\": 0.0, \"US_TOTAL_MARKET_BONDS\": 0.0, \"AUS_HIGH_YIELD_STOCKS\": 0.064, \"AUS_MUNICIPAL_BONDS\": 0.0, \"INFLATION_PROTECTED_BONDS\": 0.0, \"AUS_LARGE_CAP_VALUE_STOCKS\": 0.186, \"AUS_GOVT_BONDS\": 0.0, \"EUR_TOTAL_MARKET_STOCKS\": 0.0, \"AUS_CORPORATE_BONDS\": 0.0, \"CN_TOTAL_MARKET_STOCKS\": 0.0, \"EMERGING_MARKETS_STOCKS\": 0.0, \"AUS_TOTAL_MARKET_STOCKS\": 0.0}", "volatility": 8.0053, "risk": 0.74, "expected_return": 1.22}}, {"model": "portfolios.portfoliobyrisk", "pk": 7616, "fields": {"portfolio_set": 1, "allocations": "{\"UK_TOTAL_MARKET_BONDS\": 0.25, \"CN_TOTAL_MARKET_BONDS\": 0.0, \"AUS_SMALL_CAP_VALUE_STOCKS\": 0.0, \"ASIA_EXJAP_TOTAL_MARKET_BONDS\": 0.0, \"US_TOTAL_MARKET_STOCKS\": 0.0, \"JAP_TOTAL_MARKET_STOCKS\": 0.0, \"ASIA_EXJAP_TOTAL_MARKET_STOCKS\": 0.0, \"EMERGING_MARKETS_BONDS\": 0.0, \"EUR_TOTAL_MARKET_BONDS\": 0.0, \"INTERNATIONAL_BONDS\": 0.0, \"UK_TOTAL_MARKET_STOCKS\": 0.0, \"GLOBAL_MARKETS_STOCKS\": 0.0, \"US_TOTAL_MARKET_BONDS\": 0.0, \"AUS_HIGH_YIELD_STOCKS\": 0.0, \"AUS_MUNICIPAL_BONDS\": 0.0, \"INFLATION_PROTECTED_BONDS\": 0.0, \"AUS_LARGE_CAP_VALUE_STOCKS\": 0.25, \"AUS_GOVT_BONDS\": 0.0, \"EUR_TOTAL_MARKET_STOCKS\": 0.5, \"AUS_CORPORATE_BONDS\": 0.0, \"CN_TOTAL_MARKET_STOCKS\": 0.0, \"EMERGING_MARKETS_STOCKS\": 0.0, \"AUS_TOTAL_MARKET_STOCKS\": 0.0}", "volatility": 8.1276, "risk": 0.75, "expected_return": 1.23}}, {"model": "portfolios.portfoliobyrisk", "pk": 7617, "fields": {"portfolio_set": 1, "allocations": "{\"UK_TOTAL_MARKET_BONDS\": 0.0742, \"CN_TOTAL_MARKET_BONDS\": 0.0, \"AUS_SMALL_CAP_VALUE_STOCKS\": 0.0, \"ASIA_EXJAP_TOTAL_MARKET_BONDS\": 0.0, \"US_TOTAL_MARKET_STOCKS\": 0.0, \"JAP_TOTAL_MARKET_STOCKS\": 0.0, \"ASIA_EXJAP_TOTAL_MARKET_STOCKS\": 0.0, \"EMERGING_MARKETS_BONDS\": 0.0, \"EUR_TOTAL_MARKET_BONDS\": 0.0, \"INTERNATIONAL_BONDS\": 0.0, \"UK_TOTAL_MARKET_STOCKS\": 0.0, \"GLOBAL_MARKETS_STOCKS\": 0.0, \"US_TOTAL_MARKET_BONDS\": 0.0, \"AUS_HIGH_YIELD_STOCKS\": 0.0, \"AUS_MUNICIPAL_BONDS\": 0.0094, \"INFLATION_PROTECTED_BONDS\": 0.0, \"AUS_LARGE_CAP_VALUE_STOCKS\": 0.0842, \"AUS_GOVT_BONDS\": 0.0, \"EUR_TOTAL_MARKET_STOCKS\": 0.6758, \"AUS_CORPORATE_BONDS\": 0.1564, \"CN_TOTAL_MARKET_STOCKS\": 0.0, \"EMERGING_MARKETS_STOCKS\": 0.0, \"AUS_TOTAL_MARKET_STOCKS\": 0.0}", "volatility": 8.2504, "risk": 0.76, "expected_return": 1.24}}, {"model": "portfolios.portfoliobyrisk", "pk": 7618, "fields": {"portfolio_set": 1, "allocations": "{\"UK_TOTAL_MARKET_BONDS\": 0.0, \"CN_TOTAL_MARKET_BONDS\": 0.23, \"AUS_SMALL_CAP_VALUE_STOCKS\": 0.0, \"ASIA_EXJAP_TOTAL_MARKET_BONDS\": 0.0, \"US_TOTAL_MARKET_STOCKS\": 0.0, \"JAP_TOTAL_MARKET_STOCKS\": 0.3325, \"ASIA_EXJAP_TOTAL_MARKET_STOCKS\": 0.1875, \"EMERGING_MARKETS_BONDS\": 0.0, \"EUR_TOTAL_MARKET_BONDS\": 0.0, \"INTERNATIONAL_BONDS\": 0.0, \"UK_TOTAL_MARKET_STOCKS\": 0.0, \"GLOBAL_MARKETS_STOCKS\": 0.0, \"US_TOTAL_MARKET_BONDS\": 0.0, \"AUS_HIGH_YIELD_STOCKS\": 0.25, \"AUS_MUNICIPAL_BONDS\": 0.0, \"INFLATION_PROTECTED_BONDS\": 0.0, \"AUS_LARGE_CAP_VALUE_STOCKS\": 0.0, \"AUS_GOVT_BONDS\": 0.0, \"EUR_TOTAL_MARKET_STOCKS\": 0.0, \"AUS_CORPORATE_BONDS\": 0.0, \"CN_TOTAL_MARKET_STOCKS\": 0.0, \"EMERGING_MARKETS_STOCKS\": 0.0, \"AUS_TOTAL_MARKET_STOCKS\": 0.0}", "volatility": 8.3677, "risk": 0.77, "expected_return": 1.19}}, {"model": "portfolios.portfoliobyrisk", "pk": 7619, "fields": {"portfolio_set": 1, "allocations": "{\"UK_TOTAL_MARKET_BONDS\": 0.0, \"CN_TOTAL_MARKET_BONDS\": 0.22, \"AUS_SMALL_CAP_VALUE_STOCKS\": 0.25, \"ASIA_EXJAP_TOTAL_MARKET_BONDS\": 0.0, \"US_TOTAL_MARKET_STOCKS\": 0.0, \"JAP_TOTAL_MARKET_STOCKS\": 0.0, \"ASIA_EXJAP_TOTAL_MARKET_STOCKS\": 0.0, \"EMERGING_MARKETS_BONDS\": 0.0, \"EUR_TOTAL_MARKET_BONDS\": 0.0, \"INTERNATIONAL_BONDS\": 0.0, \"UK_TOTAL_MARKET_STOCKS\": 0.0, \"GLOBAL_MARKETS_STOCKS\": 0.4262, \"US_TOTAL_MARKET_BONDS\": 0.0, \"AUS_HIGH_YIELD_STOCKS\": 0.0, \"AUS_MUNICIPAL_BONDS\": 0.0, \"INFLATION_PROTECTED_BONDS\": 0.0, \"AUS_LARGE_CAP_VALUE_STOCKS\": 0.0, \"AUS_GOVT_BONDS\": 0.0, \"EUR_TOTAL_MARKET_STOCKS\": 0.1031, \"AUS_CORPORATE_BONDS\": 0.0, \"CN_TOTAL_MARKET_STOCKS\": 0.0, \"EMERGING_MARKETS_STOCKS\": 0.0008, \"AUS_TOTAL_MARKET_STOCKS\": 0.0}", "volatility": 8.4998, "risk": 0.78, "expected_return": 1.38}}, {"model": "portfolios.portfoliobyrisk", "pk": 7620, "fields": {"portfolio_set": 1, "allocations": "{\"UK_TOTAL_MARKET_BONDS\": 0.0, \"CN_TOTAL_MARKET_BONDS\": 0.21, \"AUS_SMALL_CAP_VALUE_STOCKS\": 0.0, \"ASIA_EXJAP_TOTAL_MARKET_BONDS\": 0.0, \"US_TOTAL_MARKET_STOCKS\": 0.0, \"JAP_TOTAL_MARKET_STOCKS\": 0.0, \"ASIA_EXJAP_TOTAL_MARKET_STOCKS\": 0.0, \"EMERGING_MARKETS_BONDS\": 0.0, \"EUR_TOTAL_MARKET_BONDS\": 0.0, \"INTERNATIONAL_BONDS\": 0.0, \"UK_TOTAL_MARKET_STOCKS\": 0.0, \"GLOBAL_MARKETS_STOCKS\": 0.0, \"US_TOTAL_MARKET_BONDS\": 0.0, \"AUS_HIGH_YIELD_STOCKS\": 0.25, \"AUS_MUNICIPAL_BONDS\": 0.0, \"INFLATION_PROTECTED_BONDS\": 0.0, \"AUS_LARGE_CAP_VALUE_STOCKS\": 0.0, \"AUS_GOVT_BONDS\": 0.0, \"EUR_TOTAL_MARKET_STOCKS\": 0.0, \"AUS_CORPORATE_BONDS\": 0.0, \"CN_TOTAL_MARKET_STOCKS\": 0.54, \"EMERGING_MARKETS_STOCKS\": 0.0, \"AUS_TOTAL_MARKET_STOCKS\": 0.0}", "volatility": 8.6364, "risk": 0.79, "expected_return": 1.56}}, {"model": "portfolios.portfoliobyrisk", "pk": 7621, "fields": {"portfolio_set": 1, "allocations": "{\"UK_TOTAL_MARKET_BONDS\": 0.0, \"CN_TOTAL_MARKET_BONDS\": 0.2, \"AUS_SMALL_CAP_VALUE_STOCKS\": 0.387, \"ASIA_EXJAP_TOTAL_MARKET_BONDS\": 0.0, \"US_TOTAL_MARKET_STOCKS\": 0.0, \"JAP_TOTAL_MARKET_STOCKS\": 0.0, \"ASIA_EXJAP_TOTAL_MARKET_STOCKS\": 0.0, \"EMERGING_MARKETS_BONDS\": 0.0, \"EUR_TOTAL_MARKET_BONDS\": 0.0, \"INTERNATIONAL_BONDS\": 0.0, \"UK_TOTAL_MARKET_STOCKS\": 0.0, \"GLOBAL_MARKETS_STOCKS\": 0.1561, \"US_TOTAL_MARKET_BONDS\": 0.0, \"AUS_HIGH_YIELD_STOCKS\": 0.0, \"AUS_MUNICIPAL_BONDS\": 0.0, \"INFLATION_PROTECTED_BONDS\": 0.0, \"AUS_LARGE_CAP_VALUE_STOCKS\": 0.0, \"AUS_GOVT_BONDS\": 0.0, \"EUR_TOTAL_MARKET_STOCKS\": 0.0, \"AUS_CORPORATE_BONDS\": 0.0, \"CN_TOTAL_MARKET_STOCKS\": 0.2569, \"EMERGING_MARKETS_STOCKS\": 0.0, \"AUS_TOTAL_MARKET_STOCKS\": 0.0}", "volatility": 8.7049, "risk": 0.8, "expected_return": 0.93}}, {"model": "portfolios.portfoliobyrisk", "pk": 7622, "fields": {"portfolio_set": 1, "allocations": "{\"UK_TOTAL_MARKET_BONDS\": 0.0, \"CN_TOTAL_MARKET_BONDS\": 0.185, \"AUS_SMALL_CAP_VALUE_STOCKS\": 0.0, \"ASIA_EXJAP_TOTAL_MARKET_BONDS\": 0.0, \"US_TOTAL_MARKET_STOCKS\": 0.0, \"JAP_TOTAL_MARKET_STOCKS\": 0.0, \"ASIA_EXJAP_TOTAL_MARKET_STOCKS\": 0.0, \"EMERGING_MARKETS_BONDS\": 0.0, \"EUR_TOTAL_MARKET_BONDS\": 0.0, \"INTERNATIONAL_BONDS\": 0.0, \"UK_TOTAL_MARKET_STOCKS\": 0.0, \"GLOBAL_MARKETS_STOCKS\": 0.0, \"US_TOTAL_MARKET_BONDS\": 0.0, \"AUS_HIGH_YIELD_STOCKS\": 0.245, \"AUS_MUNICIPAL_BONDS\": 0.005, \"INFLATION_PROTECTED_BONDS\": 0.0, \"AUS_LARGE_CAP_VALUE_STOCKS\": 0.0, \"AUS_GOVT_BONDS\": 0.0, \"EUR_TOTAL_MARKET_STOCKS\": 0.0, \"AUS_CORPORATE_BONDS\": 0.0, \"CN_TOTAL_MARKET_STOCKS\": 0.565, \"EMERGING_MARKETS_STOCKS\": 0.0, \"AUS_TOTAL_MARKET_STOCKS\": 0.0}", "volatility": 8.8421, "risk": 0.81, "expected_return": 1.06}}, {"model": "portfolios.portfoliobyrisk", "pk": 7623, "fields": {"portfolio_set": 1, "allocations": "{\"UK_TOTAL_MARKET_BONDS\": 0.18, \"CN_TOTAL_MARKET_BONDS\": 0.0, \"AUS_SMALL_CAP_VALUE_STOCKS\": 0.0, \"ASIA_EXJAP_TOTAL_MARKET_BONDS\": 0.0, \"US_TOTAL_MARKET_STOCKS\": 0.0, \"JAP_TOTAL_MARKET_STOCKS\": 0.0, \"ASIA_EXJAP_TOTAL_MARKET_STOCKS\": 0.0, \"EMERGING_MARKETS_BONDS\": 0.0, \"EUR_TOTAL_MARKET_BONDS\": 0.0, \"INTERNATIONAL_BONDS\": 0.0, \"UK_TOTAL_MARKET_STOCKS\": 0.0, \"GLOBAL_MARKETS_STOCKS\": 0.0, \"US_TOTAL_MARKET_BONDS\": 0.0, \"AUS_HIGH_YIELD_STOCKS\": 0.0, \"AUS_MUNICIPAL_BONDS\": 0.0, \"INFLATION_PROTECTED_BONDS\": 0.0, \"AUS_LARGE_CAP_VALUE_STOCKS\": 0.25, \"AUS_GOVT_BONDS\": 0.0, \"EUR_TOTAL_MARKET_STOCKS\": 0.57, \"AUS_CORPORATE_BONDS\": 0.0, \"CN_TOTAL_MARKET_STOCKS\": 0.0, \"EMERGING_MARKETS_STOCKS\": 0.0, \"AUS_TOTAL_MARKET_STOCKS\": 0.0}", "volatility": 8.978, "risk": 0.82, "expected_return": 1.13}}, {"model": "portfolios.portfoliobyrisk", "pk": 7624, "fields": {"portfolio_set": 1, "allocations": "{\"UK_TOTAL_MARKET_BONDS\": 0.17, \"CN_TOTAL_MARKET_BONDS\": 0.0, \"AUS_SMALL_CAP_VALUE_STOCKS\": 0.0, \"ASIA_EXJAP_TOTAL_MARKET_BONDS\": 0.0, \"US_TOTAL_MARKET_STOCKS\": 0.0, \"JAP_TOTAL_MARKET_STOCKS\": 0.0, \"ASIA_EXJAP_TOTAL_MARKET_STOCKS\": 0.0, \"EMERGING_MARKETS_BONDS\": 0.0, \"EUR_TOTAL_MARKET_BONDS\": 0.0, \"INTERNATIONAL_BONDS\": 0.0, \"UK_TOTAL_MARKET_STOCKS\": 0.0, \"GLOBAL_MARKETS_STOCKS\": 0.0, \"US_TOTAL_MARKET_BONDS\": 0.0, \"AUS_HIGH_YIELD_STOCKS\": 0.0, \"AUS_MUNICIPAL_BONDS\": 0.0, \"INFLATION_PROTECTED_BONDS\": 0.0, \"AUS_LARGE_CAP_VALUE_STOCKS\": 0.25, \"AUS_GOVT_BONDS\": 0.0, \"EUR_TOTAL_MARKET_STOCKS\": 0.58, \"AUS_CORPORATE_BONDS\": 0.0, \"CN_TOTAL_MARKET_STOCKS\": 0.0, \"EMERGING_MARKETS_STOCKS\": 0.0, \"AUS_TOTAL_MARKET_STOCKS\": 0.0}", "volatility": 9.1173, "risk": 0.83, "expected_return": 1.25}}, {"model": "portfolios.portfoliobyrisk", "pk": 7625, "fields": {"portfolio_set": 1, "allocations": "{\"UK_TOTAL_MARKET_BONDS\": 0.16, \"CN_TOTAL_MARKET_BONDS\": 0.0, \"AUS_SMALL_CAP_VALUE_STOCKS\": 0.0, \"ASIA_EXJAP_TOTAL_MARKET_BONDS\": 0.0, \"US_TOTAL_MARKET_STOCKS\": 0.0, \"JAP_TOTAL_MARKET_STOCKS\": 0.0, \"ASIA_EXJAP_TOTAL_MARKET_STOCKS\": 0.0, \"EMERGING_MARKETS_BONDS\": 0.0, \"EUR_TOTAL_MARKET_BONDS\": 0.0, \"INTERNATIONAL_BONDS\": 0.0, \"UK_TOTAL_MARKET_STOCKS\": 0.0, \"GLOBAL_MARKETS_STOCKS\": 0.0, \"US_TOTAL_MARKET_BONDS\": 0.0, \"AUS_HIGH_YIELD_STOCKS\": 0.0, \"AUS_MUNICIPAL_BONDS\": 0.0, \"INFLATION_PROTECTED_BONDS\": 0.0, \"AUS_LARGE_CAP_VALUE_STOCKS\": 0.25, \"AUS_GOVT_BONDS\": 0.0, \"EUR_TOTAL_MARKET_STOCKS\": 0.59, \"AUS_CORPORATE_BONDS\": 0.0, \"CN_TOTAL_MARKET_STOCKS\": 0.0, \"EMERGING_MARKETS_STOCKS\": 0.0, \"AUS_TOTAL_MARKET_STOCKS\": 0.0}", "volatility": 9.2426, "risk": 0.84, "expected_return": 1.28}}, {"model": "portfolios.portfoliobyrisk", "pk": 7626, "fields": {"portfolio_set": 1, "allocations": "{\"UK_TOTAL_MARKET_BONDS\": 0.15, \"CN_TOTAL_MARKET_BONDS\": 0.0, \"AUS_SMALL_CAP_VALUE_STOCKS\": 0.0, \"ASIA_EXJAP_TOTAL_MARKET_BONDS\": 0.0, \"US_TOTAL_MARKET_STOCKS\": 0.0, \"JAP_TOTAL_MARKET_STOCKS\": 0.0, \"ASIA_EXJAP_TOTAL_MARKET_STOCKS\": 0.0, \"EMERGING_MARKETS_BONDS\": 0.0, \"EUR_TOTAL_MARKET_BONDS\": 0.0, \"INTERNATIONAL_BONDS\": 0.0, \"UK_TOTAL_MARKET_STOCKS\": 0.0, \"GLOBAL_MARKETS_STOCKS\": 0.0, \"US_TOTAL_MARKET_BONDS\": 0.0, \"AUS_HIGH_YIELD_STOCKS\": 0.0, \"AUS_MUNICIPAL_BONDS\": 0.0, \"INFLATION_PROTECTED_BONDS\": 0.0, \"AUS_LARGE_CAP_VALUE_STOCKS\": 0.25, \"AUS_GOVT_BONDS\": 0.0, \"EUR_TOTAL_MARKET_STOCKS\": 0.6, \"AUS_CORPORATE_BONDS\": 0.0, \"CN_TOTAL_MARKET_STOCKS\": 0.0, \"EMERGING_MARKETS_STOCKS\": 0.0, \"AUS_TOTAL_MARKET_STOCKS\": 0.0}", "volatility": 9.3718, "risk": 0.85, "expected_return": 1.31}}, {"model": "portfolios.portfoliobyrisk", "pk": 7627, "fields": {"portfolio_set": 1, "allocations": "{\"UK_TOTAL_MARKET_BONDS\": 0.1298, \"CN_TOTAL_MARKET_BONDS\": 0.0, \"AUS_SMALL_CAP_VALUE_STOCKS\": 0.0, \"ASIA_EXJAP_TOTAL_MARKET_BONDS\": 0.0, \"US_TOTAL_MARKET_STOCKS\": 0.0, \"JAP_TOTAL_MARKET_STOCKS\": 0.0, \"ASIA_EXJAP_TOTAL_MARKET_STOCKS\": 0.0, \"EMERGING_MARKETS_BONDS\": 0.0, \"EUR_TOTAL_MARKET_BONDS\": 0.0, \"INTERNATIONAL_BONDS\": 0.0, \"UK_TOTAL_MARKET_STOCKS\": 0.0, \"GLOBAL_MARKETS_STOCKS\": 0.0, \"US_TOTAL_MARKET_BONDS\": 0.0, \"AUS_HIGH_YIELD_STOCKS\": 0.0, \"AUS_MUNICIPAL_BONDS\": 0.0, \"INFLATION_PROTECTED_BONDS\": 0.0, \"AUS_LARGE_CAP_VALUE_STOCKS\": 0.2398, \"AUS_GOVT_BONDS\": 0.0, \"EUR_TOTAL_MARKET_STOCKS\": 0.6202, \"AUS_CORPORATE_BONDS\": 0.0102, \"CN_TOTAL_MARKET_STOCKS\": 0.0, \"EMERGING_MARKETS_STOCKS\": 0.0, \"AUS_TOTAL_MARKET_STOCKS\": 0.0}", "volatility": 9.495, "risk": 0.86, "expected_return": 1.32}}, {"model": "portfolios.portfoliobyrisk", "pk": 7628, "fields": {"portfolio_set": 1, "allocations": "{\"UK_TOTAL_MARKET_BONDS\": 0.0, \"CN_TOTAL_MARKET_BONDS\": 0.0091, \"AUS_SMALL_CAP_VALUE_STOCKS\": 0.0, \"ASIA_EXJAP_TOTAL_MARKET_BONDS\": 0.0, \"US_TOTAL_MARKET_STOCKS\": 0.0, \"JAP_TOTAL_MARKET_STOCKS\": 0.0, \"ASIA_EXJAP_TOTAL_MARKET_STOCKS\": 0.0, \"EMERGING_MARKETS_BONDS\": 0.0, \"EUR_TOTAL_MARKET_BONDS\": 0.0, \"INTERNATIONAL_BONDS\": 0.0, \"UK_TOTAL_MARKET_STOCKS\": 0.0, \"GLOBAL_MARKETS_STOCKS\": 0.0, \"US_TOTAL_MARKET_BONDS\": 0.0, \"AUS_HIGH_YIELD_STOCKS\": 0.1291, \"AUS_MUNICIPAL_BONDS\": 0.1209, \"INFLATION_PROTECTED_BONDS\": 0.0, \"AUS_LARGE_CAP_VALUE_STOCKS\": 0.0, \"AUS_GOVT_BONDS\": 0.0, \"EUR_TOTAL_MARKET_STOCKS\": 0.0, \"AUS_CORPORATE_BONDS\": 0.0, \"CN_TOTAL_MARKET_STOCKS\": 0.7409, \"EMERGING_MARKETS_STOCKS\": 0.0, \"AUS_TOTAL_MARKET_STOCKS\": 0.0}", "volatility": 9.6165, "risk": 0.87, "expected_return": 1.31}}, {"model": "portfolios.portfoliobyrisk", "pk": 7629, "fields": {"portfolio_set": 1, "allocations": "{\"UK_TOTAL_MARKET_BONDS\": 0.0, \"CN_TOTAL_MARKET_BONDS\": 0.0, \"AUS_SMALL_CAP_VALUE_STOCKS\": 0.13, \"ASIA_EXJAP_TOTAL_MARKET_BONDS\": 0.0, \"US_TOTAL_MARKET_STOCKS\": 0.0, \"JAP_TOTAL_MARKET_STOCKS\": 0.0, \"ASIA_EXJAP_TOTAL_MARKET_STOCKS\": 0.0, \"EMERGING_MARKETS_BONDS\": 0.0, \"EUR_TOTAL_MARKET_BONDS\": 0.0, \"INTERNATIONAL_BONDS\": 0.0, \"UK_TOTAL_MARKET_STOCKS\": 0.0, \"GLOBAL_MARKETS_STOCKS\": 0.0, \"US_TOTAL_MARKET_BONDS\": 0.0, \"AUS_HIGH_YIELD_STOCKS\": 0.0, \"AUS_MUNICIPAL_BONDS\": 0.12, \"INFLATION_PROTECTED_BONDS\": 0.0, \"AUS_LARGE_CAP_VALUE_STOCKS\": 0.0, \"AUS_GOVT_BONDS\": 0.0, \"EUR_TOTAL_MARKET_STOCKS\": 0.0, \"AUS_CORPORATE_BONDS\": 0.0, \"CN_TOTAL_MARKET_STOCKS\": 0.75, \"EMERGING_MARKETS_STOCKS\": 0.0, \"AUS_TOTAL_MARKET_STOCKS\": 0.0}", "volatility": 9.7422, "risk": 0.88, "expected_return": 1.33}}, {"model": "portfolios.portfoliobyrisk", "pk": 7630, "fields": {"portfolio_set": 1, "allocations": "{\"UK_TOTAL_MARKET_BONDS\": 0.11, \"CN_TOTAL_MARKET_BONDS\": 0.0, \"AUS_SMALL_CAP_VALUE_STOCKS\": 0.0, \"ASIA_EXJAP_TOTAL_MARKET_BONDS\": 0.0, \"US_TOTAL_MARKET_STOCKS\": 0.0, \"JAP_TOTAL_MARKET_STOCKS\": 0.5323, \"ASIA_EXJAP_TOTAL_MARKET_STOCKS\": 0.0, \"EMERGING_MARKETS_BONDS\": 0.0, \"EUR_TOTAL_MARKET_BONDS\": 0.0, \"INTERNATIONAL_BONDS\": 0.0, \"UK_TOTAL_MARKET_STOCKS\": 0.0, \"GLOBAL_MARKETS_STOCKS\": 0.1077, \"US_TOTAL_MARKET_BONDS\": 0.0, \"AUS_HIGH_YIELD_STOCKS\": 0.0, \"AUS_MUNICIPAL_BONDS\": 0.0, \"INFLATION_PROTECTED_BONDS\": 0.0, \"AUS_LARGE_CAP_VALUE_STOCKS\": 0.25, \"AUS_GOVT_BONDS\": 0.0, \"EUR_TOTAL_MARKET_STOCKS\": 0.0, \"AUS_CORPORATE_BONDS\": 0.0, \"CN_TOTAL_MARKET_STOCKS\": 0.0, \"EMERGING_MARKETS_STOCKS\": 0.0, \"AUS_TOTAL_MARKET_STOCKS\": 0.0}", "volatility": 9.8653, "risk": 0.89, "expected_return": 1.33}}, {"model": "portfolios.portfoliobyrisk", "pk": 7631, "fields": {"portfolio_set": 1, "allocations": "{\"UK_TOTAL_MARKET_BONDS\": 0.1, \"CN_TOTAL_MARKET_BONDS\": 0.0, \"AUS_SMALL_CAP_VALUE_STOCKS\": 0.0, \"ASIA_EXJAP_TOTAL_MARKET_BONDS\": 0.0, \"US_TOTAL_MARKET_STOCKS\": 0.0, \"JAP_TOTAL_MARKET_STOCKS\": 0.3366, \"ASIA_EXJAP_TOTAL_MARKET_STOCKS\": 0.0, \"EMERGING_MARKETS_BONDS\": 0.0, \"EUR_TOTAL_MARKET_BONDS\": 0.0, \"INTERNATIONAL_BONDS\": 0.0, \"UK_TOTAL_MARKET_STOCKS\": 0.0, \"GLOBAL_MARKETS_STOCKS\": 0.0, \"US_TOTAL_MARKET_BONDS\": 0.0, \"AUS_HIGH_YIELD_STOCKS\": 0.0, \"AUS_MUNICIPAL_BONDS\": 0.0, \"INFLATION_PROTECTED_BONDS\": 0.0, \"AUS_LARGE_CAP_VALUE_STOCKS\": 0.25, \"AUS_GOVT_BONDS\": 0.0, \"EUR_TOTAL_MARKET_STOCKS\": 0.3134, \"AUS_CORPORATE_BONDS\": 0.0, \"CN_TOTAL_MARKET_STOCKS\": 0.0, \"EMERGING_MARKETS_STOCKS\": 0.0, \"AUS_TOTAL_MARKET_STOCKS\": 0.0}", "volatility": 9.9889, "risk": 0.9, "expected_return": 1.33}}, {"model": "portfolios.portfoliobyrisk", "pk": 7632, "fields": {"portfolio_set": 1, "allocations": "{\"UK_TOTAL_MARKET_BONDS\": 0.0, \"CN_TOTAL_MARKET_BONDS\": 0.082, \"AUS_SMALL_CAP_VALUE_STOCKS\": 0.0, \"ASIA_EXJAP_TOTAL_MARKET_BONDS\": 0.008, \"US_TOTAL_MARKET_STOCKS\": 0.0, \"JAP_TOTAL_MARKET_STOCKS\": 0.2569, \"ASIA_EXJAP_TOTAL_MARKET_STOCKS\": 0.0, \"EMERGING_MARKETS_BONDS\": 0.0, \"EUR_TOTAL_MARKET_BONDS\": 0.0, \"INTERNATIONAL_BONDS\": 0.0, \"UK_TOTAL_MARKET_STOCKS\": 0.0, \"GLOBAL_MARKETS_STOCKS\": 0.0, \"US_TOTAL_MARKET_BONDS\": 0.0, \"AUS_HIGH_YIELD_STOCKS\": 0.0, \"AUS_MUNICIPAL_BONDS\": 0.0, \"INFLATION_PROTECTED_BONDS\": 0.0, \"AUS_LARGE_CAP_VALUE_STOCKS\": 0.0, \"AUS_GOVT_BONDS\": 0.0, \"EUR_TOTAL_MARKET_STOCKS\": 0.0, \"AUS_CORPORATE_BONDS\": 0.0, \"CN_TOTAL_MARKET_STOCKS\": 0.4031, \"EMERGING_MARKETS_STOCKS\": 0.0, \"AUS_TOTAL_MARKET_STOCKS\": 0.25}", "volatility": 10.1127, "risk": 0.91, "expected_return": 1.33}}, {"model": "portfolios.portfoliobyrisk", "pk": 7633, "fields": {"portfolio_set": 1, "allocations": "{\"UK_TOTAL_MARKET_BONDS\": 0.08, \"CN_TOTAL_MARKET_BONDS\": 0.0, \"AUS_SMALL_CAP_VALUE_STOCKS\": 0.0, \"ASIA_EXJAP_TOTAL_MARKET_BONDS\": 0.0, \"US_TOTAL_MARKET_STOCKS\": 0.0, \"JAP_TOTAL_MARKET_STOCKS\": 0.0, \"ASIA_EXJAP_TOTAL_MARKET_STOCKS\": 0.0, \"EMERGING_MARKETS_BONDS\": 0.0, \"EUR_TOTAL_MARKET_BONDS\": 0.0, \"INTERNATIONAL_BONDS\": 0.0, \"UK_TOTAL_MARKET_STOCKS\": 0.0, \"GLOBAL_MARKETS_STOCKS\": 0.0, \"US_TOTAL_MARKET_BONDS\": 0.0, \"AUS_HIGH_YIELD_STOCKS\": 0.0, \"AUS_MUNICIPAL_BONDS\": 0.0, \"INFLATION_PROTECTED_BONDS\": 0.0, \"AUS_LARGE_CAP_VALUE_STOCKS\": 0.25, \"AUS_GOVT_BONDS\": 0.0, \"EUR_TOTAL_MARKET_STOCKS\": 0.67, \"AUS_CORPORATE_BONDS\": 0.0, \"CN_TOTAL_MARKET_STOCKS\": 0.0, \"EMERGING_MARKETS_STOCKS\": 0.0, \"AUS_TOTAL_MARKET_STOCKS\": 0.0}", "volatility": 10.2301, "risk": 0.92, "expected_return": 1.27}}, {"model": "portfolios.portfoliobyrisk", "pk": 7634, "fields": {"portfolio_set": 1, "allocations": "{\"UK_TOTAL_MARKET_BONDS\": 0.0, \"CN_TOTAL_MARKET_BONDS\": 0.07, \"AUS_SMALL_CAP_VALUE_STOCKS\": 0.0, \"ASIA_EXJAP_TOTAL_MARKET_BONDS\": 0.0, \"US_TOTAL_MARKET_STOCKS\": 0.0, \"JAP_TOTAL_MARKET_STOCKS\": 0.0, \"ASIA_EXJAP_TOTAL_MARKET_STOCKS\": 0.0, \"EMERGING_MARKETS_BONDS\": 0.0, \"EUR_TOTAL_MARKET_BONDS\": 0.0, \"INTERNATIONAL_BONDS\": 0.0, \"UK_TOTAL_MARKET_STOCKS\": 0.0, \"GLOBAL_MARKETS_STOCKS\": 0.0, \"US_TOTAL_MARKET_BONDS\": 0.0, \"AUS_HIGH_YIELD_STOCKS\": 0.2386, \"AUS_MUNICIPAL_BONDS\": 0.0, \"INFLATION_PROTECTED_BONDS\": 0.0, \"AUS_LARGE_CAP_VALUE_STOCKS\": 0.0, \"AUS_GOVT_BONDS\": 0.0, \"EUR_TOTAL_MARKET_STOCKS\": 0.0, \"AUS_CORPORATE_BONDS\": 0.0, \"CN_TOTAL_MARKET_STOCKS\": 0.3266, \"EMERGING_MARKETS_STOCKS\": 0.0, \"AUS_TOTAL_MARKET_STOCKS\": 0.3648}", "volatility": 10.3644, "risk": 0.93, "expected_return": 1.51}}, {"model": "portfolios.portfoliobyrisk", "pk": 7635, "fields": {"portfolio_set": 1, "allocations": "{\"UK_TOTAL_MARKET_BONDS\": 0.06, \"CN_TOTAL_MARKET_BONDS\": 0.0, \"AUS_SMALL_CAP_VALUE_STOCKS\": 0.0, \"ASIA_EXJAP_TOTAL_MARKET_BONDS\": 0.0, \"US_TOTAL_MARKET_STOCKS\": 0.0, \"JAP_TOTAL_MARKET_STOCKS\": 0.0, \"ASIA_EXJAP_TOTAL_MARKET_STOCKS\": 0.0, \"EMERGING_MARKETS_BONDS\": 0.0, \"EUR_TOTAL_MARKET_BONDS\": 0.0, \"INTERNATIONAL_BONDS\": 0.0, \"UK_TOTAL_MARKET_STOCKS\": 0.0, \"GLOBAL_MARKETS_STOCKS\": 0.0, \"US_TOTAL_MARKET_BONDS\": 0.0, \"AUS_HIGH_YIELD_STOCKS\": 0.0, \"AUS_MUNICIPAL_BONDS\": 0.0, \"INFLATION_PROTECTED_BONDS\": 0.0, \"AUS_LARGE_CAP_VALUE_STOCKS\": 0.25, \"AUS_GOVT_BONDS\": 0.0, \"EUR_TOTAL_MARKET_STOCKS\": 0.69, \"AUS_CORPORATE_BONDS\": 0.0, \"CN_TOTAL_MARKET_STOCKS\": 0.0, \"EMERGING_MARKETS_STOCKS\": 0.0, \"AUS_TOTAL_MARKET_STOCKS\": 0.0}", "volatility": 10.4921, "risk": 0.94, "expected_return": 1.75}}, {"model": "portfolios.portfoliobyrisk", "pk": 7636, "fields": {"portfolio_set": 1, "allocations": "{\"UK_TOTAL_MARKET_BONDS\": 0.0, \"CN_TOTAL_MARKET_BONDS\": 0.0, \"AUS_SMALL_CAP_VALUE_STOCKS\": 0.0, \"ASIA_EXJAP_TOTAL_MARKET_BONDS\": 0.05, \"US_TOTAL_MARKET_STOCKS\": 0.0, \"JAP_TOTAL_MARKET_STOCKS\": 0.0, \"ASIA_EXJAP_TOTAL_MARKET_STOCKS\": 0.0, \"EMERGING_MARKETS_BONDS\": 0.0, \"EUR_TOTAL_MARKET_BONDS\": 0.0, \"INTERNATIONAL_BONDS\": 0.0, \"UK_TOTAL_MARKET_STOCKS\": 0.0, \"GLOBAL_MARKETS_STOCKS\": 0.0, \"US_TOTAL_MARKET_BONDS\": 0.0, \"AUS_HIGH_YIELD_STOCKS\": 0.3081, \"AUS_MUNICIPAL_BONDS\": 0.0, \"INFLATION_PROTECTED_BONDS\": 0.0, \"AUS_LARGE_CAP_VALUE_STOCKS\": 0.0, \"AUS_GOVT_BONDS\": 0.0, \"EUR_TOTAL_MARKET_STOCKS\": 0.0, \"AUS_CORPORATE_BONDS\": 0.0, \"CN_TOTAL_MARKET_STOCKS\": 0.4039, \"EMERGING_MARKETS_STOCKS\": 0.0, \"AUS_TOTAL_MARKET_STOCKS\": 0.238}", "volatility": 10.6243, "risk": 0.95, "expected_return": 2.0}}, {"model": "portfolios.portfoliobyrisk", "pk": 7637, "fields": {"portfolio_set": 1, "allocations": "{\"UK_TOTAL_MARKET_BONDS\": 0.0076, \"CN_TOTAL_MARKET_BONDS\": 0.0, \"AUS_SMALL_CAP_VALUE_STOCKS\": 0.0, \"ASIA_EXJAP_TOTAL_MARKET_BONDS\": 0.0, \"US_TOTAL_MARKET_STOCKS\": 0.0, \"JAP_TOTAL_MARKET_STOCKS\": 0.0, \"ASIA_EXJAP_TOTAL_MARKET_STOCKS\": 0.0, \"EMERGING_MARKETS_BONDS\": 0.0, \"EUR_TOTAL_MARKET_BONDS\": 0.0324, \"INTERNATIONAL_BONDS\": 0.0, \"UK_TOTAL_MARKET_STOCKS\": 0.0, \"GLOBAL_MARKETS_STOCKS\": 0.0, \"US_TOTAL_MARKET_BONDS\": 0.0, \"AUS_HIGH_YIELD_STOCKS\": 0.0, \"AUS_MUNICIPAL_BONDS\": 0.0, \"INFLATION_PROTECTED_BONDS\": 0.0, \"AUS_LARGE_CAP_VALUE_STOCKS\": 0.1918, \"AUS_GOVT_BONDS\": 0.0, \"EUR_TOTAL_MARKET_STOCKS\": 0.71, \"AUS_CORPORATE_BONDS\": 0.0, \"CN_TOTAL_MARKET_STOCKS\": 0.0, \"EMERGING_MARKETS_STOCKS\": 0.0, \"AUS_TOTAL_MARKET_STOCKS\": 0.0582}", "volatility": 10.7432, "risk": 0.96, "expected_return": 2.19}}, {"model": "portfolios.portfoliobyrisk", "pk": 7638, "fields": {"portfolio_set": 1, "allocations": "{\"UK_TOTAL_MARKET_BONDS\": 0.03, \"CN_TOTAL_MARKET_BONDS\": 0.0, \"AUS_SMALL_CAP_VALUE_STOCKS\": 0.0, \"ASIA_EXJAP_TOTAL_MARKET_BONDS\": 0.0, \"US_TOTAL_MARKET_STOCKS\": 0.0, \"JAP_TOTAL_MARKET_STOCKS\": 0.0, \"ASIA_EXJAP_TOTAL_MARKET_STOCKS\": 0.0, \"EMERGING_MARKETS_BONDS\": 0.0, \"EUR_TOTAL_MARKET_BONDS\": 0.0, \"INTERNATIONAL_BONDS\": 0.0, \"UK_TOTAL_MARKET_STOCKS\": 0.0, \"GLOBAL_MARKETS_STOCKS\": 0.0, \"US_TOTAL_MARKET_BONDS\": 0.0, \"AUS_HIGH_YIELD_STOCKS\": 0.0, \"AUS_MUNICIPAL_BONDS\": 0.0, \"INFLATION_PROTECTED_BONDS\": 0.0, \"AUS_LARGE_CAP_VALUE_STOCKS\": 0.25, \"AUS_GOVT_BONDS\": 0.0, \"EUR_TOTAL_MARKET_STOCKS\": 0.72, \"AUS_CORPORATE_BONDS\": 0.0, \"CN_TOTAL_MARKET_STOCKS\": 0.0, \"EMERGING_MARKETS_STOCKS\": 0.0, \"AUS_TOTAL_MARKET_STOCKS\": 0.0}", "volatility": 10.8719, "risk": 0.97, "expected_return": 2.37}}, {"model": "portfolios.portfoliobyrisk", "pk": 7639, "fields": {"portfolio_set": 1, "allocations": "{\"UK_TOTAL_MARKET_BONDS\": 0.02, \"CN_TOTAL_MARKET_BONDS\": 0.0, \"AUS_SMALL_CAP_VALUE_STOCKS\": 0.0, \"ASIA_EXJAP_TOTAL_MARKET_BONDS\": 0.0, \"US_TOTAL_MARKET_STOCKS\": 0.0, \"JAP_TOTAL_MARKET_STOCKS\": 0.0, \"ASIA_EXJAP_TOTAL_MARKET_STOCKS\": 0.0, \"EMERGING_MARKETS_BONDS\": 0.0, \"EUR_TOTAL_MARKET_BONDS\": 0.0, \"INTERNATIONAL_BONDS\": 0.0, \"UK_TOTAL_MARKET_STOCKS\": 0.0, \"GLOBAL_MARKETS_STOCKS\": 0.0, \"US_TOTAL_MARKET_BONDS\": 0.0, \"AUS_HIGH_YIELD_STOCKS\": 0.0, \"AUS_MUNICIPAL_BONDS\": 0.0, \"INFLATION_PROTECTED_BONDS\": 0.0, \"AUS_LARGE_CAP_VALUE_STOCKS\": 0.25, \"AUS_GOVT_BONDS\": 0.0, \"EUR_TOTAL_MARKET_STOCKS\": 0.73, \"AUS_CORPORATE_BONDS\": 0.0, \"CN_TOTAL_MARKET_STOCKS\": 0.0, \"EMERGING_MARKETS_STOCKS\": 0.0, \"AUS_TOTAL_MARKET_STOCKS\": 0.0}", "volatility": 11.0072, "risk": 0.98, "expected_return": 2.59}}, {"model": "portfolios.portfoliobyrisk", "pk": 7640, "fields": {"portfolio_set": 1, "allocations": "{\"UK_TOTAL_MARKET_BONDS\": 0.0, \"CN_TOTAL_MARKET_BONDS\": 0.0, \"AUS_SMALL_CAP_VALUE_STOCKS\": 0.0, \"ASIA_EXJAP_TOTAL_MARKET_BONDS\": 0.0, \"US_TOTAL_MARKET_STOCKS\": 0.0, \"JAP_TOTAL_MARKET_STOCKS\": 0.0, \"ASIA_EXJAP_TOTAL_MARKET_STOCKS\": 0.0, \"EMERGING_MARKETS_BONDS\": 0.0, \"EUR_TOTAL_MARKET_BONDS\": 0.0, \"INTERNATIONAL_BONDS\": 0.0, \"UK_TOTAL_MARKET_STOCKS\": 0.0, \"GLOBAL_MARKETS_STOCKS\": 0.0, \"US_TOTAL_MARKET_BONDS\": 0.0, \"AUS_HIGH_YIELD_STOCKS\": 0.0, \"AUS_MUNICIPAL_BONDS\": 0.0, \"INFLATION_PROTECTED_BONDS\": 0.0, \"AUS_LARGE_CAP_VALUE_STOCKS\": 0.24, \"AUS_GOVT_BONDS\": 0.0, \"EUR_TOTAL_MARKET_STOCKS\": 0.75, \"AUS_CORPORATE_BONDS\": 0.01, \"CN_TOTAL_MARKET_STOCKS\": 0.0, \"EMERGING_MARKETS_STOCKS\": 0.0, \"AUS_TOTAL_MARKET_STOCKS\": 0.0}", "volatility": 11.0954, "risk": 0.99, "expected_return": 2.43}}, {"model": "portfolios.portfoliobyrisk", "pk": 7641, "fields": {"portfolio_set": 1, "allocations": "{\"UK_TOTAL_MARKET_BONDS\": 0.0, \"CN_TOTAL_MARKET_BONDS\": 0.0, \"AUS_SMALL_CAP_VALUE_STOCKS\": 0.0, \"ASIA_EXJAP_TOTAL_MARKET_BONDS\": 0.0, \"US_TOTAL_MARKET_STOCKS\": 0.0, \"JAP_TOTAL_MARKET_STOCKS\": 0.0, \"ASIA_EXJAP_TOTAL_MARKET_STOCKS\": 0.0, \"EMERGING_MARKETS_BONDS\": 0.0, \"EUR_TOTAL_MARKET_BONDS\": 0.0, \"INTERNATIONAL_BONDS\": 0.0, \"UK_TOTAL_MARKET_STOCKS\": 0.0, \"GLOBAL_MARKETS_STOCKS\": 0.0, \"US_TOTAL_MARKET_BONDS\": 0.0, \"AUS_HIGH_YIELD_STOCKS\": 0.0, \"AUS_MUNICIPAL_BONDS\": 0.0, \"INFLATION_PROTECTED_BONDS\": 0.0, \"AUS_LARGE_CAP_VALUE_STOCKS\": 0.25, \"AUS_GOVT_BONDS\": 0.0, \"EUR_TOTAL_MARKET_STOCKS\": 0.75, \"AUS_CORPORATE_BONDS\": 0.0, \"CN_TOTAL_MARKET_STOCKS\": 0.0, \"EMERGING_MARKETS_STOCKS\": 0.0, \"AUS_TOTAL_MARKET_STOCKS\": 0.0}", "volatility": 11.2417, "risk": 1.0, "expected_return": 2.73}}, {"model": "portfolios.view", "pk": 1, "fields": {"portfolio_set": 1, "q": 0.01, "assets": "VAS, ILB\r\n1, -1"}}, {"model": "portfolios.view", "pk": 3, "fields": {"portfolio_set": 1, "q": 0.01, "assets": "VAS, VHY\r\n1, -1"}}, {"model": "portfolios.view", "pk": 4, "fields": {"portfolio_set": 1, "q": 0.01, "assets": "VAS, RGB\r\n1, -1"}}, {"model": "portfolios.view", "pk": 5, "fields": {"portfolio_set": 1, "q": 0.01, "assets": "VLC, VGS\r\n1, -1"}}, {"model": "portfolios.view", "pk": 6, "fields": {"portfolio_set": 1, "q": 0.01, "assets": "VTS, VAS\r\n-1, 1"}}]