[{"model": "main.user", "fields": {"first_name": "cristian", "last_name": "lozano", "middle_name": "", "is_active": true, "is_staff": true, "is_superuser": true, "last_login": "2015-09-09T22:11:00.514Z", "username": "criloz", "user_permissions": [], "date_joined": "2015-08-31T22:52:32.864Z", "password": "pbkdf2_sha256$20000$UWhfnhzn9qYn$624ImfWoaOkkqloUAU3xcyOMwwEHdtU42j1gIWZ/CDQ=", "email": "criscalovis@gmail.com", "groups": []}, "pk": 1}, {"model": "main.user", "fields": {"first_name": "Alberto", "last_name": "Santos", "middle_name": "N", "is_active": true, "is_staff": false, "is_superuser": false, "last_login": "2015-09-02T10:58:00.493Z", "username": "", "user_permissions": [], "date_joined": "2015-09-02T10:45:08.785Z", "password": "pbkdf2_sha256$20000$s4CrKBiiuwAr$0x90N7nE0qJC8pFEmUi+Ah+0nQvh/qov26PQv7ZiOqc=", "email": "criscalovis@hotmail.com", "groups": []}, "pk": 2}, {"model": "main.user", "fields": {"first_name": "demo", "last_name": "advisor", "middle_name": "", "is_active": true, "is_staff": false, "is_superuser": false, "last_login": "2015-09-11T18:40:23.277Z", "username": "", "user_permissions": [], "date_joined": "2015-09-02T15:08:53Z", "password": "pbkdf2_sha256$20000$s4CrKBiiuwAr$0x90N7nE0qJC8pFEmUi+Ah+0nQvh/qov26PQv7ZiOqc=", "email": "advisor@example.org", "groups": []}, "pk": 3}, {"model": "main.user", "fields": {"first_name": "Rhonda", "last_name": "Pearlman", "middle_name": "", "is_active": true, "is_staff": false, "is_superuser": false, "last_login": "2015-09-11T14:56:32.560Z", "username": "", "user_permissions": [], "date_joined": "2015-09-02T18:07:41Z", "password": "", "email": "20825@example.com", "groups": []}, "pk": 4}, {"model": "main.user", "fields": {"first_name": "John", "last_name": "Adams", "middle_name": "", "is_active": true, "is_staff": false, "is_superuser": false, "last_login": null, "username": "", "user_permissions": [], "date_joined": "2015-09-03T03:43:15Z", "password": "", "email": "6587@demo.org", "groups": []}, "pk": 5}, {"model": "main.user", "fields": {"first_name": "Barack", "last_name": "Obama", "middle_name": "", "is_active": true, "is_staff": false, "is_superuser": false, "last_login": "2015-09-11T18:41:01.468Z", "username": "", "user_permissions": [], "date_joined": "2015-09-03T11:16:36Z", "password": "", "email": "obama@demo.org", "groups": []}, "pk": 6}, {"model": "main.user", "fields": {"first_name": "advisor 2", "last_name": "demo", "middle_name": "", "is_active": true, "is_staff": false, "is_superuser": false, "last_login": "2015-09-06T22:54:43.610Z", "username": "", "user_permissions": [], "date_joined": "2015-09-04T08:10:59Z", "password": "pbkdf2_sha256$20000$s4CrKBiiuwAr$0x90N7nE0qJC8pFEmUi+Ah+0nQvh/qov26PQv7ZiOqc=", "email": "advisor2@example.org", "groups": []}, "pk": 7}, {"model": "main.user", "fields": {"first_name": "advisor 3", "last_name": "demo", "middle_name": "", "is_active": true, "is_staff": false, "is_superuser": false, "last_login": null, "username": "", "user_permissions": [], "date_joined": "2015-09-04T08:21:43Z", "password": "", "email": "advisor3@example.org", "groups": []}, "pk": 8}, {"model": "main.user", "fields": {"first_name": "admin", "last_name": "demo", "middle_name": "", "is_active": true, "is_staff": false, "is_superuser": false, "last_login": null, "username": "", "user_permissions": [], "date_joined": "2015-09-07T07:29:19Z", "password": "pbkdf2_sha256$20000$33u3rIEY1z7M$tGR1g3rnnc2fO1xzMl1Q5uHkuwQ5DKH2sY6b8VEWpyk=", "email": "admin@demo.com", "groups": []}, "pk": 9}, {"model": "main.firm", "fields": {"name": "Cristian Advisors", "form_adv_part2_url": "", "fee": 0, "slug": "cristian-advisors", "dealer_group_number": "", "token": "7b5e7cae-951d-4a43-aa37-7fbef39b0656", "client_agreement_url": "./pgadmin_yxCqN9n.log", "knocked_out_logo_url": "./MSA_Logo.png", "logo_url": ""}, "pk": 1}, {"model": "main.firm", "fields": {"name": "Bancolombia", "form_adv_part2_url": "", "fee": 0, "slug": "bancolombia", "dealer_group_number": "", "token": "c4305001-dab3-4185-9def-32aca6e99e2c", "client_agreement_url": "", "knocked_out_logo_url": "", "logo_url": ""}, "pk": 2}, {"model": "main.firmdata", "fields": {"afsl_asic_document": "./Compa\u00f1\u00eda_de_Financiamiento_Tuya_S_ix37QXO.pdf", "postal_city": "Medellin", "alternate_email_address": "criscalovis@gmail.com", "office_state": "NSW", "australian_business_number": "dsfsdfsdfsdfsd", "afsl_asic": "546546446", "fax_number": "2365896574", "postal_post_code": "2512", "fee_bank_account_name": "Cristian Lozano", "postal_address_line_2": "lokjlk", "fee_bank_account_number": "54164164", "office_post_code": "4454", "fee_bank_account_branch_name": "54545", "office_address_line_2": "sadfsdsdf", "postal_state": "NSW", "mobile_phone_number": "2365896574", "daytime_phone_number": "2365896574", "same_address": false, "fee_bank_account_holder_name": "fsdfdsfsdfds", "last_change": "2015-09-01", "postal_address_line_1": "Kr 55 No 5-41", "fee_bank_account_bsb_number": "sdfsd", "office_address_line_1": "Kr 55 No 5-41", "firm": 2, "office_city": "Medellin"}, "pk": 1}, {"model": "main.advisor", "fields": {"address_line_1": "Kr 55 No 5-41", "betasmartz_agreement": true, "date_of_birth": "1987-10-15", "address_line_2": "", "is_confirmed": true, "letter_of_authority": "./Change-of-Dealer-Group-form.pdf", "gender": "Male", "phone_number": "1234567891", "security_question_2": "What is your oldest sibling's birth month?", "security_question_1": "What was the name of your elementary school?", "user": 3, "is_accepted": true, "post_code": "1259", "firm": 1, "city": "Secret", "security_answer_2": "ccc", "token": "12d8b193-0835-40b9-baa5-01f9a668b434", "state": "NT", "confirmation_key": null, "security_answer_1": "aaa", "medicare_number": "121646a"}, "pk": 1}, {"model": "main.advisor", "fields": {"address_line_1": "WXYZ", "betasmartz_agreement": true, "date_of_birth": "1957-09-04", "address_line_2": "PLDE", "is_confirmed": true, "letter_of_authority": "./pgadmin_ggskSUU.log", "gender": "Male", "phone_number": "4582356871", "security_question_2": "What is your oldest sibling's birth month?", "security_question_1": "What was the name of your elementary school?", "user": 7, "is_accepted": true, "post_code": "3658", "firm": 1, "city": "Ft. lorenzo", "security_answer_2": "hoho", "token": null, "state": "NSW", "confirmation_key": null, "security_answer_1": "hoho", "medicare_number": "2583694"}, "pk": 2}, {"model": "main.advisor", "fields": {"address_line_1": "lkj", "betasmartz_agreement": true, "date_of_birth": "1975-09-04", "address_line_2": "bng", "is_confirmed": true, "letter_of_authority": "./pgadmin_gnUq2VU.log", "gender": "Male", "phone_number": "3214569875", "security_question_2": "In what city did your mother and father meet?", "security_question_1": "What was the name of your favorite childhood friend?", "user": 8, "is_accepted": false, "post_code": "2569", "firm": 1, "city": "jjj", "security_answer_2": "mmmm", "token": null, "state": "NT", "confirmation_key": null, "security_answer_1": "mmmm", "medicare_number": "55454596"}, "pk": 3}, {"model": "main.accountgroup", "fields": {"name": "new household", "advisor": 1, "secondary_advisors": []}, "pk": 7}, {"model": "main.accountgroup", "fields": {"name": "Rhonda Pearlman edition", "advisor": 1, "secondary_advisors": []}, "pk": 8}, {"model": "main.clientaccount", "fields": {"account_type": "1", "created_at": "2015-09-04T10:57:57.210Z", "primary_owner": 1, "custom_fee": 0, "account_group": 8}, "pk": 5}, {"model": "main.clientaccount", "fields": {"account_type": "PERSONAL", "created_at": "2015-09-04T10:57:57.210Z", "primary_owner": 3, "custom_fee": 33, "account_group": 7}, "pk": 6}, {"model": "main.client", "fields": {"associated_to_broker_dealer": false, "ten_percent_insider": false, "city": "ACK", "gender": "Male", "phone_number": "9874563248", "security_question_2": "What street did you live on in third grade?", "address_line_2": "apt 01", "create_date": "2015-09-03T00:00:00Z", "client_agreement": "./pgadmin.log", "state": "SA", "tax_file_number": "656566", "secondary_advisors": [], "address_line_1": "Kr 55 No 5-41", "date_of_birth": "1975-09-02", "is_confirmed": true, "security_question_1": "What was the name of your elementary school?", "user": 4, "is_accepted": true, "post_code": "1259", "advisor": 1, "provide_tfn": 0, "confirmation_key": null, "security_answer_2": "ccc", "security_answer_1": "aaa"}, "pk": 1}, {"model": "main.client", "fields": {"associated_to_broker_dealer": false, "ten_percent_insider": false, "city": "aaa", "gender": "Male", "phone_number": "6549871236", "security_question_2": "What street did you live on in third grade?", "address_line_2": "tbd", "create_date": "2015-09-03T00:00:00Z", "client_agreement": "./Change-of-Dealer-Group-form_byjTfb5.pdf", "state": "NSW", "tax_file_number": "441513", "secondary_advisors": [], "address_line_1": "abc", "date_of_birth": "1985-09-02", "is_confirmed": true, "security_question_1": "What was the name of your elementary school?", "user": 5, "is_accepted": true, "post_code": "8564", "advisor": 1, "provide_tfn": 0, "confirmation_key": null, "security_answer_2": "zxy", "security_answer_1": "pld"}, "pk": 2}, {"model": "main.client", "fields": {"associated_to_broker_dealer": false, "ten_percent_insider": false, "city": "aaaa", "gender": "Male", "phone_number": "1234567893", "security_question_2": "What street did you live on in third grade?", "address_line_2": "xwx", "create_date": "2015-09-03T11:18:40.686Z", "client_agreement": "./pgadmin_bsHD0jP.log", "state": "SA", "tax_file_number": "85755", "secondary_advisors": [], "address_line_1": "xyz", "date_of_birth": "1972-09-22", "is_confirmed": true, "security_question_1": "What was the name of your favorite childhood friend?", "user": 6, "is_accepted": true, "post_code": "6339", "advisor": 1, "provide_tfn": 0, "confirmation_key": null, "security_answer_2": "00330", "security_answer_1": "232323"}, "pk": 3}, {"model": "main.assetclass", "fields": {"name": "AUS_SMALL_CAP_VALUE_STOCKS", "display_name": "Australian Small-Cap Value", "display_order": 2, "tickers_explanation": "VSO, ISO, and SSO are highly correlated options to gain Australian Small-Cap Value stock exposure. VSO is our primary choice with its low expenses and large asset base.", "asset_class_explanation": "Australian Small-Cap Value stocks overlap with the Australian Total Stock Market, but are included to tilt the portfolio towards small size companies with generally low price-to-earnings ratios. Value-tilting has historically showed good results, and it in general increases the portfolio's dividend yield.", "primary_color": "#50891E", "investment_type": "STOCKS", "foreground_color": "#FFFFFF", "super_asset_class": "EQUITY_AU", "drift_color": "#B9D0A5"}, "pk": 1}, {"model": "main.assetclass", "fields": {"name": "AUS_HIGH_YIELD_STOCKS", "display_name": "Australian High Yield Corporate", "display_order": 3, "tickers_explanation": "VHY, RDV, YMAX, SYI, RVL and IHD are all dependable avenues to gain exposure to Australian High Yield Stocks. VHY is our primary choice with its tight bid-ask spread and a low expense ratio.", "asset_class_explanation": "Australian High Yield Stocks overlap with the Australian Total Stock Market, but are included to tilt the portfolio towards companies with higher forecast dividends relative to other companies. Value-tilting has historically showed good results, and generally increases the portfolio's dividend yield.", "primary_color": "#035D0E", "investment_type": "STOCKS", "foreground_color": "#FFFFFF", "super_asset_class": "EQUITY_AU", "drift_color": "#9ABE9F"}, "pk": 2}, {"model": "main.assetclass", "fields": {"name": "GLOBAL_MARKETS_STOCKS", "display_name": "Global Markets", "display_order": 4, "tickers_explanation": "VGS and IOO are both dependable avenues to gain exposure to Global Market stocks. VGS is our primary choice with its tight bid-ask spread and a low expense ratio.", "asset_class_explanation": "Global Markets stocks provide exposure to a diverse set of companies from international developed economies including the US, UK, Europe, Japan, and others, excluding Australia. It reflects global risk/return and has lower correlations to the Australian market.", "primary_color": "#0C3911", "investment_type": "STOCKS", "foreground_color": "#FFFFFF", "super_asset_class": "EQUITY_US", "drift_color": "#9EB0A0"}, "pk": 3}, {"model": "main.assetclass", "fields": {"name": "AUS_GOVT_BONDS", "display_name": "Australian Government Bonds", "display_order": 7, "tickers_explanation": "RGB, GOVT, VGB and IGB offer broad exposure to the Australian Government Bond market. RGB is our primary choice due to its low expense ratio and high liquidity.", "asset_class_explanation": "Australian Government Bonds are an extremely low-risk asset class as a cash alternative that generates nominal benefit through interest payments, and de-risks the portfolio at safer allocations.", "primary_color": "#D6EBFF", "investment_type": "BONDS", "foreground_color": "#333333", "super_asset_class": "FIXED_INCOME_AU", "drift_color": "#EFF7FF"}, "pk": 4}, {"model": "main.assetclass", "fields": {"name": "AUS_CORPORATE_BONDS", "display_name": "Australian Corporate Bonds", "display_order": 6, "tickers_explanation": "BOND, IAF, and RCB provide portfolio exposure to the Australian Corporate Bond market. BOND's tight bid-ask spread and stronger asset base make it our primary choice.", "asset_class_explanation": "Australian Corporate Bonds are issued by corporations to finance business activities. Corporate bonds generally offer much more attractive yields and opportunity for capital appreciation to compensate investors for default risk. They also diversify the fixed-income portfolio, resulting in higher risk-adjusted returns.", "primary_color": "#409BF6", "investment_type": "BONDS", "foreground_color": "#FFFFFF", "super_asset_class": "FIXED_INCOME_AU", "drift_color": "#B3D7FB"}, "pk": 5}, {"model": "main.assetclass", "fields": {"name": "AUS_TOTAL_MARKET_STOCKS", "display_name": "Australian Total Stock Market", "display_order": 0, "tickers_explanation": "VAS, STW, and QOZ all offer exposure to the entire Australian Stock market and are highly correlated. They all have very low expense ratios. VAS has high liquidity and small bid-ask spreads so it is our primary choice.", "asset_class_explanation": "Australian Total Stock Market contains broad exposure to the entire Australian stock market, including growth and value companies of small, mid and large capitalizations. This asset class allows participation in the historically strong long-term growth of the Australian economy.", "primary_color": "#BCE577", "investment_type": "STOCKS", "foreground_color": "#333333", "super_asset_class": "EQUITY_AU", "drift_color": "#E4F5C9"}, "pk": 6}, {"model": "main.assetclass", "fields": {"name": "INFLATION_PROTECTED_BONDS", "display_name": "Australian Government Inflation", "display_order": 8, "tickers_explanation": "ILB is the only offering to have a broad representation of Australian Government Inflation and has a low expense ratio.", "asset_class_explanation": "Australian Government Inflation includes Australian Government Bonds issued by the Australian Commonwealth Government and Australian State-Governments which are supposed to provide a hedge against inflation. This allocation serves to insulate a part of the portfolio from the depreciating effects of inflation while also having historically relatively low correlation with other asset classes.", "primary_color": "#ADD6FF", "investment_type": "BONDS", "foreground_color": "#FFFFFF", "super_asset_class": "FIXED_INCOME_AU", "drift_color": "#DEEFFF"}, "pk": 7}, {"model": "main.assetclass", "fields": {"name": "INTERNATIONAL_BONDS", "display_name": "International Bonds", "display_order": 10, "tickers_explanation": "RIGS (NYSE) provides exposure to the whole international fixed-income market. It carries a competitive expense ratio and robust asset base.", "asset_class_explanation": "International Bonds are issued by non-Australian developed and emerging market governments, semi-governments and corporates. They have high credit quality and provide interest rate diversification for a bond portfolio, generally resulting in higher risk-adjusted returns.", "primary_color": "#005CB8", "investment_type": "BONDS", "foreground_color": "#FFFFFF", "super_asset_class": "FIXED_INCOME_US", "drift_color": "#99BEE3"}, "pk": 8}, {"model": "main.assetclass", "fields": {"name": "AUS_LARGE_CAP_VALUE_STOCKS", "display_name": "Australian Large-Cap Value", "display_order": 1, "tickers_explanation": "VLC, ILC and SFY all offer broad Australian Large-Cap Value Stock exposure and are highly correlated. VLC and ILC have the lowest expense ratios. VLC is our primary choice due to its high liquidity.", "asset_class_explanation": "Australian Large-Cap Value stocks overlap with the Australian Total Stock Market, but are included to tilt the portfolio toward large size companies with generally low price-to-earnings ratios. Value-tilting has historically showed good performance, and also in general increases the portfolio's dividend yield.", "primary_color": "#96D363", "investment_type": "STOCKS", "foreground_color": "#FFFFFF", "super_asset_class": "EQUITY_AU", "drift_color": "#D5EDC1"}, "pk": 9}, {"model": "main.assetclass", "fields": {"name": "AUS_MUNICIPAL_BONDS", "display_name": "Australian Semi-Government Bonds", "display_order": 9, "tickers_explanation": "RSM offers broad exposure to the Australian Semi-Government Bond market. RSM is our primary choice due to its low expense ratio and high liquidity.", "asset_class_explanation": "Australian Semi-Government Bonds are issue by State Government, State Treasury Corporations and Municipalities to finance capital expenditures. While Semi-Government Bond credit risk is slightly higher than Australian Government Bonds, it is still quite low and makes them an excellent addition to portfolios.", "primary_color": "#8BC5FF", "investment_type": "BONDS", "foreground_color": "#FFFFFF", "super_asset_class": "FIXED_INCOME_AU", "drift_color": "#DAEDFF"}, "pk": 10}, {"model": "main.ticker", "fields": {"currency": "AUD", "ordering": 0, "unit_price": 40.5, "url": "https://www.vanguardinvestments.com.au/retail/ret/investments/etfdetailVASCIE.jsp", "description": "Australian Small-Cap Value", "asset_class": 1, "symbol": "VSO", "display_name": "Vanguard MSCI Australian Small Companies Index ETF"}, "pk": 1}, {"model": "main.ticker", "fields": {"currency": "AUD", "ordering": 0, "unit_price": 57.2, "url": "https://www.vanguardinvestments.com.au/retail/ret/investments/etfdetailVASHYE.jsp", "description": "Australian High Yield Corporate", "asset_class": 2, "symbol": "VHY", "display_name": "Vanguard Australian Shares High Yield ETF"}, "pk": 3}, {"model": "main.ticker", "fields": {"currency": "AUD", "ordering": 0, "unit_price": 58.27, "url": "https://www.vanguardinvestments.com.au/retail/ret/investments/etfdetailVISIFE.jsp", "description": "Global Markets", "asset_class": 3, "symbol": "VGS", "display_name": "Vanguard MSCI Index International Shares ETF"}, "pk": 5}, {"model": "main.ticker", "fields": {"currency": "AUD", "ordering": 0, "unit_price": 21.1, "url": "http://www.russell.com/au/solutions/exchange-traded-funds/data.aspx?id=RAGBETF", "description": "Australian Government Bonds", "asset_class": 4, "symbol": "RGB", "display_name": "Russell Australian Government Bond ETF"}, "pk": 7}, {"model": "main.ticker", "fields": {"currency": "AUD", "ordering": 0, "unit_price": 26.1, "url": "https://www.spdrs.com.au/etf/fund/fund_detail_BOND.html", "description": "Australian Corporate Bonds", "asset_class": 5, "symbol": "BOND", "display_name": "SPDR S&P/ASX Australian Bond Fund"}, "pk": 8}, {"model": "main.ticker", "fields": {"currency": "AUD", "ordering": 0, "unit_price": 65.41, "url": "https://www.vanguardinvestments.com.au/retail/ret/investments/etfdetailVASIFE.jsp", "description": "Australian Total Stock Market", "asset_class": 6, "symbol": "VAS", "display_name": "Vanguard Australian Shares Index ETF"}, "pk": 10}, {"model": "main.ticker", "fields": {"currency": "AUD", "ordering": 0, "unit_price": 113.8, "url": "https://www.blackrock.com/au/individual/products/251978/ishares-government-inflation-etf", "description": "Australian Government Inflation", "asset_class": 7, "symbol": "ILB", "display_name": "iShares Government Inflation ETF"}, "pk": 12}, {"model": "main.ticker", "fields": {"currency": "USD", "ordering": 0, "unit_price": 17.534683, "url": "http://www.alpsfunds.com/overview/RIGS", "description": "International Bonds", "asset_class": 8, "symbol": "RIGS", "display_name": "RiverFront Strategic Income Fund ETF"}, "pk": 13}, {"model": "main.ticker", "fields": {"currency": "AUD", "ordering": 0, "unit_price": 56.3, "url": "https://www.vanguardinvestments.com.au/retail/ret/investments/etfdetailVALCIE.jsp", "description": "Australian Large-Cap Value", "asset_class": 9, "symbol": "VLC", "display_name": "Vanguard Value ETF"}, "pk": 14}, {"model": "main.ticker", "fields": {"currency": "AUD", "ordering": 0, "unit_price": 20.71, "url": "http://www.russell.com/au/solutions/exchange-traded-funds/data.aspx?id=RASGBETF", "description": "Australian Semi-Government Bonds", "asset_class": 10, "symbol": "RSM", "display_name": "Russell Australian Semi-Govt Bd ETF"}, "pk": 16}, {"model": "main.emailinvitation", "fields": {"send_count": 14, "inviter_id": 2, "send_date": "2015-09-01T06:13:25.443Z", "status": 1, "inviter_type": 7, "email": "criscalovis@yahoo.com", "invitation_type": 1}, "pk": 24}, {"model": "main.emailinvitation", "fields": {"send_count": 1, "inviter_id": 2, "send_date": "2015-09-01T06:19:04.827Z", "status": 0, "inviter_type": 7, "email": "criscalovis@hotmail.com", "invitation_type": 1}, "pk": 25}, {"model": "main.emailinvitation", "fields": {"send_count": 1, "inviter_id": 1, "send_date": "2015-09-01T08:02:56.351Z", "status": 0, "inviter_type": 7, "email": "criscalovis@yahoo.com", "invitation_type": 1}, "pk": 26}, {"model": "main.emailinvitation", "fields": {"send_count": 4, "inviter_id": 1, "send_date": "2015-09-01T08:16:27.015Z", "status": 0, "inviter_type": 7, "email": "criscalovis@gmail.com", "invitation_type": 1}, "pk": 27}, {"model": "main.emailinvitation", "fields": {"send_count": 2, "inviter_id": 2, "send_date": "2015-09-01T17:54:28.627Z", "status": 0, "inviter_type": 7, "email": "criscalovis@gmail.com", "invitation_type": 2}, "pk": 28}, {"model": "main.emailinvitation", "fields": {"send_count": 1, "inviter_id": 2, "send_date": "2015-09-01T17:56:57.539Z", "status": 0, "inviter_type": 7, "email": "criscalovis@gmail.com", "invitation_type": 0}, "pk": 29}, {"model": "main.emailinvitation", "fields": {"send_count": 1, "inviter_id": 1, "send_date": "2015-09-02T12:38:40.524Z", "status": 3, "inviter_type": 7, "email": "criscalovis@hotmail.com", "invitation_type": 1}, "pk": 30}, {"model": "main.emailinvitation", "fields": {"send_count": 1, "inviter_id": 1, "send_date": "2015-09-02T17:19:37.373Z", "status": 0, "inviter_type": 9, "email": "democlient@demo.com", "invitation_type": 3}, "pk": 31}, {"model": "main.emailinvitation", "fields": {"send_count": 1, "inviter_id": 1, "send_date": "2015-09-02T17:19:47.936Z", "status": 0, "inviter_type": 9, "email": "criscalovis@hotmail.com", "invitation_type": 3}, "pk": 32}, {"model": "main.platform", "fields": {"api": "YAHOO", "fee": 25, "portfolio_set": 1}, "pk": 1}, {"model": "main.goal", "fields": {"name": "Retirement62", "account_type": "INVESTING", "allocation": 0.54, "completion_date": "2026-09-10T23:20:54Z", "type": "RETIREMENT", "account": 6, "target": 320000.0, "created_date": "2015-09-09T05:54:03.919Z"}, "pk": 1}, {"model": "main.goal", "fields": {"name": "Wealth Protection", "account_type": "INVESTING", "allocation": 0.69, "completion_date": "2024-09-11T01:33:50Z", "type": "EDUCATION", "account": 6, "target": 70000.0, "created_date": "2015-09-09T06:09:24.387Z"}, "pk": 4}, {"model": "main.goal", "fields": {"name": "abc", "account_type": "INVESTING", "allocation": 0.56, "completion_date": "2023-09-11T01:48:31Z", "type": "EDUCATION", "account": 6, "target": 25800.0, "created_date": "2015-09-11T10:04:53.234Z"}, "pk": 8}, {"model": "main.goal", "fields": {"name": "House Fund", "account_type": "INVESTING", "allocation": 0.65, "completion_date": "2025-09-10T11:56:58Z", "type": "HOUSE", "account": 5, "target": 542000.0, "created_date": "2015-09-11T14:56:59.912Z"}, "pk": 9}, {"model": "main.goal", "fields": {"name": "abc", "account_type": "INVESTING", "allocation": 0.56, "completion_date": "2022-09-10T13:26:14Z", "type": "EDUCATION", "account": 6, "target": 25800.0, "created_date": "2015-09-11T16:35:08.679Z"}, "pk": 10}, {"model": "main.position", "fields": {"ticker": 13, "share": 20.0, "goal": 1}, "pk": 1}, {"model": "main.position", "fields": {"ticker": 7, "share": 113.0, "goal": 1}, "pk": 2}, {"model": "main.transaction", "fields": {"amount": 300.0, "to_account": null, "type": "DEPOSIT", "account": 1, "from_account": null, "status": "PENDING", "created_date": "2015-09-09T03:46:57.818Z"}, "pk": 18}, {"model": "main.transaction", "fields": {"amount": 300.0, "to_account": null, "type": "DEPOSIT", "account": 1, "from_account": null, "status": "PENDING", "created_date": "2015-09-09T07:10:24.649Z"}, "pk": 20}, {"model": "main.transaction", "fields": {"amount": 8000.0, "to_account": null, "type": "DEPOSIT", "account": 4, "from_account": null, "status": "PENDING", "created_date": "2015-09-09T07:22:36.466Z"}, "pk": 21}, {"model": "main.transaction", "fields": {"amount": 100.0, "to_account": null, "type": "DEPOSIT", "account": 1, "from_account": null, "status": "PENDING", "created_date": "2015-09-11T08:53:44.747Z"}, "pk": 22}, {"model": "main.transaction", "fields": {"amount": 100.0, "to_account": null, "type": "DEPOSIT", "account": 1, "from_account": null, "status": "PENDING", "created_date": "2015-09-11T09:00:29.792Z"}, "pk": 23}, {"model": "main.transaction", "fields": {"amount": 100.0, "to_account": null, "type": "DEPOSIT", "account": 1, "from_account": null, "status": "PENDING", "created_date": "2015-09-11T09:01:37.003Z"}, "pk": 24}, {"model": "main.transaction", "fields": {"amount": 100.0, "to_account": null, "type": "DEPOSIT", "account": 1, "from_account": null, "status": "PENDING", "created_date": "2015-09-11T09:03:09.666Z"}, "pk": 25}, {"model": "main.transaction", "fields": {"amount": 1250.0, "to_account": null, "type": "DEPOSIT", "account": 1, "from_account": null, "status": "PENDING", "created_date": "2015-09-11T10:01:05.122Z"}, "pk": 30}, {"model": "main.transaction", "fields": {"amount": 95841.0, "to_account": null, "type": "DEPOSIT", "account": 1, "from_account": null, "status": "PENDING", "created_date": "2015-09-11T10:01:31.369Z"}, "pk": 31}, {"model": "main.transaction", "fields": {"amount": 4599.0, "to_account": null, "type": "DEPOSIT", "account": 1, "from_account": null, "status": "PENDING", "created_date": "2015-09-11T10:01:52.009Z"}, "pk": 32}, {"model": "main.transaction", "fields": {"amount": 158.0, "to_account": null, "type": "DEPOSIT", "account": 1, "from_account": null, "status": "PENDING", "created_date": "2015-09-11T10:02:45.794Z"}, "pk": 33}, {"model": "main.transaction", "fields": {"amount": 548.0, "to_account": null, "type": "DEPOSIT", "account": 4, "from_account": null, "status": "PENDING", "created_date": "2015-09-11T10:03:23.230Z"}, "pk": 34}, {"model": "main.transaction", "fields": {"amount": 150.0, "to_account": null, "type": "DEPOSIT", "account": 4, "from_account": null, "status": "PENDING", "created_date": "2015-09-11T10:04:00.363Z"}, "pk": 35}, {"model": "main.transaction", "fields": {"amount": 1500.0, "to_account": null, "type": "DEPOSIT", "account": 8, "from_account": null, "status": "PENDING", "created_date": "2015-09-11T10:04:53.487Z"}, "pk": 36}, {"model": "main.transaction", "fields": {"amount": 4842.0, "to_account": null, "type": "DEPOSIT", "account": 1, "from_account": null, "status": "PENDING", "created_date": "2015-09-11T11:43:19.532Z"}, "pk": 37}, {"model": "main.transaction", "fields": {"amount": 0.69, "to_account": null, "type": "ALLOCATION", "account": 4, "from_account": null, "status": "PENDING", "created_date": "2015-09-11T11:44:23.714Z"}, "pk": 38}, {"model": "main.transaction", "fields": {"amount": 300.0, "to_account": null, "type": "DEPOSIT", "account": 1, "from_account": null, "status": "PENDING", "created_date": "2015-09-11T12:52:35.108Z"}, "pk": 39}, {"model": "main.transaction", "fields": {"amount": 200.0, "to_account": null, "type": "DEPOSIT", "account": 1, "from_account": null, "status": "PENDING", "created_date": "2015-09-11T14:21:31.331Z"}, "pk": 40}, {"model": "main.transaction", "fields": {"amount": 120000.0, "to_account": null, "type": "DEPOSIT", "account": 9, "from_account": null, "status": "PENDING", "created_date": "2015-09-11T14:57:00.049Z"}, "pk": 42}, {"model": "main.transaction", "fields": {"amount": 0.54, "to_account": null, "type": "ALLOCATION", "account": 1, "from_account": null, "status": "PENDING", "created_date": "2015-09-11T16:15:54.398Z"}, "pk": 43}, {"model": "main.transaction", "fields": {"amount": 6900.0, "to_account": null, "type": "DEPOSIT", "account": 10, "from_account": null, "status": "PENDING", "created_date": "2015-09-11T16:37:51.003Z"}, "pk": 44}, {"model": "main.transaction", "fields": {"amount": 2000.0, "to_account": null, "type": "WITHDRAWAL", "account": 1, "from_account": null, "status": "PENDING", "created_date": "2015-09-11T18:46:06.918Z"}, "pk": 45}, {"model": "main.transaction", "fields": {"amount": 300.0, "to_account": null, "type": "WITHDRAWAL", "account": 1, "from_account": null, "status": "PENDING", "created_date": "2015-09-11T18:48:47.581Z"}, "pk": 46}, {"model": "main.transactionmemo", "fields": {"transaction_type": "ALLOCATION_CHANGE", "comment": "", "category": "unspecified", "transaction": 38}, "pk": 3}, {"model": "main.transactionmemo", "fields": {"transaction_type": "WITHDRAWAL", "comment": "jjjjh", "category": "unspecified", "transaction": 46}, "pk": 5}, {"model": "main.automaticdeposit", "fields": {"amount": 244.02, "frequency": "TWICE_A_MONTH", "transaction_date_time_1": "2015-09-13T04:00:00Z", "created_at": "2015-09-11T13:46:06.170Z", "account": 1, "enabled": true, "transaction_date_time_2": "2015-09-27T04:00:00Z", "last_plan_change": "2015-09-11T16:17:07.407Z"}, "pk": 1}, {"model": "main.automaticdeposit", "fields": {"amount": 94.79, "frequency": "TWICE_A_MONTH", "transaction_date_time_1": "2015-09-19T18:00:00Z", "created_at": "2015-09-11T14:08:49.516Z", "account": 8, "enabled": true, "transaction_date_time_2": "2015-10-11T15:00:00Z", "last_plan_change": "2015-09-11T16:48:31.771Z"}, "pk": 2}, {"model": "main.automaticdeposit", "fields": {"amount": 834.76, "frequency": "MONTHLY", "transaction_date_time_1": "2015-09-15T14:00:00Z", "created_at": "2015-09-11T14:57:33.808Z", "account": 9, "enabled": true, "transaction_date_time_2": null, "last_plan_change": "2015-09-11T14:57:33.808Z"}, "pk": 3}, {"model": "main.automaticdeposit", "fields": {"amount": 326.57, "frequency": "MONTHLY", "transaction_date_time_1": "2015-09-27T04:00:00Z", "created_at": "2015-09-11T14:59:10.391Z", "account": 4, "enabled": true, "transaction_date_time_2": null, "last_plan_change": "2015-09-11T16:34:11.927Z"}, "pk": 4}, {"model": "main.automaticdeposit", "fields": {"amount": 145.78, "frequency": "MONTHLY", "transaction_date_time_1": "2015-09-22T14:00:00Z", "created_at": "2015-09-11T16:38:14.342Z", "account": 10, "enabled": true, "transaction_date_time_2": null, "last_plan_change": "2015-09-11T16:38:14.341Z"}, "pk": 5}, {"model": "portfolios.portfolioset", "fields": {"name": "default", "asset_classes": [1, 2, 3, 6, 9, 5, 4, 7, 10, 8], "risk_free_rate": 0.021, "tau": 0.07}, "pk": 1}, {"model": "portfolios.portfoliobyrisk", "fields": {"expected_return": 0.21, "volatility": 2.4449, "portfolio_set": 1, "allocations": "{\"AUS_CORPORATE_BONDS\": 0.146, \"AUS_HIGH_YIELD_STOCKS\": 0.0, \"INTERNATIONAL_BONDS\": 0.4271, \"INFLATION_PROTECTED_BONDS\": 0.0, \"AUS_SMALL_CAP_VALUE_STOCKS\": 0.0, \"AUS_LARGE_CAP_VALUE_STOCKS\": 0.0, \"AUS_MUNICIPAL_BONDS\": 0.3327, \"AUS_TOTAL_MARKET_STOCKS\": 0.0, \"AUS_GOVT_BONDS\": 0.0942, \"GLOBAL_MARKETS_STOCKS\": 0.0}", "risk": 0.0}, "pk": 2725}, {"model": "portfolios.portfoliobyrisk", "fields": {"expected_return": 0.38, "volatility": 2.5057, "portfolio_set": 1, "allocations": "{\"AUS_CORPORATE_BONDS\": 0.1524, \"AUS_HIGH_YIELD_STOCKS\": 0.0, \"INTERNATIONAL_BONDS\": 0.4167, \"INFLATION_PROTECTED_BONDS\": 0.0, \"AUS_SMALL_CAP_VALUE_STOCKS\": 0.0, \"AUS_LARGE_CAP_VALUE_STOCKS\": 0.0, \"AUS_MUNICIPAL_BONDS\": 0.3304, \"AUS_TOTAL_MARKET_STOCKS\": 0.0, \"AUS_GOVT_BONDS\": 0.0905, \"GLOBAL_MARKETS_STOCKS\": 0.01}", "risk": 0.01}, "pk": 2726}, {"model": "portfolios.portfoliobyrisk", "fields": {"expected_return": 0.56, "volatility": 2.5712, "portfolio_set": 1, "allocations": "{\"AUS_CORPORATE_BONDS\": 0.1503, \"AUS_HIGH_YIELD_STOCKS\": 0.0, \"INTERNATIONAL_BONDS\": 0.4102, \"INFLATION_PROTECTED_BONDS\": 0.0, \"AUS_SMALL_CAP_VALUE_STOCKS\": 0.0, \"AUS_LARGE_CAP_VALUE_STOCKS\": 0.0, \"AUS_MUNICIPAL_BONDS\": 0.3283, \"AUS_TOTAL_MARKET_STOCKS\": 0.0, \"AUS_GOVT_BONDS\": 0.0911, \"GLOBAL_MARKETS_STOCKS\": 0.02}", "risk": 0.02}, "pk": 2727}, {"model": "portfolios.portfoliobyrisk", "fields": {"expected_return": 0.73, "volatility": 2.6398, "portfolio_set": 1, "allocations": "{\"AUS_CORPORATE_BONDS\": 0.1478, \"AUS_HIGH_YIELD_STOCKS\": 0.0, \"INTERNATIONAL_BONDS\": 0.4038, \"INFLATION_PROTECTED_BONDS\": 0.0, \"AUS_SMALL_CAP_VALUE_STOCKS\": 0.0, \"AUS_LARGE_CAP_VALUE_STOCKS\": 0.0, \"AUS_MUNICIPAL_BONDS\": 0.3265, \"AUS_TOTAL_MARKET_STOCKS\": 0.0, \"AUS_GOVT_BONDS\": 0.0919, \"GLOBAL_MARKETS_STOCKS\": 0.03}", "risk": 0.03}, "pk": 2728}, {"model": "portfolios.portfoliobyrisk", "fields": {"expected_return": 0.67, "volatility": 2.5822, "portfolio_set": 1, "allocations": "{\"AUS_CORPORATE_BONDS\": 0.1566, \"AUS_HIGH_YIELD_STOCKS\": 0.0, \"INTERNATIONAL_BONDS\": 0.3898, \"INFLATION_PROTECTED_BONDS\": 0.0, \"AUS_SMALL_CAP_VALUE_STOCKS\": 0.0, \"AUS_LARGE_CAP_VALUE_STOCKS\": 0.0, \"AUS_MUNICIPAL_BONDS\": 0.3247, \"AUS_TOTAL_MARKET_STOCKS\": 0.0, \"AUS_GOVT_BONDS\": 0.0889, \"GLOBAL_MARKETS_STOCKS\": 0.04}", "risk": 0.04}, "pk": 2729}, {"model": "portfolios.portfoliobyrisk", "fields": {"expected_return": 1.09, "volatility": 2.7873, "portfolio_set": 1, "allocations": "{\"AUS_CORPORATE_BONDS\": 0.1502, \"AUS_HIGH_YIELD_STOCKS\": 0.0, \"INTERNATIONAL_BONDS\": 0.3868, \"INFLATION_PROTECTED_BONDS\": 0.0, \"AUS_SMALL_CAP_VALUE_STOCKS\": 0.0, \"AUS_LARGE_CAP_VALUE_STOCKS\": 0.0, \"AUS_MUNICIPAL_BONDS\": 0.3224, \"AUS_TOTAL_MARKET_STOCKS\": 0.0, \"AUS_GOVT_BONDS\": 0.0906, \"GLOBAL_MARKETS_STOCKS\": 0.05}", "risk": 0.05}, "pk": 2730}, {"model": "portfolios.portfoliobyrisk", "fields": {"expected_return": 1.03, "volatility": 2.7341, "portfolio_set": 1, "allocations": "{\"AUS_CORPORATE_BONDS\": 0.1122, \"AUS_HIGH_YIELD_STOCKS\": 0.0, \"INTERNATIONAL_BONDS\": 0.4471, \"INFLATION_PROTECTED_BONDS\": 0.0, \"AUS_SMALL_CAP_VALUE_STOCKS\": 0.0, \"AUS_LARGE_CAP_VALUE_STOCKS\": 0.0, \"AUS_MUNICIPAL_BONDS\": 0.3807, \"AUS_TOTAL_MARKET_STOCKS\": 0.0, \"AUS_GOVT_BONDS\": 0.0, \"GLOBAL_MARKETS_STOCKS\": 0.06}", "risk": 0.06}, "pk": 2731}, {"model": "portfolios.portfoliobyrisk", "fields": {"expected_return": 1.21, "volatility": 2.8147, "portfolio_set": 1, "allocations": "{\"AUS_CORPORATE_BONDS\": 0.1154, \"AUS_HIGH_YIELD_STOCKS\": 0.0, \"INTERNATIONAL_BONDS\": 0.437, \"INFLATION_PROTECTED_BONDS\": 0.0, \"AUS_SMALL_CAP_VALUE_STOCKS\": 0.0, \"AUS_LARGE_CAP_VALUE_STOCKS\": 0.0, \"AUS_MUNICIPAL_BONDS\": 0.3775, \"AUS_TOTAL_MARKET_STOCKS\": 0.0, \"AUS_GOVT_BONDS\": 0.0, \"GLOBAL_MARKETS_STOCKS\": 0.07}", "risk": 0.07}, "pk": 2732}, {"model": "portfolios.portfoliobyrisk", "fields": {"expected_return": 1.38, "volatility": 2.8979, "portfolio_set": 1, "allocations": "{\"AUS_CORPORATE_BONDS\": 0.1152, \"AUS_HIGH_YIELD_STOCKS\": 0.0, \"INTERNATIONAL_BONDS\": 0.4296, \"INFLATION_PROTECTED_BONDS\": 0.0, \"AUS_SMALL_CAP_VALUE_STOCKS\": 0.0, \"AUS_LARGE_CAP_VALUE_STOCKS\": 0.0, \"AUS_MUNICIPAL_BONDS\": 0.3751, \"AUS_TOTAL_MARKET_STOCKS\": 0.0, \"AUS_GOVT_BONDS\": 0.0, \"GLOBAL_MARKETS_STOCKS\": 0.08}", "risk": 0.08}, "pk": 2733}, {"model": "portfolios.portfoliobyrisk", "fields": {"expected_return": 1.56, "volatility": 2.9835, "portfolio_set": 1, "allocations": "{\"AUS_CORPORATE_BONDS\": 0.1192, \"AUS_HIGH_YIELD_STOCKS\": 0.0, \"INTERNATIONAL_BONDS\": 0.4191, \"INFLATION_PROTECTED_BONDS\": 0.0, \"AUS_SMALL_CAP_VALUE_STOCKS\": 0.0, \"AUS_LARGE_CAP_VALUE_STOCKS\": 0.0, \"AUS_MUNICIPAL_BONDS\": 0.3717, \"AUS_TOTAL_MARKET_STOCKS\": 0.0, \"AUS_GOVT_BONDS\": 0.0, \"GLOBAL_MARKETS_STOCKS\": 0.09}", "risk": 0.09}, "pk": 2734}, {"model": "portfolios.portfoliobyrisk", "fields": {"expected_return": 1.74, "volatility": 3.0713, "portfolio_set": 1, "allocations": "{\"AUS_CORPORATE_BONDS\": 0.1204, \"AUS_HIGH_YIELD_STOCKS\": 0.0, \"INTERNATIONAL_BONDS\": 0.4105, \"INFLATION_PROTECTED_BONDS\": 0.0, \"AUS_SMALL_CAP_VALUE_STOCKS\": 0.0, \"AUS_LARGE_CAP_VALUE_STOCKS\": 0.0, \"AUS_MUNICIPAL_BONDS\": 0.369, \"AUS_TOTAL_MARKET_STOCKS\": 0.0, \"AUS_GOVT_BONDS\": 0.0, \"GLOBAL_MARKETS_STOCKS\": 0.1}", "risk": 0.1}, "pk": 2735}, {"model": "portfolios.portfoliobyrisk", "fields": {"expected_return": 1.92, "volatility": 3.1611, "portfolio_set": 1, "allocations": "{\"AUS_CORPORATE_BONDS\": 0.1221, \"AUS_HIGH_YIELD_STOCKS\": 0.0, \"INTERNATIONAL_BONDS\": 0.402, \"INFLATION_PROTECTED_BONDS\": 0.0, \"AUS_SMALL_CAP_VALUE_STOCKS\": 0.0, \"AUS_LARGE_CAP_VALUE_STOCKS\": 0.0, \"AUS_MUNICIPAL_BONDS\": 0.3656, \"AUS_TOTAL_MARKET_STOCKS\": 0.0, \"AUS_GOVT_BONDS\": 0.0002, \"GLOBAL_MARKETS_STOCKS\": 0.11}", "risk": 0.11}, "pk": 2736}, {"model": "portfolios.portfoliobyrisk", "fields": {"expected_return": 2.09, "volatility": 3.2519, "portfolio_set": 1, "allocations": "{\"AUS_CORPORATE_BONDS\": 0.1227, \"AUS_HIGH_YIELD_STOCKS\": 0.0, \"INTERNATIONAL_BONDS\": 0.3935, \"INFLATION_PROTECTED_BONDS\": 0.0, \"AUS_SMALL_CAP_VALUE_STOCKS\": 0.0, \"AUS_LARGE_CAP_VALUE_STOCKS\": 0.0, \"AUS_MUNICIPAL_BONDS\": 0.3638, \"AUS_TOTAL_MARKET_STOCKS\": 0.0, \"AUS_GOVT_BONDS\": 0.0, \"GLOBAL_MARKETS_STOCKS\": 0.12}", "risk": 0.12}, "pk": 2737}, {"model": "portfolios.portfoliobyrisk", "fields": {"expected_return": 2.27, "volatility": 3.3462, "portfolio_set": 1, "allocations": "{\"AUS_CORPORATE_BONDS\": 0.1249, \"AUS_HIGH_YIELD_STOCKS\": 0.0, \"INTERNATIONAL_BONDS\": 0.3853, \"INFLATION_PROTECTED_BONDS\": 0.0, \"AUS_SMALL_CAP_VALUE_STOCKS\": 0.0, \"AUS_LARGE_CAP_VALUE_STOCKS\": 0.0, \"AUS_MUNICIPAL_BONDS\": 0.3598, \"AUS_TOTAL_MARKET_STOCKS\": 0.0, \"AUS_GOVT_BONDS\": 0.0, \"GLOBAL_MARKETS_STOCKS\": 0.13}", "risk": 0.13}, "pk": 2738}, {"model": "portfolios.portfoliobyrisk", "fields": {"expected_return": 2.45, "volatility": 3.44, "portfolio_set": 1, "allocations": "{\"AUS_CORPORATE_BONDS\": 0.2484, \"AUS_HIGH_YIELD_STOCKS\": 0.0, \"INTERNATIONAL_BONDS\": 0.2412, \"INFLATION_PROTECTED_BONDS\": 0.0, \"AUS_SMALL_CAP_VALUE_STOCKS\": 0.0598, \"AUS_LARGE_CAP_VALUE_STOCKS\": 0.0, \"AUS_MUNICIPAL_BONDS\": 0.3403, \"AUS_TOTAL_MARKET_STOCKS\": 0.0, \"AUS_GOVT_BONDS\": 0.0301, \"GLOBAL_MARKETS_STOCKS\": 0.0802}", "risk": 0.14}, "pk": 2739}, {"model": "portfolios.portfoliobyrisk", "fields": {"expected_return": 2.63, "volatility": 3.5366, "portfolio_set": 1, "allocations": "{\"AUS_CORPORATE_BONDS\": 0.0296, \"AUS_HIGH_YIELD_STOCKS\": 0.0, \"INTERNATIONAL_BONDS\": 0.4577, \"INFLATION_PROTECTED_BONDS\": 0.0, \"AUS_SMALL_CAP_VALUE_STOCKS\": 0.0, \"AUS_LARGE_CAP_VALUE_STOCKS\": 0.0, \"AUS_MUNICIPAL_BONDS\": 0.3627, \"AUS_TOTAL_MARKET_STOCKS\": 0.0, \"AUS_GOVT_BONDS\": 0.0, \"GLOBAL_MARKETS_STOCKS\": 0.15}", "risk": 0.15}, "pk": 2740}, {"model": "portfolios.portfoliobyrisk", "fields": {"expected_return": 1.73, "volatility": 3.6504, "portfolio_set": 1, "allocations": "{\"AUS_CORPORATE_BONDS\": 0.1247, \"AUS_HIGH_YIELD_STOCKS\": 0.0, \"INTERNATIONAL_BONDS\": 0.3636, \"INFLATION_PROTECTED_BONDS\": 0.0, \"AUS_SMALL_CAP_VALUE_STOCKS\": 0.0, \"AUS_LARGE_CAP_VALUE_STOCKS\": 0.0, \"AUS_MUNICIPAL_BONDS\": 0.3518, \"AUS_TOTAL_MARKET_STOCKS\": 0.0, \"AUS_GOVT_BONDS\": 0.0, \"GLOBAL_MARKETS_STOCKS\": 0.16}", "risk": 0.16}, "pk": 2741}, {"model": "portfolios.portfoliobyrisk", "fields": {"expected_return": 2.31, "volatility": 3.7262, "portfolio_set": 1, "allocations": "{\"AUS_CORPORATE_BONDS\": 0.1087, \"AUS_HIGH_YIELD_STOCKS\": 0.0, \"INTERNATIONAL_BONDS\": 0.3677, \"INFLATION_PROTECTED_BONDS\": 0.0, \"AUS_SMALL_CAP_VALUE_STOCKS\": 0.0, \"AUS_LARGE_CAP_VALUE_STOCKS\": 0.0, \"AUS_MUNICIPAL_BONDS\": 0.3536, \"AUS_TOTAL_MARKET_STOCKS\": 0.0, \"AUS_GOVT_BONDS\": 0.0, \"GLOBAL_MARKETS_STOCKS\": 0.17}", "risk": 0.17}, "pk": 2742}, {"model": "portfolios.portfoliobyrisk", "fields": {"expected_return": 2.45, "volatility": 3.8255, "portfolio_set": 1, "allocations": "{\"AUS_CORPORATE_BONDS\": 0.266, \"AUS_HIGH_YIELD_STOCKS\": 0.0, \"INTERNATIONAL_BONDS\": 0.2009, \"INFLATION_PROTECTED_BONDS\": 0.0, \"AUS_SMALL_CAP_VALUE_STOCKS\": 0.0841, \"AUS_LARGE_CAP_VALUE_STOCKS\": 0.0, \"AUS_MUNICIPAL_BONDS\": 0.3531, \"AUS_TOTAL_MARKET_STOCKS\": 0.0, \"AUS_GOVT_BONDS\": 0.0, \"GLOBAL_MARKETS_STOCKS\": 0.0959}", "risk": 0.18}, "pk": 2743}, {"model": "portfolios.portfoliobyrisk", "fields": {"expected_return": 3.33, "volatility": 3.934, "portfolio_set": 1, "allocations": "{\"AUS_CORPORATE_BONDS\": 0.1809, \"AUS_HIGH_YIELD_STOCKS\": 0.0226, \"INTERNATIONAL_BONDS\": 0.1545, \"INFLATION_PROTECTED_BONDS\": 0.1459, \"AUS_SMALL_CAP_VALUE_STOCKS\": 0.0915, \"AUS_LARGE_CAP_VALUE_STOCKS\": 0.0021, \"AUS_MUNICIPAL_BONDS\": 0.178, \"AUS_TOTAL_MARKET_STOCKS\": 0.0264, \"AUS_GOVT_BONDS\": 0.1506, \"GLOBAL_MARKETS_STOCKS\": 0.0474}", "risk": 0.19}, "pk": 2744}, {"model": "portfolios.portfoliobyrisk", "fields": {"expected_return": 3.5, "volatility": 4.0359, "portfolio_set": 1, "allocations": "{\"AUS_CORPORATE_BONDS\": 0.1811, \"AUS_HIGH_YIELD_STOCKS\": 0.0237, \"INTERNATIONAL_BONDS\": 0.1516, \"INFLATION_PROTECTED_BONDS\": 0.1425, \"AUS_SMALL_CAP_VALUE_STOCKS\": 0.0964, \"AUS_LARGE_CAP_VALUE_STOCKS\": 0.0004, \"AUS_MUNICIPAL_BONDS\": 0.1781, \"AUS_TOTAL_MARKET_STOCKS\": 0.0272, \"AUS_GOVT_BONDS\": 0.1467, \"GLOBAL_MARKETS_STOCKS\": 0.0523}", "risk": 0.2}, "pk": 2745}, {"model": "portfolios.portfoliobyrisk", "fields": {"expected_return": 3.59, "volatility": 4.1369, "portfolio_set": 1, "allocations": "{\"AUS_CORPORATE_BONDS\": 0.1828, \"AUS_HIGH_YIELD_STOCKS\": 0.0197, \"INTERNATIONAL_BONDS\": 0.1396, \"INFLATION_PROTECTED_BONDS\": 0.1487, \"AUS_SMALL_CAP_VALUE_STOCKS\": 0.1225, \"AUS_LARGE_CAP_VALUE_STOCKS\": 0.0019, \"AUS_MUNICIPAL_BONDS\": 0.1694, \"AUS_TOTAL_MARKET_STOCKS\": 0.0321, \"AUS_GOVT_BONDS\": 0.1496, \"GLOBAL_MARKETS_STOCKS\": 0.0338}", "risk": 0.21}, "pk": 2746}, {"model": "portfolios.portfoliobyrisk", "fields": {"expected_return": 3.62, "volatility": 4.2381, "portfolio_set": 1, "allocations": "{\"AUS_CORPORATE_BONDS\": 0.4345, \"AUS_HIGH_YIELD_STOCKS\": 0.0, \"INTERNATIONAL_BONDS\": 0.0, \"INFLATION_PROTECTED_BONDS\": 0.0, \"AUS_SMALL_CAP_VALUE_STOCKS\": 0.185, \"AUS_LARGE_CAP_VALUE_STOCKS\": 0.0, \"AUS_MUNICIPAL_BONDS\": 0.3455, \"AUS_TOTAL_MARKET_STOCKS\": 0.0, \"AUS_GOVT_BONDS\": 0.0, \"GLOBAL_MARKETS_STOCKS\": 0.035}", "risk": 0.22}, "pk": 2747}, {"model": "portfolios.portfoliobyrisk", "fields": {"expected_return": 3.67, "volatility": 4.3399, "portfolio_set": 1, "allocations": "{\"AUS_CORPORATE_BONDS\": 0.2186, \"AUS_HIGH_YIELD_STOCKS\": 0.0, \"INTERNATIONAL_BONDS\": 0.2183, \"INFLATION_PROTECTED_BONDS\": 0.0, \"AUS_SMALL_CAP_VALUE_STOCKS\": 0.0694, \"AUS_LARGE_CAP_VALUE_STOCKS\": 0.0, \"AUS_MUNICIPAL_BONDS\": 0.3332, \"AUS_TOTAL_MARKET_STOCKS\": 0.0, \"AUS_GOVT_BONDS\": 0.0, \"GLOBAL_MARKETS_STOCKS\": 0.1606}", "risk": 0.23}, "pk": 2748}, {"model": "portfolios.portfoliobyrisk", "fields": {"expected_return": 3.72, "volatility": 4.4422, "portfolio_set": 1, "allocations": "{\"AUS_CORPORATE_BONDS\": 0.1717, \"AUS_HIGH_YIELD_STOCKS\": 0.0333, \"INTERNATIONAL_BONDS\": 0.1445, \"INFLATION_PROTECTED_BONDS\": 0.1337, \"AUS_SMALL_CAP_VALUE_STOCKS\": 0.101, \"AUS_LARGE_CAP_VALUE_STOCKS\": 0.0048, \"AUS_MUNICIPAL_BONDS\": 0.1704, \"AUS_TOTAL_MARKET_STOCKS\": 0.0363, \"AUS_GOVT_BONDS\": 0.1397, \"GLOBAL_MARKETS_STOCKS\": 0.0646}", "risk": 0.24}, "pk": 2749}, {"model": "portfolios.portfoliobyrisk", "fields": {"expected_return": 3.78, "volatility": 4.545, "portfolio_set": 1, "allocations": "{\"AUS_CORPORATE_BONDS\": 0.1684, \"AUS_HIGH_YIELD_STOCKS\": 0.0404, \"INTERNATIONAL_BONDS\": 0.154, \"INFLATION_PROTECTED_BONDS\": 0.1168, \"AUS_SMALL_CAP_VALUE_STOCKS\": 0.0827, \"AUS_LARGE_CAP_VALUE_STOCKS\": 0.0, \"AUS_MUNICIPAL_BONDS\": 0.1813, \"AUS_TOTAL_MARKET_STOCKS\": 0.0299, \"AUS_GOVT_BONDS\": 0.1295, \"GLOBAL_MARKETS_STOCKS\": 0.0971}", "risk": 0.25}, "pk": 2750}, {"model": "portfolios.portfoliobyrisk", "fields": {"expected_return": 3.84, "volatility": 4.6483, "portfolio_set": 1, "allocations": "{\"AUS_CORPORATE_BONDS\": 0.1748, \"AUS_HIGH_YIELD_STOCKS\": 0.0297, \"INTERNATIONAL_BONDS\": 0.1319, \"INFLATION_PROTECTED_BONDS\": 0.1307, \"AUS_SMALL_CAP_VALUE_STOCKS\": 0.1275, \"AUS_LARGE_CAP_VALUE_STOCKS\": 0.0, \"AUS_MUNICIPAL_BONDS\": 0.1668, \"AUS_TOTAL_MARKET_STOCKS\": 0.039, \"AUS_GOVT_BONDS\": 0.1358, \"GLOBAL_MARKETS_STOCKS\": 0.0638}", "risk": 0.26}, "pk": 2751}, {"model": "portfolios.portfoliobyrisk", "fields": {"expected_return": 3.9, "volatility": 4.7519, "portfolio_set": 1, "allocations": "{\"AUS_CORPORATE_BONDS\": 0.1683, \"AUS_HIGH_YIELD_STOCKS\": 0.0369, \"INTERNATIONAL_BONDS\": 0.1348, \"INFLATION_PROTECTED_BONDS\": 0.1287, \"AUS_SMALL_CAP_VALUE_STOCKS\": 0.114, \"AUS_LARGE_CAP_VALUE_STOCKS\": 0.0082, \"AUS_MUNICIPAL_BONDS\": 0.1643, \"AUS_TOTAL_MARKET_STOCKS\": 0.0419, \"AUS_GOVT_BONDS\": 0.1339, \"GLOBAL_MARKETS_STOCKS\": 0.0691}", "risk": 0.27}, "pk": 2752}, {"model": "portfolios.portfoliobyrisk", "fields": {"expected_return": 3.96, "volatility": 4.8559, "portfolio_set": 1, "allocations": "{\"AUS_CORPORATE_BONDS\": 0.1631, \"AUS_HIGH_YIELD_STOCKS\": 0.0453, \"INTERNATIONAL_BONDS\": 0.1423, \"INFLATION_PROTECTED_BONDS\": 0.1176, \"AUS_SMALL_CAP_VALUE_STOCKS\": 0.0937, \"AUS_LARGE_CAP_VALUE_STOCKS\": 0.0041, \"AUS_MUNICIPAL_BONDS\": 0.1701, \"AUS_TOTAL_MARKET_STOCKS\": 0.0417, \"AUS_GOVT_BONDS\": 0.127, \"GLOBAL_MARKETS_STOCKS\": 0.0952}", "risk": 0.28}, "pk": 2753}, {"model": "portfolios.portfoliobyrisk", "fields": {"expected_return": 4.01, "volatility": 4.9602, "portfolio_set": 1, "allocations": "{\"AUS_CORPORATE_BONDS\": 0.2313, \"AUS_HIGH_YIELD_STOCKS\": 0.0, \"INTERNATIONAL_BONDS\": 0.1665, \"INFLATION_PROTECTED_BONDS\": 0.0, \"AUS_SMALL_CAP_VALUE_STOCKS\": 0.1095, \"AUS_LARGE_CAP_VALUE_STOCKS\": 0.0, \"AUS_MUNICIPAL_BONDS\": 0.3122, \"AUS_TOTAL_MARKET_STOCKS\": 0.0, \"AUS_GOVT_BONDS\": 0.0, \"GLOBAL_MARKETS_STOCKS\": 0.1805}", "risk": 0.29}, "pk": 2754}, {"model": "portfolios.portfoliobyrisk", "fields": {"expected_return": 4.04, "volatility": 5.0648, "portfolio_set": 1, "allocations": "{\"AUS_CORPORATE_BONDS\": 0.1615, \"AUS_HIGH_YIELD_STOCKS\": 0.0444, \"INTERNATIONAL_BONDS\": 0.1302, \"INFLATION_PROTECTED_BONDS\": 0.1215, \"AUS_SMALL_CAP_VALUE_STOCKS\": 0.1179, \"AUS_LARGE_CAP_VALUE_STOCKS\": 0.013, \"AUS_MUNICIPAL_BONDS\": 0.1593, \"AUS_TOTAL_MARKET_STOCKS\": 0.0478, \"AUS_GOVT_BONDS\": 0.1275, \"GLOBAL_MARKETS_STOCKS\": 0.0768}", "risk": 0.3}, "pk": 2755}, {"model": "portfolios.portfoliobyrisk", "fields": {"expected_return": 4.14, "volatility": 5.1681, "portfolio_set": 1, "allocations": "{\"AUS_CORPORATE_BONDS\": 0.1573, \"AUS_HIGH_YIELD_STOCKS\": 0.0523, \"INTERNATIONAL_BONDS\": 0.1368, \"INFLATION_PROTECTED_BONDS\": 0.1093, \"AUS_SMALL_CAP_VALUE_STOCKS\": 0.0972, \"AUS_LARGE_CAP_VALUE_STOCKS\": 0.0057, \"AUS_MUNICIPAL_BONDS\": 0.1665, \"AUS_TOTAL_MARKET_STOCKS\": 0.0471, \"AUS_GOVT_BONDS\": 0.1201, \"GLOBAL_MARKETS_STOCKS\": 0.1077}", "risk": 0.31}, "pk": 2756}, {"model": "portfolios.portfoliobyrisk", "fields": {"expected_return": 4.19, "volatility": 5.2734, "portfolio_set": 1, "allocations": "{\"AUS_CORPORATE_BONDS\": 0.1569, \"AUS_HIGH_YIELD_STOCKS\": 0.0537, \"INTERNATIONAL_BONDS\": 0.1346, \"INFLATION_PROTECTED_BONDS\": 0.1054, \"AUS_SMALL_CAP_VALUE_STOCKS\": 0.1021, \"AUS_LARGE_CAP_VALUE_STOCKS\": 0.0039, \"AUS_MUNICIPAL_BONDS\": 0.1666, \"AUS_TOTAL_MARKET_STOCKS\": 0.0477, \"AUS_GOVT_BONDS\": 0.1164, \"GLOBAL_MARKETS_STOCKS\": 0.1126}", "risk": 0.32}, "pk": 2757}, {"model": "portfolios.portfoliobyrisk", "fields": {"expected_return": 4.23, "volatility": 5.3805, "portfolio_set": 1, "allocations": "{\"AUS_CORPORATE_BONDS\": 0.1554, \"AUS_HIGH_YIELD_STOCKS\": 0.0557, \"INTERNATIONAL_BONDS\": 0.1358, \"INFLATION_PROTECTED_BONDS\": 0.0973, \"AUS_SMALL_CAP_VALUE_STOCKS\": 0.0972, \"AUS_LARGE_CAP_VALUE_STOCKS\": 0.0029, \"AUS_MUNICIPAL_BONDS\": 0.17, \"AUS_TOTAL_MARKET_STOCKS\": 0.0468, \"AUS_GOVT_BONDS\": 0.1115, \"GLOBAL_MARKETS_STOCKS\": 0.1273}", "risk": 0.33}, "pk": 2758}, {"model": "portfolios.portfoliobyrisk", "fields": {"expected_return": 4.31, "volatility": 5.4865, "portfolio_set": 1, "allocations": "{\"AUS_CORPORATE_BONDS\": 0.1526, \"AUS_HIGH_YIELD_STOCKS\": 0.0584, \"INTERNATIONAL_BONDS\": 0.1319, \"INFLATION_PROTECTED_BONDS\": 0.0987, \"AUS_SMALL_CAP_VALUE_STOCKS\": 0.1023, \"AUS_LARGE_CAP_VALUE_STOCKS\": 0.0069, \"AUS_MUNICIPAL_BONDS\": 0.165, \"AUS_TOTAL_MARKET_STOCKS\": 0.0499, \"AUS_GOVT_BONDS\": 0.1118, \"GLOBAL_MARKETS_STOCKS\": 0.1226}", "risk": 0.34}, "pk": 2759}, {"model": "portfolios.portfoliobyrisk", "fields": {"expected_return": 4.41, "volatility": 5.5927, "portfolio_set": 1, "allocations": "{\"AUS_CORPORATE_BONDS\": 0.1509, \"AUS_HIGH_YIELD_STOCKS\": 0.0626, \"INTERNATIONAL_BONDS\": 0.1337, \"INFLATION_PROTECTED_BONDS\": 0.0898, \"AUS_SMALL_CAP_VALUE_STOCKS\": 0.0964, \"AUS_LARGE_CAP_VALUE_STOCKS\": 0.0, \"AUS_MUNICIPAL_BONDS\": 0.1692, \"AUS_TOTAL_MARKET_STOCKS\": 0.05, \"AUS_GOVT_BONDS\": 0.1064, \"GLOBAL_MARKETS_STOCKS\": 0.141}", "risk": 0.35}, "pk": 2760}, {"model": "portfolios.portfoliobyrisk", "fields": {"expected_return": 4.21, "volatility": 5.695, "portfolio_set": 1, "allocations": "{\"AUS_CORPORATE_BONDS\": 0.3179, \"AUS_HIGH_YIELD_STOCKS\": 0.0, \"INTERNATIONAL_BONDS\": 0.0184, \"INFLATION_PROTECTED_BONDS\": 0.0, \"AUS_SMALL_CAP_VALUE_STOCKS\": 0.213, \"AUS_LARGE_CAP_VALUE_STOCKS\": 0.0, \"AUS_MUNICIPAL_BONDS\": 0.3037, \"AUS_TOTAL_MARKET_STOCKS\": 0.0, \"AUS_GOVT_BONDS\": 0.0, \"GLOBAL_MARKETS_STOCKS\": 0.147}", "risk": 0.36}, "pk": 2761}, {"model": "portfolios.portfoliobyrisk", "fields": {"expected_return": 4.36, "volatility": 5.8029, "portfolio_set": 1, "allocations": "{\"AUS_CORPORATE_BONDS\": 0.2677, \"AUS_HIGH_YIELD_STOCKS\": 0.0, \"INTERNATIONAL_BONDS\": 0.0632, \"INFLATION_PROTECTED_BONDS\": 0.0, \"AUS_SMALL_CAP_VALUE_STOCKS\": 0.1698, \"AUS_LARGE_CAP_VALUE_STOCKS\": 0.0, \"AUS_MUNICIPAL_BONDS\": 0.2991, \"AUS_TOTAL_MARKET_STOCKS\": 0.0, \"AUS_GOVT_BONDS\": 0.0, \"GLOBAL_MARKETS_STOCKS\": 0.2002}", "risk": 0.37}, "pk": 2762}, {"model": "portfolios.portfoliobyrisk", "fields": {"expected_return": 4.42, "volatility": 5.9091, "portfolio_set": 1, "allocations": "{\"AUS_CORPORATE_BONDS\": 0.1463, \"AUS_HIGH_YIELD_STOCKS\": 0.0652, \"INTERNATIONAL_BONDS\": 0.1195, \"INFLATION_PROTECTED_BONDS\": 0.0931, \"AUS_SMALL_CAP_VALUE_STOCKS\": 0.1187, \"AUS_LARGE_CAP_VALUE_STOCKS\": 0.0114, \"AUS_MUNICIPAL_BONDS\": 0.1557, \"AUS_TOTAL_MARKET_STOCKS\": 0.0578, \"AUS_GOVT_BONDS\": 0.1053, \"GLOBAL_MARKETS_STOCKS\": 0.1269}", "risk": 0.38}, "pk": 2763}, {"model": "portfolios.portfoliobyrisk", "fields": {"expected_return": 4.49, "volatility": 6.0162, "portfolio_set": 1, "allocations": "{\"AUS_CORPORATE_BONDS\": 0.1462, \"AUS_HIGH_YIELD_STOCKS\": 0.069, \"INTERNATIONAL_BONDS\": 0.1259, \"INFLATION_PROTECTED_BONDS\": 0.0738, \"AUS_SMALL_CAP_VALUE_STOCKS\": 0.1077, \"AUS_LARGE_CAP_VALUE_STOCKS\": 0.0, \"AUS_MUNICIPAL_BONDS\": 0.1692, \"AUS_TOTAL_MARKET_STOCKS\": 0.0509, \"AUS_GOVT_BONDS\": 0.0949, \"GLOBAL_MARKETS_STOCKS\": 0.1625}", "risk": 0.39}, "pk": 2764}, {"model": "portfolios.portfoliobyrisk", "fields": {"expected_return": 4.53, "volatility": 6.1224, "portfolio_set": 1, "allocations": "{\"AUS_CORPORATE_BONDS\": 0.1612, \"AUS_HIGH_YIELD_STOCKS\": 0.0522, \"INTERNATIONAL_BONDS\": 0.1502, \"INFLATION_PROTECTED_BONDS\": 0.0, \"AUS_SMALL_CAP_VALUE_STOCKS\": 0.0949, \"AUS_LARGE_CAP_VALUE_STOCKS\": 0.0, \"AUS_MUNICIPAL_BONDS\": 0.2366, \"AUS_TOTAL_MARKET_STOCKS\": 0.0, \"AUS_GOVT_BONDS\": 0.0521, \"GLOBAL_MARKETS_STOCKS\": 0.2528}", "risk": 0.4}, "pk": 2765}, {"model": "portfolios.portfoliobyrisk", "fields": {"expected_return": 4.56, "volatility": 6.2283, "portfolio_set": 1, "allocations": "{\"AUS_CORPORATE_BONDS\": 0.1594, \"AUS_HIGH_YIELD_STOCKS\": 0.0539, \"INTERNATIONAL_BONDS\": 0.1463, \"INFLATION_PROTECTED_BONDS\": 0.0, \"AUS_SMALL_CAP_VALUE_STOCKS\": 0.0943, \"AUS_LARGE_CAP_VALUE_STOCKS\": 0.0, \"AUS_MUNICIPAL_BONDS\": 0.2352, \"AUS_TOTAL_MARKET_STOCKS\": 0.0, \"AUS_GOVT_BONDS\": 0.049, \"GLOBAL_MARKETS_STOCKS\": 0.2618}", "risk": 0.41}, "pk": 2766}, {"model": "portfolios.portfoliobyrisk", "fields": {"expected_return": 4.6, "volatility": 6.2729, "portfolio_set": 1, "allocations": "{\"AUS_CORPORATE_BONDS\": 0.1473, \"AUS_HIGH_YIELD_STOCKS\": 0.0698, \"INTERNATIONAL_BONDS\": 0.1276, \"INFLATION_PROTECTED_BONDS\": 0.0412, \"AUS_SMALL_CAP_VALUE_STOCKS\": 0.1009, \"AUS_LARGE_CAP_VALUE_STOCKS\": 0.0, \"AUS_MUNICIPAL_BONDS\": 0.1889, \"AUS_TOTAL_MARKET_STOCKS\": 0.0355, \"AUS_GOVT_BONDS\": 0.075, \"GLOBAL_MARKETS_STOCKS\": 0.2138}", "risk": 0.42}, "pk": 2767}, {"model": "portfolios.portfoliobyrisk", "fields": {"expected_return": 5.16, "volatility": 6.4504, "portfolio_set": 1, "allocations": "{\"AUS_CORPORATE_BONDS\": 0.1611, \"AUS_HIGH_YIELD_STOCKS\": 0.0496, \"INTERNATIONAL_BONDS\": 0.1346, \"INFLATION_PROTECTED_BONDS\": 0.0, \"AUS_SMALL_CAP_VALUE_STOCKS\": 0.1029, \"AUS_LARGE_CAP_VALUE_STOCKS\": 0.0, \"AUS_MUNICIPAL_BONDS\": 0.2376, \"AUS_TOTAL_MARKET_STOCKS\": 0.0, \"AUS_GOVT_BONDS\": 0.0367, \"GLOBAL_MARKETS_STOCKS\": 0.2774}", "risk": 0.43}, "pk": 2768}, {"model": "portfolios.portfoliobyrisk", "fields": {"expected_return": 5.19, "volatility": 6.5565, "portfolio_set": 1, "allocations": "{\"AUS_CORPORATE_BONDS\": 0.1461, \"AUS_HIGH_YIELD_STOCKS\": 0.0706, \"INTERNATIONAL_BONDS\": 0.1217, \"INFLATION_PROTECTED_BONDS\": 0.034, \"AUS_SMALL_CAP_VALUE_STOCKS\": 0.1094, \"AUS_LARGE_CAP_VALUE_STOCKS\": 0.0, \"AUS_MUNICIPAL_BONDS\": 0.1889, \"AUS_TOTAL_MARKET_STOCKS\": 0.0363, \"AUS_GOVT_BONDS\": 0.0693, \"GLOBAL_MARKETS_STOCKS\": 0.2238}", "risk": 0.44}, "pk": 2769}, {"model": "portfolios.portfoliobyrisk", "fields": {"expected_return": 5.22, "volatility": 6.663, "portfolio_set": 1, "allocations": "{\"AUS_CORPORATE_BONDS\": 0.1478, \"AUS_HIGH_YIELD_STOCKS\": 0.0506, \"INTERNATIONAL_BONDS\": 0.1417, \"INFLATION_PROTECTED_BONDS\": 0.0, \"AUS_SMALL_CAP_VALUE_STOCKS\": 0.0946, \"AUS_LARGE_CAP_VALUE_STOCKS\": 0.0, \"AUS_MUNICIPAL_BONDS\": 0.2605, \"AUS_TOTAL_MARKET_STOCKS\": 0.0, \"AUS_GOVT_BONDS\": 0.0, \"GLOBAL_MARKETS_STOCKS\": 0.3048}", "risk": 0.45}, "pk": 2770}, {"model": "portfolios.portfoliobyrisk", "fields": {"expected_return": 5.24, "volatility": 6.7698, "portfolio_set": 1, "allocations": "{\"AUS_CORPORATE_BONDS\": 0.1614, \"AUS_HIGH_YIELD_STOCKS\": 0.0368, \"INTERNATIONAL_BONDS\": 0.1227, \"INFLATION_PROTECTED_BONDS\": 0.0, \"AUS_SMALL_CAP_VALUE_STOCKS\": 0.1117, \"AUS_LARGE_CAP_VALUE_STOCKS\": 0.0, \"AUS_MUNICIPAL_BONDS\": 0.2558, \"AUS_TOTAL_MARKET_STOCKS\": 0.0, \"AUS_GOVT_BONDS\": 0.0, \"GLOBAL_MARKETS_STOCKS\": 0.3115}", "risk": 0.46}, "pk": 2771}, {"model": "portfolios.portfoliobyrisk", "fields": {"expected_return": 5.26, "volatility": 6.8766, "portfolio_set": 1, "allocations": "{\"AUS_CORPORATE_BONDS\": 0.1525, \"AUS_HIGH_YIELD_STOCKS\": 0.0373, \"INTERNATIONAL_BONDS\": 0.1182, \"INFLATION_PROTECTED_BONDS\": 0.0, \"AUS_SMALL_CAP_VALUE_STOCKS\": 0.1005, \"AUS_LARGE_CAP_VALUE_STOCKS\": 0.0, \"AUS_MUNICIPAL_BONDS\": 0.2594, \"AUS_TOTAL_MARKET_STOCKS\": 0.0, \"AUS_GOVT_BONDS\": 0.0, \"GLOBAL_MARKETS_STOCKS\": 0.3322}", "risk": 0.47}, "pk": 2772}, {"model": "portfolios.portfoliobyrisk", "fields": {"expected_return": 5.29, "volatility": 6.9839, "portfolio_set": 1, "allocations": "{\"AUS_CORPORATE_BONDS\": 0.0962, \"AUS_HIGH_YIELD_STOCKS\": 0.1111, \"INTERNATIONAL_BONDS\": 0.1717, \"INFLATION_PROTECTED_BONDS\": 0.0, \"AUS_SMALL_CAP_VALUE_STOCKS\": 0.0064, \"AUS_LARGE_CAP_VALUE_STOCKS\": 0.0, \"AUS_MUNICIPAL_BONDS\": 0.252, \"AUS_TOTAL_MARKET_STOCKS\": 0.0, \"AUS_GOVT_BONDS\": 0.0, \"GLOBAL_MARKETS_STOCKS\": 0.3625}", "risk": 0.48}, "pk": 2773}, {"model": "portfolios.portfoliobyrisk", "fields": {"expected_return": 5.38, "volatility": 7.0918, "portfolio_set": 1, "allocations": "{\"AUS_CORPORATE_BONDS\": 0.1854, \"AUS_HIGH_YIELD_STOCKS\": 0.0036, \"INTERNATIONAL_BONDS\": 0.0709, \"INFLATION_PROTECTED_BONDS\": 0.0, \"AUS_SMALL_CAP_VALUE_STOCKS\": 0.1821, \"AUS_LARGE_CAP_VALUE_STOCKS\": 0.0, \"AUS_MUNICIPAL_BONDS\": 0.2537, \"AUS_TOTAL_MARKET_STOCKS\": 0.0, \"AUS_GOVT_BONDS\": 0.0, \"GLOBAL_MARKETS_STOCKS\": 0.3043}", "risk": 0.49}, "pk": 2774}, {"model": "portfolios.portfoliobyrisk", "fields": {"expected_return": 5.38, "volatility": 7.1991, "portfolio_set": 1, "allocations": "{\"AUS_CORPORATE_BONDS\": 0.1392, \"AUS_HIGH_YIELD_STOCKS\": 0.0638, \"INTERNATIONAL_BONDS\": 0.1178, \"INFLATION_PROTECTED_BONDS\": 0.0, \"AUS_SMALL_CAP_VALUE_STOCKS\": 0.1132, \"AUS_LARGE_CAP_VALUE_STOCKS\": 0.0, \"AUS_MUNICIPAL_BONDS\": 0.243, \"AUS_TOTAL_MARKET_STOCKS\": 0.0, \"AUS_GOVT_BONDS\": 0.0, \"GLOBAL_MARKETS_STOCKS\": 0.323}", "risk": 0.5}, "pk": 2775}, {"model": "portfolios.portfoliobyrisk", "fields": {"expected_return": 5.5, "volatility": 7.3075, "portfolio_set": 1, "allocations": "{\"AUS_CORPORATE_BONDS\": 0.1356, \"AUS_HIGH_YIELD_STOCKS\": 0.0699, \"INTERNATIONAL_BONDS\": 0.1154, \"INFLATION_PROTECTED_BONDS\": 0.0, \"AUS_SMALL_CAP_VALUE_STOCKS\": 0.1117, \"AUS_LARGE_CAP_VALUE_STOCKS\": 0.0, \"AUS_MUNICIPAL_BONDS\": 0.239, \"AUS_TOTAL_MARKET_STOCKS\": 0.0, \"AUS_GOVT_BONDS\": 0.0, \"GLOBAL_MARKETS_STOCKS\": 0.3284}", "risk": 0.51}, "pk": 2776}, {"model": "portfolios.portfoliobyrisk", "fields": {"expected_return": 5.43, "volatility": 7.4146, "portfolio_set": 1, "allocations": "{\"AUS_CORPORATE_BONDS\": 0.1153, \"AUS_HIGH_YIELD_STOCKS\": 0.0687, \"INTERNATIONAL_BONDS\": 0.112, \"INFLATION_PROTECTED_BONDS\": 0.0, \"AUS_SMALL_CAP_VALUE_STOCKS\": 0.0985, \"AUS_LARGE_CAP_VALUE_STOCKS\": 0.0, \"AUS_MUNICIPAL_BONDS\": 0.2527, \"AUS_TOTAL_MARKET_STOCKS\": 0.0, \"AUS_GOVT_BONDS\": 0.0, \"GLOBAL_MARKETS_STOCKS\": 0.3529}", "risk": 0.52}, "pk": 2777}, {"model": "portfolios.portfoliobyrisk", "fields": {"expected_return": 5.35, "volatility": 7.4638, "portfolio_set": 1, "allocations": "{\"AUS_CORPORATE_BONDS\": 0.1401, \"AUS_HIGH_YIELD_STOCKS\": 0.0591, \"INTERNATIONAL_BONDS\": 0.0961, \"INFLATION_PROTECTED_BONDS\": 0.0, \"AUS_SMALL_CAP_VALUE_STOCKS\": 0.1328, \"AUS_LARGE_CAP_VALUE_STOCKS\": 0.0, \"AUS_MUNICIPAL_BONDS\": 0.2338, \"AUS_TOTAL_MARKET_STOCKS\": 0.0, \"AUS_GOVT_BONDS\": 0.0, \"GLOBAL_MARKETS_STOCKS\": 0.3381}", "risk": 0.53}, "pk": 2778}, {"model": "portfolios.portfoliobyrisk", "fields": {"expected_return": 5.42, "volatility": 7.6311, "portfolio_set": 1, "allocations": "{\"AUS_CORPORATE_BONDS\": 0.1222, \"AUS_HIGH_YIELD_STOCKS\": 0.1032, \"INTERNATIONAL_BONDS\": 0.1066, \"INFLATION_PROTECTED_BONDS\": 0.0, \"AUS_SMALL_CAP_VALUE_STOCKS\": 0.1152, \"AUS_LARGE_CAP_VALUE_STOCKS\": 0.0, \"AUS_MUNICIPAL_BONDS\": 0.1851, \"AUS_TOTAL_MARKET_STOCKS\": 0.0384, \"AUS_GOVT_BONDS\": 0.046, \"GLOBAL_MARKETS_STOCKS\": 0.2832}", "risk": 0.54}, "pk": 2779}, {"model": "portfolios.portfoliobyrisk", "fields": {"expected_return": 5.45, "volatility": 7.7393, "portfolio_set": 1, "allocations": "{\"AUS_CORPORATE_BONDS\": 0.1029, \"AUS_HIGH_YIELD_STOCKS\": 0.1262, \"INTERNATIONAL_BONDS\": 0.1081, \"INFLATION_PROTECTED_BONDS\": 0.0247, \"AUS_SMALL_CAP_VALUE_STOCKS\": 0.097, \"AUS_LARGE_CAP_VALUE_STOCKS\": 0.0, \"AUS_MUNICIPAL_BONDS\": 0.1531, \"AUS_TOTAL_MARKET_STOCKS\": 0.0728, \"AUS_GOVT_BONDS\": 0.0612, \"GLOBAL_MARKETS_STOCKS\": 0.254}", "risk": 0.55}, "pk": 2780}, {"model": "portfolios.portfoliobyrisk", "fields": {"expected_return": 5.63, "volatility": 7.7917, "portfolio_set": 1, "allocations": "{\"AUS_CORPORATE_BONDS\": 0.1018, \"AUS_HIGH_YIELD_STOCKS\": 0.128, \"INTERNATIONAL_BONDS\": 0.1065, \"INFLATION_PROTECTED_BONDS\": 0.0196, \"AUS_SMALL_CAP_VALUE_STOCKS\": 0.0975, \"AUS_LARGE_CAP_VALUE_STOCKS\": 0.0, \"AUS_MUNICIPAL_BONDS\": 0.1545, \"AUS_TOTAL_MARKET_STOCKS\": 0.0719, \"AUS_GOVT_BONDS\": 0.0576, \"GLOBAL_MARKETS_STOCKS\": 0.2626}", "risk": 0.56}, "pk": 2781}, {"model": "portfolios.portfoliobyrisk", "fields": {"expected_return": 5.51, "volatility": 7.9566, "portfolio_set": 1, "allocations": "{\"AUS_CORPORATE_BONDS\": 0.1003, \"AUS_HIGH_YIELD_STOCKS\": 0.13, \"INTERNATIONAL_BONDS\": 0.1042, \"INFLATION_PROTECTED_BONDS\": 0.0165, \"AUS_SMALL_CAP_VALUE_STOCKS\": 0.0995, \"AUS_LARGE_CAP_VALUE_STOCKS\": 0.0, \"AUS_MUNICIPAL_BONDS\": 0.1536, \"AUS_TOTAL_MARKET_STOCKS\": 0.0732, \"AUS_GOVT_BONDS\": 0.0554, \"GLOBAL_MARKETS_STOCKS\": 0.2673}", "risk": 0.57}, "pk": 2782}, {"model": "portfolios.portfoliobyrisk", "fields": {"expected_return": 5.8, "volatility": 8.01, "portfolio_set": 1, "allocations": "{\"AUS_CORPORATE_BONDS\": 0.1015, \"AUS_HIGH_YIELD_STOCKS\": 0.1002, \"INTERNATIONAL_BONDS\": 0.0954, \"INFLATION_PROTECTED_BONDS\": 0.0, \"AUS_SMALL_CAP_VALUE_STOCKS\": 0.1, \"AUS_LARGE_CAP_VALUE_STOCKS\": 0.0, \"AUS_MUNICIPAL_BONDS\": 0.223, \"AUS_TOTAL_MARKET_STOCKS\": 0.0, \"AUS_GOVT_BONDS\": 0.0, \"GLOBAL_MARKETS_STOCKS\": 0.3798}", "risk": 0.58}, "pk": 2783}, {"model": "portfolios.portfoliobyrisk", "fields": {"expected_return": 5.89, "volatility": 8.1194, "portfolio_set": 1, "allocations": "{\"AUS_CORPORATE_BONDS\": 0.0896, \"AUS_HIGH_YIELD_STOCKS\": 0.0924, \"INTERNATIONAL_BONDS\": 0.0856, \"INFLATION_PROTECTED_BONDS\": 0.0, \"AUS_SMALL_CAP_VALUE_STOCKS\": 0.1007, \"AUS_LARGE_CAP_VALUE_STOCKS\": 0.0, \"AUS_MUNICIPAL_BONDS\": 0.2348, \"AUS_TOTAL_MARKET_STOCKS\": 0.0, \"AUS_GOVT_BONDS\": 0.0, \"GLOBAL_MARKETS_STOCKS\": 0.3969}", "risk": 0.59}, "pk": 2784}, {"model": "portfolios.portfoliobyrisk", "fields": {"expected_return": 5.77, "volatility": 8.2786, "portfolio_set": 1, "allocations": "{\"AUS_CORPORATE_BONDS\": 0.0968, \"AUS_HIGH_YIELD_STOCKS\": 0.1342, \"INTERNATIONAL_BONDS\": 0.0998, \"INFLATION_PROTECTED_BONDS\": 0.0, \"AUS_SMALL_CAP_VALUE_STOCKS\": 0.0975, \"AUS_LARGE_CAP_VALUE_STOCKS\": 0.0, \"AUS_MUNICIPAL_BONDS\": 0.163, \"AUS_TOTAL_MARKET_STOCKS\": 0.0644, \"AUS_GOVT_BONDS\": 0.0403, \"GLOBAL_MARKETS_STOCKS\": 0.3039}", "risk": 0.6}, "pk": 2785}, {"model": "portfolios.portfoliobyrisk", "fields": {"expected_return": 6.43, "volatility": 8.3813, "portfolio_set": 1, "allocations": "{\"AUS_CORPORATE_BONDS\": 0.0943, \"AUS_HIGH_YIELD_STOCKS\": 0.1359, \"INTERNATIONAL_BONDS\": 0.0968, \"INFLATION_PROTECTED_BONDS\": 0.0, \"AUS_SMALL_CAP_VALUE_STOCKS\": 0.098, \"AUS_LARGE_CAP_VALUE_STOCKS\": 0.0, \"AUS_MUNICIPAL_BONDS\": 0.1637, \"AUS_TOTAL_MARKET_STOCKS\": 0.0629, \"AUS_GOVT_BONDS\": 0.0353, \"GLOBAL_MARKETS_STOCKS\": 0.3132}", "risk": 0.61}, "pk": 2786}, {"model": "portfolios.portfoliobyrisk", "fields": {"expected_return": 6.99, "volatility": 8.4902, "portfolio_set": 1, "allocations": "{\"AUS_CORPORATE_BONDS\": 0.0913, \"AUS_HIGH_YIELD_STOCKS\": 0.137, \"INTERNATIONAL_BONDS\": 0.0938, \"INFLATION_PROTECTED_BONDS\": 0.0, \"AUS_SMALL_CAP_VALUE_STOCKS\": 0.0957, \"AUS_LARGE_CAP_VALUE_STOCKS\": 0.0, \"AUS_MUNICIPAL_BONDS\": 0.1678, \"AUS_TOTAL_MARKET_STOCKS\": 0.0569, \"AUS_GOVT_BONDS\": 0.027, \"GLOBAL_MARKETS_STOCKS\": 0.3304}", "risk": 0.62}, "pk": 2787}, {"model": "portfolios.portfoliobyrisk", "fields": {"expected_return": 7.92, "volatility": 8.6163, "portfolio_set": 1, "allocations": "{\"AUS_CORPORATE_BONDS\": 0.039, \"AUS_HIGH_YIELD_STOCKS\": 0.0566, \"INTERNATIONAL_BONDS\": 0.0431, \"INFLATION_PROTECTED_BONDS\": 0.0, \"AUS_SMALL_CAP_VALUE_STOCKS\": 0.1038, \"AUS_LARGE_CAP_VALUE_STOCKS\": 0.0, \"AUS_MUNICIPAL_BONDS\": 0.2879, \"AUS_TOTAL_MARKET_STOCKS\": 0.0, \"AUS_GOVT_BONDS\": 0.0, \"GLOBAL_MARKETS_STOCKS\": 0.4696}", "risk": 0.63}, "pk": 2788}, {"model": "portfolios.portfoliobyrisk", "fields": {"expected_return": 7.52, "volatility": 8.6824, "portfolio_set": 1, "allocations": "{\"AUS_CORPORATE_BONDS\": 0.0808, \"AUS_HIGH_YIELD_STOCKS\": 0.1257, \"INTERNATIONAL_BONDS\": 0.0754, \"INFLATION_PROTECTED_BONDS\": 0.0, \"AUS_SMALL_CAP_VALUE_STOCKS\": 0.0967, \"AUS_LARGE_CAP_VALUE_STOCKS\": 0.0, \"AUS_MUNICIPAL_BONDS\": 0.2039, \"AUS_TOTAL_MARKET_STOCKS\": 0.0, \"AUS_GOVT_BONDS\": 0.0, \"GLOBAL_MARKETS_STOCKS\": 0.4176}", "risk": 0.64}, "pk": 2789}, {"model": "portfolios.portfoliobyrisk", "fields": {"expected_return": 7.59, "volatility": 8.7918, "portfolio_set": 1, "allocations": "{\"AUS_CORPORATE_BONDS\": 0.0843, \"AUS_HIGH_YIELD_STOCKS\": 0.1418, \"INTERNATIONAL_BONDS\": 0.0838, \"INFLATION_PROTECTED_BONDS\": 0.0, \"AUS_SMALL_CAP_VALUE_STOCKS\": 0.0981, \"AUS_LARGE_CAP_VALUE_STOCKS\": 0.0, \"AUS_MUNICIPAL_BONDS\": 0.1675, \"AUS_TOTAL_MARKET_STOCKS\": 0.0552, \"AUS_GOVT_BONDS\": 0.0143, \"GLOBAL_MARKETS_STOCKS\": 0.3549}", "risk": 0.65}, "pk": 2790}, {"model": "portfolios.portfoliobyrisk", "fields": {"expected_return": 7.66, "volatility": 8.9013, "portfolio_set": 1, "allocations": "{\"AUS_CORPORATE_BONDS\": 0.0735, \"AUS_HIGH_YIELD_STOCKS\": 0.1267, \"INTERNATIONAL_BONDS\": 0.0646, \"INFLATION_PROTECTED_BONDS\": 0.0, \"AUS_SMALL_CAP_VALUE_STOCKS\": 0.1022, \"AUS_LARGE_CAP_VALUE_STOCKS\": 0.0, \"AUS_MUNICIPAL_BONDS\": 0.2019, \"AUS_TOTAL_MARKET_STOCKS\": 0.0, \"AUS_GOVT_BONDS\": 0.0, \"GLOBAL_MARKETS_STOCKS\": 0.4311}", "risk": 0.66}, "pk": 2791}, {"model": "portfolios.portfoliobyrisk", "fields": {"expected_return": 7.73, "volatility": 9.0108, "portfolio_set": 1, "allocations": "{\"AUS_CORPORATE_BONDS\": 0.0633, \"AUS_HIGH_YIELD_STOCKS\": 0.138, \"INTERNATIONAL_BONDS\": 0.0668, \"INFLATION_PROTECTED_BONDS\": 0.0, \"AUS_SMALL_CAP_VALUE_STOCKS\": 0.0704, \"AUS_LARGE_CAP_VALUE_STOCKS\": 0.0, \"AUS_MUNICIPAL_BONDS\": 0.1999, \"AUS_TOTAL_MARKET_STOCKS\": 0.0, \"AUS_GOVT_BONDS\": 0.0, \"GLOBAL_MARKETS_STOCKS\": 0.4616}", "risk": 0.67}, "pk": 2792}, {"model": "portfolios.portfoliobyrisk", "fields": {"expected_return": 7.81, "volatility": 9.1207, "portfolio_set": 1, "allocations": "{\"AUS_CORPORATE_BONDS\": 0.0743, \"AUS_HIGH_YIELD_STOCKS\": 0.1452, \"INTERNATIONAL_BONDS\": 0.0718, \"INFLATION_PROTECTED_BONDS\": 0.0, \"AUS_SMALL_CAP_VALUE_STOCKS\": 0.0949, \"AUS_LARGE_CAP_VALUE_STOCKS\": 0.0, \"AUS_MUNICIPAL_BONDS\": 0.1739, \"AUS_TOTAL_MARKET_STOCKS\": 0.0429, \"AUS_GOVT_BONDS\": 0.0, \"GLOBAL_MARKETS_STOCKS\": 0.3969}", "risk": 0.68}, "pk": 2793}, {"model": "portfolios.portfoliobyrisk", "fields": {"expected_return": 7.94, "volatility": 9.2318, "portfolio_set": 1, "allocations": "{\"AUS_CORPORATE_BONDS\": 0.0722, \"AUS_HIGH_YIELD_STOCKS\": 0.1477, \"INTERNATIONAL_BONDS\": 0.0684, \"INFLATION_PROTECTED_BONDS\": 0.0, \"AUS_SMALL_CAP_VALUE_STOCKS\": 0.0991, \"AUS_LARGE_CAP_VALUE_STOCKS\": 0.0, \"AUS_MUNICIPAL_BONDS\": 0.1694, \"AUS_TOTAL_MARKET_STOCKS\": 0.048, \"AUS_GOVT_BONDS\": 0.0, \"GLOBAL_MARKETS_STOCKS\": 0.3952}", "risk": 0.69}, "pk": 2794}, {"model": "portfolios.portfoliobyrisk", "fields": {"expected_return": 8.04, "volatility": 9.3431, "portfolio_set": 1, "allocations": "{\"AUS_CORPORATE_BONDS\": 0.0661, \"AUS_HIGH_YIELD_STOCKS\": 0.1484, \"INTERNATIONAL_BONDS\": 0.062, \"INFLATION_PROTECTED_BONDS\": 0.0, \"AUS_SMALL_CAP_VALUE_STOCKS\": 0.0966, \"AUS_LARGE_CAP_VALUE_STOCKS\": 0.0, \"AUS_MUNICIPAL_BONDS\": 0.1718, \"AUS_TOTAL_MARKET_STOCKS\": 0.041, \"AUS_GOVT_BONDS\": 0.0, \"GLOBAL_MARKETS_STOCKS\": 0.414}", "risk": 0.7}, "pk": 2795}, {"model": "portfolios.portfoliobyrisk", "fields": {"expected_return": 8.08, "volatility": 9.4517, "portfolio_set": 1, "allocations": "{\"AUS_CORPORATE_BONDS\": 0.0499, \"AUS_HIGH_YIELD_STOCKS\": 0.1446, \"INTERNATIONAL_BONDS\": 0.0492, \"INFLATION_PROTECTED_BONDS\": 0.0, \"AUS_SMALL_CAP_VALUE_STOCKS\": 0.08, \"AUS_LARGE_CAP_VALUE_STOCKS\": 0.0, \"AUS_MUNICIPAL_BONDS\": 0.1909, \"AUS_TOTAL_MARKET_STOCKS\": 0.0099, \"AUS_GOVT_BONDS\": 0.0, \"GLOBAL_MARKETS_STOCKS\": 0.4755}", "risk": 0.71}, "pk": 2796}, {"model": "portfolios.portfoliobyrisk", "fields": {"expected_return": 8.12, "volatility": 9.5607, "portfolio_set": 1, "allocations": "{\"AUS_CORPORATE_BONDS\": 0.0593, \"AUS_HIGH_YIELD_STOCKS\": 0.1516, \"INTERNATIONAL_BONDS\": 0.0524, \"INFLATION_PROTECTED_BONDS\": 0.0, \"AUS_SMALL_CAP_VALUE_STOCKS\": 0.0992, \"AUS_LARGE_CAP_VALUE_STOCKS\": 0.0, \"AUS_MUNICIPAL_BONDS\": 0.1683, \"AUS_TOTAL_MARKET_STOCKS\": 0.0411, \"AUS_GOVT_BONDS\": 0.0, \"GLOBAL_MARKETS_STOCKS\": 0.4282}", "risk": 0.72}, "pk": 2797}, {"model": "portfolios.portfoliobyrisk", "fields": {"expected_return": 8.18, "volatility": 9.6704, "portfolio_set": 1, "allocations": "{\"AUS_CORPORATE_BONDS\": 0.0451, \"AUS_HIGH_YIELD_STOCKS\": 0.1479, \"INTERNATIONAL_BONDS\": 0.04, \"INFLATION_PROTECTED_BONDS\": 0.0, \"AUS_SMALL_CAP_VALUE_STOCKS\": 0.0845, \"AUS_LARGE_CAP_VALUE_STOCKS\": 0.0, \"AUS_MUNICIPAL_BONDS\": 0.185, \"AUS_TOTAL_MARKET_STOCKS\": 0.0131, \"AUS_GOVT_BONDS\": 0.0, \"GLOBAL_MARKETS_STOCKS\": 0.4845}", "risk": 0.73}, "pk": 2798}, {"model": "portfolios.portfoliobyrisk", "fields": {"expected_return": 8.25, "volatility": 9.78, "portfolio_set": 1, "allocations": "{\"AUS_CORPORATE_BONDS\": 0.0423, \"AUS_HIGH_YIELD_STOCKS\": 0.1496, \"INTERNATIONAL_BONDS\": 0.0352, \"INFLATION_PROTECTED_BONDS\": 0.0, \"AUS_SMALL_CAP_VALUE_STOCKS\": 0.0866, \"AUS_LARGE_CAP_VALUE_STOCKS\": 0.0, \"AUS_MUNICIPAL_BONDS\": 0.1825, \"AUS_TOTAL_MARKET_STOCKS\": 0.0141, \"AUS_GOVT_BONDS\": 0.0, \"GLOBAL_MARKETS_STOCKS\": 0.4897}", "risk": 0.74}, "pk": 2799}, {"model": "portfolios.portfoliobyrisk", "fields": {"expected_return": 8.25, "volatility": 9.8862, "portfolio_set": 1, "allocations": "{\"AUS_CORPORATE_BONDS\": 0.0346, \"AUS_HIGH_YIELD_STOCKS\": 0.1504, \"INTERNATIONAL_BONDS\": 0.0279, \"INFLATION_PROTECTED_BONDS\": 0.0, \"AUS_SMALL_CAP_VALUE_STOCKS\": 0.0799, \"AUS_LARGE_CAP_VALUE_STOCKS\": 0.0, \"AUS_MUNICIPAL_BONDS\": 0.1875, \"AUS_TOTAL_MARKET_STOCKS\": 0.0, \"AUS_GOVT_BONDS\": 0.0, \"GLOBAL_MARKETS_STOCKS\": 0.5196}", "risk": 0.75}, "pk": 2800}, {"model": "portfolios.portfoliobyrisk", "fields": {"expected_return": 8.27, "volatility": 9.9945, "portfolio_set": 1, "allocations": "{\"AUS_CORPORATE_BONDS\": 0.0, \"AUS_HIGH_YIELD_STOCKS\": 0.1074, \"INTERNATIONAL_BONDS\": 0.0, \"INFLATION_PROTECTED_BONDS\": 0.0, \"AUS_SMALL_CAP_VALUE_STOCKS\": 0.1206, \"AUS_LARGE_CAP_VALUE_STOCKS\": 0.0, \"AUS_MUNICIPAL_BONDS\": 0.24, \"AUS_TOTAL_MARKET_STOCKS\": 0.0, \"AUS_GOVT_BONDS\": 0.0, \"GLOBAL_MARKETS_STOCKS\": 0.5321}", "risk": 0.76}, "pk": 2801}, {"model": "portfolios.portfoliobyrisk", "fields": {"expected_return": 8.86, "volatility": 10.1228, "portfolio_set": 1, "allocations": "{\"AUS_CORPORATE_BONDS\": 0.0348, \"AUS_HIGH_YIELD_STOCKS\": 0.146, \"INTERNATIONAL_BONDS\": 0.0119, \"INFLATION_PROTECTED_BONDS\": 0.0, \"AUS_SMALL_CAP_VALUE_STOCKS\": 0.1105, \"AUS_LARGE_CAP_VALUE_STOCKS\": 0.0, \"AUS_MUNICIPAL_BONDS\": 0.1833, \"AUS_TOTAL_MARKET_STOCKS\": 0.0, \"AUS_GOVT_BONDS\": 0.0, \"GLOBAL_MARKETS_STOCKS\": 0.5135}", "risk": 0.77}, "pk": 2802}, {"model": "portfolios.portfoliobyrisk", "fields": {"expected_return": 8.83, "volatility": 10.2292, "portfolio_set": 1, "allocations": "{\"AUS_CORPORATE_BONDS\": 0.0344, \"AUS_HIGH_YIELD_STOCKS\": 0.1578, \"INTERNATIONAL_BONDS\": 0.0194, \"INFLATION_PROTECTED_BONDS\": 0.0, \"AUS_SMALL_CAP_VALUE_STOCKS\": 0.1006, \"AUS_LARGE_CAP_VALUE_STOCKS\": 0.0, \"AUS_MUNICIPAL_BONDS\": 0.1662, \"AUS_TOTAL_MARKET_STOCKS\": 0.0292, \"AUS_GOVT_BONDS\": 0.0, \"GLOBAL_MARKETS_STOCKS\": 0.4924}", "risk": 0.78}, "pk": 2803}, {"model": "portfolios.portfoliobyrisk", "fields": {"expected_return": 8.81, "volatility": 10.3367, "portfolio_set": 1, "allocations": "{\"AUS_CORPORATE_BONDS\": 0.0249, \"AUS_HIGH_YIELD_STOCKS\": 0.1531, \"INTERNATIONAL_BONDS\": 0.005, \"INFLATION_PROTECTED_BONDS\": 0.0, \"AUS_SMALL_CAP_VALUE_STOCKS\": 0.0837, \"AUS_LARGE_CAP_VALUE_STOCKS\": 0.0, \"AUS_MUNICIPAL_BONDS\": 0.1801, \"AUS_TOTAL_MARKET_STOCKS\": 0.0, \"AUS_GOVT_BONDS\": 0.0, \"GLOBAL_MARKETS_STOCKS\": 0.5532}", "risk": 0.79}, "pk": 2804}, {"model": "portfolios.portfoliobyrisk", "fields": {"expected_return": 8.73, "volatility": 10.4429, "portfolio_set": 1, "allocations": "{\"AUS_CORPORATE_BONDS\": 0.0, \"AUS_HIGH_YIELD_STOCKS\": 0.1542, \"INTERNATIONAL_BONDS\": 0.0029, \"INFLATION_PROTECTED_BONDS\": 0.0, \"AUS_SMALL_CAP_VALUE_STOCKS\": 0.098, \"AUS_LARGE_CAP_VALUE_STOCKS\": 0.0, \"AUS_MUNICIPAL_BONDS\": 0.1971, \"AUS_TOTAL_MARKET_STOCKS\": 0.0, \"AUS_GOVT_BONDS\": 0.0, \"GLOBAL_MARKETS_STOCKS\": 0.5479}", "risk": 0.8}, "pk": 2805}, {"model": "portfolios.portfoliobyrisk", "fields": {"expected_return": 8.58, "volatility": 10.5492, "portfolio_set": 1, "allocations": "{\"AUS_CORPORATE_BONDS\": 0.0137, \"AUS_HIGH_YIELD_STOCKS\": 0.1574, \"INTERNATIONAL_BONDS\": 0.0004, \"INFLATION_PROTECTED_BONDS\": 0.0, \"AUS_SMALL_CAP_VALUE_STOCKS\": 0.0899, \"AUS_LARGE_CAP_VALUE_STOCKS\": 0.0, \"AUS_MUNICIPAL_BONDS\": 0.1713, \"AUS_TOTAL_MARKET_STOCKS\": 0.0019, \"AUS_GOVT_BONDS\": 0.0046, \"GLOBAL_MARKETS_STOCKS\": 0.5607}", "risk": 0.81}, "pk": 2806}, {"model": "portfolios.portfoliobyrisk", "fields": {"expected_return": 8.46, "volatility": 10.6571, "portfolio_set": 1, "allocations": "{\"AUS_CORPORATE_BONDS\": 0.0, \"AUS_HIGH_YIELD_STOCKS\": 0.1484, \"INTERNATIONAL_BONDS\": 0.0002, \"INFLATION_PROTECTED_BONDS\": 0.0, \"AUS_SMALL_CAP_VALUE_STOCKS\": 0.1176, \"AUS_LARGE_CAP_VALUE_STOCKS\": 0.0, \"AUS_MUNICIPAL_BONDS\": 0.1798, \"AUS_TOTAL_MARKET_STOCKS\": 0.0, \"AUS_GOVT_BONDS\": 0.0, \"GLOBAL_MARKETS_STOCKS\": 0.554}", "risk": 0.82}, "pk": 2807}, {"model": "portfolios.portfoliobyrisk", "fields": {"expected_return": 8.3, "volatility": 10.7657, "portfolio_set": 1, "allocations": "{\"AUS_CORPORATE_BONDS\": 0.0, \"AUS_HIGH_YIELD_STOCKS\": 0.1594, \"INTERNATIONAL_BONDS\": 0.0008, \"INFLATION_PROTECTED_BONDS\": 0.0, \"AUS_SMALL_CAP_VALUE_STOCKS\": 0.0945, \"AUS_LARGE_CAP_VALUE_STOCKS\": 0.0, \"AUS_MUNICIPAL_BONDS\": 0.1692, \"AUS_TOTAL_MARKET_STOCKS\": 0.0, \"AUS_GOVT_BONDS\": 0.0, \"GLOBAL_MARKETS_STOCKS\": 0.576}", "risk": 0.83}, "pk": 2808}, {"model": "portfolios.portfoliobyrisk", "fields": {"expected_return": 8.2, "volatility": 10.8757, "portfolio_set": 1, "allocations": "{\"AUS_CORPORATE_BONDS\": 0.01, \"AUS_HIGH_YIELD_STOCKS\": 0.1678, \"INTERNATIONAL_BONDS\": 0.0, \"INFLATION_PROTECTED_BONDS\": 0.0, \"AUS_SMALL_CAP_VALUE_STOCKS\": 0.1119, \"AUS_LARGE_CAP_VALUE_STOCKS\": 0.0, \"AUS_MUNICIPAL_BONDS\": 0.1445, \"AUS_TOTAL_MARKET_STOCKS\": 0.0321, \"AUS_GOVT_BONDS\": 0.0055, \"GLOBAL_MARKETS_STOCKS\": 0.5282}", "risk": 0.84}, "pk": 2809}, {"model": "portfolios.portfoliobyrisk", "fields": {"expected_return": 8.27, "volatility": 10.9874, "portfolio_set": 1, "allocations": "{\"AUS_CORPORATE_BONDS\": 0.0, \"AUS_HIGH_YIELD_STOCKS\": 0.1638, \"INTERNATIONAL_BONDS\": 0.0, \"INFLATION_PROTECTED_BONDS\": 0.0, \"AUS_SMALL_CAP_VALUE_STOCKS\": 0.0996, \"AUS_LARGE_CAP_VALUE_STOCKS\": 0.0, \"AUS_MUNICIPAL_BONDS\": 0.15, \"AUS_TOTAL_MARKET_STOCKS\": 0.0, \"AUS_GOVT_BONDS\": 0.0, \"GLOBAL_MARKETS_STOCKS\": 0.5866}", "risk": 0.85}, "pk": 2810}, {"model": "portfolios.portfoliobyrisk", "fields": {"expected_return": 8.34, "volatility": 11.0992, "portfolio_set": 1, "allocations": "{\"AUS_CORPORATE_BONDS\": 0.0079, \"AUS_HIGH_YIELD_STOCKS\": 0.1722, \"INTERNATIONAL_BONDS\": 0.0, \"INFLATION_PROTECTED_BONDS\": 0.0, \"AUS_SMALL_CAP_VALUE_STOCKS\": 0.1192, \"AUS_LARGE_CAP_VALUE_STOCKS\": 0.0, \"AUS_MUNICIPAL_BONDS\": 0.1321, \"AUS_TOTAL_MARKET_STOCKS\": 0.0376, \"AUS_GOVT_BONDS\": 0.0, \"GLOBAL_MARKETS_STOCKS\": 0.531}", "risk": 0.86}, "pk": 2811}, {"model": "portfolios.portfoliobyrisk", "fields": {"expected_return": 8.41, "volatility": 11.2111, "portfolio_set": 1, "allocations": "{\"AUS_CORPORATE_BONDS\": 0.0, \"AUS_HIGH_YIELD_STOCKS\": 0.1664, \"INTERNATIONAL_BONDS\": 0.0, \"INFLATION_PROTECTED_BONDS\": 0.0, \"AUS_SMALL_CAP_VALUE_STOCKS\": 0.1031, \"AUS_LARGE_CAP_VALUE_STOCKS\": 0.0, \"AUS_MUNICIPAL_BONDS\": 0.13, \"AUS_TOTAL_MARKET_STOCKS\": 0.0, \"AUS_GOVT_BONDS\": 0.0, \"GLOBAL_MARKETS_STOCKS\": 0.6005}", "risk": 0.87}, "pk": 2812}, {"model": "portfolios.portfoliobyrisk", "fields": {"expected_return": 8.51, "volatility": 11.3233, "portfolio_set": 1, "allocations": "{\"AUS_CORPORATE_BONDS\": 0.0, \"AUS_HIGH_YIELD_STOCKS\": 0.1721, \"INTERNATIONAL_BONDS\": 0.0, \"INFLATION_PROTECTED_BONDS\": 0.0, \"AUS_SMALL_CAP_VALUE_STOCKS\": 0.1154, \"AUS_LARGE_CAP_VALUE_STOCKS\": 0.0, \"AUS_MUNICIPAL_BONDS\": 0.12, \"AUS_TOTAL_MARKET_STOCKS\": 0.0232, \"AUS_GOVT_BONDS\": 0.0, \"GLOBAL_MARKETS_STOCKS\": 0.5693}", "risk": 0.88}, "pk": 2813}, {"model": "portfolios.portfoliobyrisk", "fields": {"expected_return": 8.6, "volatility": 11.4354, "portfolio_set": 1, "allocations": "{\"AUS_CORPORATE_BONDS\": 0.0, \"AUS_HIGH_YIELD_STOCKS\": 0.1683, \"INTERNATIONAL_BONDS\": 0.0, \"INFLATION_PROTECTED_BONDS\": 0.0, \"AUS_SMALL_CAP_VALUE_STOCKS\": 0.1045, \"AUS_LARGE_CAP_VALUE_STOCKS\": 0.0, \"AUS_MUNICIPAL_BONDS\": 0.11, \"AUS_TOTAL_MARKET_STOCKS\": 0.0, \"AUS_GOVT_BONDS\": 0.0, \"GLOBAL_MARKETS_STOCKS\": 0.6172}", "risk": 0.89}, "pk": 2814}, {"model": "portfolios.portfoliobyrisk", "fields": {"expected_return": 8.71, "volatility": 11.5477, "portfolio_set": 1, "allocations": "{\"AUS_CORPORATE_BONDS\": 0.0, \"AUS_HIGH_YIELD_STOCKS\": 0.1788, \"INTERNATIONAL_BONDS\": 0.0, \"INFLATION_PROTECTED_BONDS\": 0.0, \"AUS_SMALL_CAP_VALUE_STOCKS\": 0.1273, \"AUS_LARGE_CAP_VALUE_STOCKS\": 0.0, \"AUS_MUNICIPAL_BONDS\": 0.1, \"AUS_TOTAL_MARKET_STOCKS\": 0.0434, \"AUS_GOVT_BONDS\": 0.0, \"GLOBAL_MARKETS_STOCKS\": 0.5505}", "risk": 0.9}, "pk": 2815}, {"model": "portfolios.portfoliobyrisk", "fields": {"expected_return": 9.74, "volatility": 11.6716, "portfolio_set": 1, "allocations": "{\"AUS_CORPORATE_BONDS\": 0.0, \"AUS_HIGH_YIELD_STOCKS\": 0.1661, \"INTERNATIONAL_BONDS\": 0.0, \"INFLATION_PROTECTED_BONDS\": 0.0, \"AUS_SMALL_CAP_VALUE_STOCKS\": 0.1342, \"AUS_LARGE_CAP_VALUE_STOCKS\": 0.0, \"AUS_MUNICIPAL_BONDS\": 0.09, \"AUS_TOTAL_MARKET_STOCKS\": 0.0, \"AUS_GOVT_BONDS\": 0.0, \"GLOBAL_MARKETS_STOCKS\": 0.6097}", "risk": 0.91}, "pk": 2816}, {"model": "portfolios.portfoliobyrisk", "fields": {"expected_return": 9.88, "volatility": 11.7841, "portfolio_set": 1, "allocations": "{\"AUS_CORPORATE_BONDS\": 0.0, \"AUS_HIGH_YIELD_STOCKS\": 0.1715, \"INTERNATIONAL_BONDS\": 0.0, \"INFLATION_PROTECTED_BONDS\": 0.0, \"AUS_SMALL_CAP_VALUE_STOCKS\": 0.1082, \"AUS_LARGE_CAP_VALUE_STOCKS\": 0.0, \"AUS_MUNICIPAL_BONDS\": 0.08, \"AUS_TOTAL_MARKET_STOCKS\": 0.0, \"AUS_GOVT_BONDS\": 0.0, \"GLOBAL_MARKETS_STOCKS\": 0.6403}", "risk": 0.92}, "pk": 2817}, {"model": "portfolios.portfoliobyrisk", "fields": {"expected_return": 9.06, "volatility": 11.8853, "portfolio_set": 1, "allocations": "{\"AUS_CORPORATE_BONDS\": 0.0, \"AUS_HIGH_YIELD_STOCKS\": 0.1719, \"INTERNATIONAL_BONDS\": 0.0, \"INFLATION_PROTECTED_BONDS\": 0.0, \"AUS_SMALL_CAP_VALUE_STOCKS\": 0.1084, \"AUS_LARGE_CAP_VALUE_STOCKS\": 0.0, \"AUS_MUNICIPAL_BONDS\": 0.07, \"AUS_TOTAL_MARKET_STOCKS\": 0.0, \"AUS_GOVT_BONDS\": 0.0, \"GLOBAL_MARKETS_STOCKS\": 0.6498}", "risk": 0.93}, "pk": 2818}, {"model": "portfolios.portfoliobyrisk", "fields": {"expected_return": 9.16, "volatility": 11.9976, "portfolio_set": 1, "allocations": "{\"AUS_CORPORATE_BONDS\": 0.0, \"AUS_HIGH_YIELD_STOCKS\": 0.1726, \"INTERNATIONAL_BONDS\": 0.0, \"INFLATION_PROTECTED_BONDS\": 0.0, \"AUS_SMALL_CAP_VALUE_STOCKS\": 0.11, \"AUS_LARGE_CAP_VALUE_STOCKS\": 0.0, \"AUS_MUNICIPAL_BONDS\": 0.06, \"AUS_TOTAL_MARKET_STOCKS\": 0.0, \"AUS_GOVT_BONDS\": 0.0, \"GLOBAL_MARKETS_STOCKS\": 0.6574}", "risk": 0.94}, "pk": 2819}, {"model": "portfolios.portfoliobyrisk", "fields": {"expected_return": 9.93, "volatility": 12.1166, "portfolio_set": 1, "allocations": "{\"AUS_CORPORATE_BONDS\": 0.0, \"AUS_HIGH_YIELD_STOCKS\": 0.1748, \"INTERNATIONAL_BONDS\": 0.0, \"INFLATION_PROTECTED_BONDS\": 0.0, \"AUS_SMALL_CAP_VALUE_STOCKS\": 0.1196, \"AUS_LARGE_CAP_VALUE_STOCKS\": 0.0, \"AUS_MUNICIPAL_BONDS\": 0.05, \"AUS_TOTAL_MARKET_STOCKS\": 0.0, \"AUS_GOVT_BONDS\": 0.0, \"GLOBAL_MARKETS_STOCKS\": 0.6555}", "risk": 0.95}, "pk": 2820}, {"model": "portfolios.portfoliobyrisk", "fields": {"expected_return": 9.54, "volatility": 12.2239, "portfolio_set": 1, "allocations": "{\"AUS_CORPORATE_BONDS\": 0.0177, \"AUS_HIGH_YIELD_STOCKS\": 0.1816, \"INTERNATIONAL_BONDS\": 0.0, \"INFLATION_PROTECTED_BONDS\": 0.0, \"AUS_SMALL_CAP_VALUE_STOCKS\": 0.1307, \"AUS_LARGE_CAP_VALUE_STOCKS\": 0.0, \"AUS_MUNICIPAL_BONDS\": 0.0223, \"AUS_TOTAL_MARKET_STOCKS\": 0.0255, \"AUS_GOVT_BONDS\": 0.0, \"GLOBAL_MARKETS_STOCKS\": 0.6221}", "risk": 0.96}, "pk": 2821}, {"model": "portfolios.portfoliobyrisk", "fields": {"expected_return": 9.44, "volatility": 12.3346, "portfolio_set": 1, "allocations": "{\"AUS_CORPORATE_BONDS\": 0.0, \"AUS_HIGH_YIELD_STOCKS\": 0.1757, \"INTERNATIONAL_BONDS\": 0.0, \"INFLATION_PROTECTED_BONDS\": 0.0, \"AUS_SMALL_CAP_VALUE_STOCKS\": 0.1183, \"AUS_LARGE_CAP_VALUE_STOCKS\": 0.0, \"AUS_MUNICIPAL_BONDS\": 0.03, \"AUS_TOTAL_MARKET_STOCKS\": 0.0, \"AUS_GOVT_BONDS\": 0.0, \"GLOBAL_MARKETS_STOCKS\": 0.676}", "risk": 0.97}, "pk": 2822}, {"model": "portfolios.portfoliobyrisk", "fields": {"expected_return": 9.51, "volatility": 12.4468, "portfolio_set": 1, "allocations": "{\"AUS_CORPORATE_BONDS\": 0.0, \"AUS_HIGH_YIELD_STOCKS\": 0.1769, \"INTERNATIONAL_BONDS\": 0.0, \"INFLATION_PROTECTED_BONDS\": 0.0, \"AUS_SMALL_CAP_VALUE_STOCKS\": 0.121, \"AUS_LARGE_CAP_VALUE_STOCKS\": 0.0, \"AUS_MUNICIPAL_BONDS\": 0.02, \"AUS_TOTAL_MARKET_STOCKS\": 0.0, \"AUS_GOVT_BONDS\": 0.0, \"GLOBAL_MARKETS_STOCKS\": 0.6821}", "risk": 0.98}, "pk": 2823}, {"model": "portfolios.portfoliobyrisk", "fields": {"expected_return": 10.55, "volatility": 12.5698, "portfolio_set": 1, "allocations": "{\"AUS_CORPORATE_BONDS\": 0.0, \"AUS_HIGH_YIELD_STOCKS\": 0.1776, \"INTERNATIONAL_BONDS\": 0.0, \"INFLATION_PROTECTED_BONDS\": 0.0, \"AUS_SMALL_CAP_VALUE_STOCKS\": 0.1193, \"AUS_LARGE_CAP_VALUE_STOCKS\": 0.0, \"AUS_MUNICIPAL_BONDS\": 0.01, \"AUS_TOTAL_MARKET_STOCKS\": 0.0, \"AUS_GOVT_BONDS\": 0.0, \"GLOBAL_MARKETS_STOCKS\": 0.6931}", "risk": 0.99}, "pk": 2824}, {"model": "portfolios.portfoliobyrisk", "fields": {"expected_return": 9.75, "volatility": 12.6721, "portfolio_set": 1, "allocations": "{\"AUS_CORPORATE_BONDS\": 0.0, \"AUS_HIGH_YIELD_STOCKS\": 0.1782, \"INTERNATIONAL_BONDS\": 0.0, \"INFLATION_PROTECTED_BONDS\": 0.0, \"AUS_SMALL_CAP_VALUE_STOCKS\": 0.1215, \"AUS_LARGE_CAP_VALUE_STOCKS\": 0.0, \"AUS_MUNICIPAL_BONDS\": 0.0, \"AUS_TOTAL_MARKET_STOCKS\": 0.0, \"AUS_GOVT_BONDS\": 0.0, \"GLOBAL_MARKETS_STOCKS\": 0.7003}", "risk": 1.0}, "pk": 2825}, {"model": "portfolios.view", "fields": {"assets": "VAS, ILB\r\n1, -1", "q": 0.01, "portfolio_set": 1}, "pk": 1}, {"model": "portfolios.view", "fields": {"assets": "VAS, VHY\r\n1, -1", "q": 0.01, "portfolio_set": 1}, "pk": 3}, {"model": "portfolios.view", "fields": {"assets": "VAS, RGB\r\n1, -1", "q": 0.01, "portfolio_set": 1}, "pk": 4}, {"model": "portfolios.view", "fields": {"assets": "VLC, VGS\r\n1, -1", "q": 0.01, "portfolio_set": 1}, "pk": 5}]