[{"pk": 1, "model": "main.firm", "fields": {"knocked_out_logo_url": "./MSA_Logo.png", "form_adv_part2_url": "", "fee": 0, "dealer_group_number": "", "name": "Cristian Advisors", "slug": "cristian-advisors", "token": "7b5e7cae-951d-4a43-aa37-7fbef39b0656", "logo_url": "", "client_agreement_url": "./pgadmin_yxCqN9n.log"}}, {"pk": 2, "model": "main.firm", "fields": {"knocked_out_logo_url": "", "form_adv_part2_url": "", "fee": 0, "dealer_group_number": "", "name": "Bancolombia", "slug": "bancolombia", "token": "c4305001-dab3-4185-9def-32aca6e99e2c", "logo_url": "", "client_agreement_url": ""}}, {"pk": 1, "model": "main.firmdata", "fields": {"office_city": "Medellin", "afsl_asic": "546546446", "alternate_email_address": "criscalovis@gmail.com", "fee_bank_account_name": "Cristian Lozano", "postal_post_code": "2512", "office_address_line_1": "Kr 55 No 5-41", "firm": 2, "mobile_phone_number": "2365896574", "last_change": "2015-09-01", "office_state": "NSW", "australian_business_number": "dsfsdfsdfsdfsd", "daytime_phone_number": "2365896574", "postal_address_line_2": "lokjlk", "postal_address_line_1": "Kr 55 No 5-41", "fee_bank_account_number": "54164164", "afsl_asic_document": "./Compa\u00f1\u00eda_de_Financiamiento_Tuya_S_ix37QXO.pdf", "fee_bank_account_holder_name": "fsdfdsfsdfds", "fee_bank_account_branch_name": "54545", "postal_state": "NSW", "postal_city": "Medellin", "fee_bank_account_bsb_number": "sdfsd", "office_post_code": "4454", "fax_number": "2365896574", "same_address": false, "office_address_line_2": "sadfsdsdf"}}, {"pk": 7, "model": "main.accountgroup", "fields": {"advisor": 1, "name": "new household", "secondary_advisors": []}}, {"pk": 8, "model": "main.accountgroup", "fields": {"advisor": 1, "name": "Rhonda Pearlman edition", "secondary_advisors": []}}, {"pk": 5, "model": "main.clientaccount", "fields": {"primary_owner": 1, "custom_fee": 0, "account_group": 8, "created_at": "2015-09-04T10:57:57.210Z", "account_type": "1"}}, {"pk": 6, "model": "main.clientaccount", "fields": {"primary_owner": 3, "custom_fee": 33, "account_group": 7, "created_at": "2015-09-04T10:57:57.210Z", "account_type": "PERSONAL"}}, {"pk": 1, "model": "main.assetclass", "fields": {"super_asset_class": "EQUITY_AU", "display_name": "Australian Small-Cap Value", "foreground_color": "#FFFFFF", "drift_color": "#B9D0A5", "investment_type": "STOCKS", "asset_class_explanation": "Australian Small-Cap Value stocks overlap with the Australian Total Stock Market, but are included to tilt the portfolio towards small size companies with generally low price-to-earnings ratios. Value-tilting has historically showed good results, and it in general increases the portfolio's dividend yield.", "primary_color": "#50891E", "name": "AUS_SMALL_CAP_VALUE_STOCKS", "display_order": 2, "tickers_explanation": "VSO, ISO, and SSO are highly correlated options to gain Australian Small-Cap Value stock exposure. VSO is our primary choice with its low expenses and large asset base."}}, {"pk": 2, "model": "main.assetclass", "fields": {"super_asset_class": "EQUITY_AU", "display_name": "Australian High Yield Corporate", "foreground_color": "#FFFFFF", "drift_color": "#9ABE9F", "investment_type": "STOCKS", "asset_class_explanation": "Australian High Yield Stocks overlap with the Australian Total Stock Market, but are included to tilt the portfolio towards companies with higher forecast dividends relative to other companies. Value-tilting has historically showed good results, and generally increases the portfolio's dividend yield.", "primary_color": "#035D0E", "name": "AUS_HIGH_YIELD_STOCKS", "display_order": 3, "tickers_explanation": "VHY, RDV, YMAX, SYI, RVL and IHD are all dependable avenues to gain exposure to Australian High Yield Stocks. VHY is our primary choice with its tight bid-ask spread and a low expense ratio."}}, {"pk": 3, "model": "main.assetclass", "fields": {"super_asset_class": "EQUITY_INT", "display_name": "Global Markets", "foreground_color": "#FFFFFF", "drift_color": "#B34D4D", "investment_type": "STOCKS", "asset_class_explanation": "Global Markets stocks provide exposure to a diverse set of companies from international developed economies including the US, UK, Europe, Japan, and others, excluding Australia. It reflects global risk/return and has lower correlations to the Australian market.", "primary_color": "#AD0000", "name": "GLOBAL_MARKETS_STOCKS", "display_order": 4, "tickers_explanation": "VGS and IOO are both dependable avenues to gain exposure to Global Market stocks. VGS is our primary choice with its tight bid-ask spread and a low expense ratio."}}, {"pk": 4, "model": "main.assetclass", "fields": {"super_asset_class": "FIXED_INCOME_AU", "display_name": "Australian Government Bonds", "foreground_color": "#FFFFFF", "drift_color": "#EFF7FF", "investment_type": "BONDS", "asset_class_explanation": "Australian Government Bonds are an extremely low-risk asset class as a cash alternative that generates nominal benefit through interest payments, and de-risks the portfolio at safer allocations.", "primary_color": "#D6EBFF", "name": "AUS_GOVT_BONDS", "display_order": 13, "tickers_explanation": "RGB, GOVT, VGB and IGB offer broad exposure to the Australian Government Bond market. RGB is our primary choice due to its low expense ratio and high liquidity."}}, {"pk": 5, "model": "main.assetclass", "fields": {"super_asset_class": "FIXED_INCOME_AU", "display_name": "Australian Corporate Bonds", "foreground_color": "#FFFFFF", "drift_color": "#B3D7FB", "investment_type": "BONDS", "asset_class_explanation": "Australian Corporate Bonds are issued by corporations to finance business activities. Corporate bonds generally offer much more attractive yields and opportunity for capital appreciation to compensate investors for default risk. They also diversify the fixed-income portfolio, resulting in higher risk-adjusted returns.", "primary_color": "#409BF6", "name": "AUS_CORPORATE_BONDS", "display_order": 12, "tickers_explanation": "BOND, IAF, and RCB provide portfolio exposure to the Australian Corporate Bond market. BOND's tight bid-ask spread and stronger asset base make it our primary choice."}}, {"pk": 6, "model": "main.assetclass", "fields": {"super_asset_class": "EQUITY_AU", "display_name": "Australian Total Stock Market", "foreground_color": "#FFFFFF", "drift_color": "#E4F5C9", "investment_type": "STOCKS", "asset_class_explanation": "Australian Total Stock Market contains broad exposure to the entire Australian stock market, including growth and value companies of small, mid and large capitalizations. This asset class allows participation in the historically strong long-term growth of the Australian economy.", "primary_color": "#BCE577", "name": "AUS_TOTAL_MARKET_STOCKS", "display_order": 0, "tickers_explanation": "VAS, STW, and QOZ all offer exposure to the entire Australian Stock market and are highly correlated. They all have very low expense ratios. VAS has high liquidity and small bid-ask spreads so it is our primary choice."}}, {"pk": 7, "model": "main.assetclass", "fields": {"super_asset_class": "FIXED_INCOME_AU", "display_name": "Australian Government Inflation", "foreground_color": "#FFFFFF", "drift_color": "#DEEFFF", "investment_type": "BONDS", "asset_class_explanation": "Australian Government Inflation includes Australian Government Bonds issued by the Australian Commonwealth Government and Australian State-Governments which are supposed to provide a hedge against inflation. This allocation serves to insulate a part of the portfolio from the depreciating effects of inflation while also having historically relatively low correlation with other asset classes.", "primary_color": "#ADD6FF", "name": "INFLATION_PROTECTED_BONDS", "display_order": 14, "tickers_explanation": "ILB is the only offering to have a broad representation of Australian Government Inflation and has a low expense ratio."}}, {"pk": 8, "model": "main.assetclass", "fields": {"super_asset_class": "FIXED_INCOME_INT", "display_name": "International Bonds", "foreground_color": "#FFFFFF", "drift_color": "#E3CAAA", "investment_type": "BONDS", "asset_class_explanation": "International Bonds are issued by non-Australian developed and emerging market governments, semi-governments and corporates. They have high credit quality and provide interest rate diversification for a bond portfolio, generally resulting in higher risk-adjusted returns.", "primary_color": "#B86200", "name": "INTERNATIONAL_BONDS", "display_order": 16, "tickers_explanation": "RIGS (NYSE) provides exposure to the whole international fixed-income market. It carries a competitive expense ratio and robust asset base."}}, {"pk": 9, "model": "main.assetclass", "fields": {"super_asset_class": "EQUITY_AU", "display_name": "Australian Large-Cap Value", "foreground_color": "#FFFFFF", "drift_color": "#D5EDC1", "investment_type": "STOCKS", "asset_class_explanation": "Australian Large-Cap Value stocks overlap with the Australian Total Stock Market, but are included to tilt the portfolio toward large size companies with generally low price-to-earnings ratios. Value-tilting has historically showed good performance, and also in general increases the portfolio's dividend yield.", "primary_color": "#96D363", "name": "AUS_LARGE_CAP_VALUE_STOCKS", "display_order": 1, "tickers_explanation": "VLC, ILC and SFY all offer broad Australian Large-Cap Value Stock exposure and are highly correlated. VLC and ILC have the lowest expense ratios. VLC is our primary choice due to its high liquidity."}}, {"pk": 10, "model": "main.assetclass", "fields": {"super_asset_class": "FIXED_INCOME_AU", "display_name": "Australian Semi-Government Bonds", "foreground_color": "#FFFFFF", "drift_color": "#DAEDFF", "investment_type": "BONDS", "asset_class_explanation": "Australian Semi-Government Bonds are issue by State Government, State Treasury Corporations and Municipalities to finance capital expenditures. While Semi-Government Bond credit risk is slightly higher than Australian Government Bonds, it is still quite low and makes them an excellent addition to portfolios.", "primary_color": "#8BC5FF", "name": "AUS_MUNICIPAL_BONDS", "display_order": 15, "tickers_explanation": "RSM offers broad exposure to the Australian Semi-Government Bond market. RSM is our primary choice due to its low expense ratio and high liquidity."}}, {"pk": 11, "model": "main.assetclass", "fields": {"super_asset_class": "EQUITY_US", "display_name": "US Total Stock Market", "foreground_color": "#FFFFFF", "drift_color": "#B34646", "investment_type": "STOCKS", "asset_class_explanation": "US Total Stock Market contains broad exposure to the entire US stock market, including growth and value companies of small, mid and large capitalizations. This asset class allows participation in the historically strong long-term growth of the US economy.", "primary_color": "#870F0F", "name": "US_TOTAL_MARKET_STOCKS", "display_order": 5, "tickers_explanation": "VTS, VTI:NY, SCHB:NY, and ITOT:NY all offer exposure to the entire US Stock market and are highly correlated. They all have very low expense ratios. VTS offers exposure in Australian Dollars. It has a very low expense ratio, high liquidity and small bid-ask spreads so it is our primary choice."}}, {"pk": 12, "model": "main.assetclass", "fields": {"super_asset_class": "FIXED_INCOME_US", "display_name": "US Total Bond Market", "foreground_color": "#FFFFFF", "drift_color": "#DEB78A", "investment_type": "BONDS", "asset_class_explanation": "US Total Bond Market contains broad exposure to the entire US dollar denominated bonds market, including government and corporate issued bonds that are rated either investment grade or high-yield. Corporate bonds generally offer much more attractive yields and opportunity for capital appreciation to compensate investors for default risk while government bonds are an extremely low-risk asset class as a cash alternative that generates nominal benefit through interest payments.", "primary_color": "#BD6640", "name": "US_TOTAL_MARKET_BONDS", "display_order": 17, "tickers_explanation": "IUSB:NY provides portfolio exposure to the US dollar-denominated bond market and provides access to potentially higher yielding bond categories not included in a US aggregate bond ETF making it our primary choice."}}, {"pk": 13, "model": "main.assetclass", "fields": {"super_asset_class": "EQUITY_UK", "display_name": "UK Total Stock Market", "foreground_color": "#FFFFFF", "drift_color": "#BF6F6F", "investment_type": "STOCKS", "asset_class_explanation": "UK Total Stock Market contains broad exposure to the entire UK stock market, including growth and value companies of small, mid and large capitalizations. This asset class allows participation in the historically strong long-term growth of the UK economy.", "primary_color": "#BF3F3F", "name": "UK_TOTAL_MARKET_STOCKS", "display_order": 6, "tickers_explanation": "FTAL:L offers exposure to the entire UK Stock market. It has a very low expense ratio, high liquidity and small bid-ask spreads so it is our primary choice."}}, {"pk": 14, "model": "main.assetclass", "fields": {"super_asset_class": "FIXED_INCOME_UK", "display_name": "UK Total Bond Market", "foreground_color": "#FFFFFF", "drift_color": "#DE9750", "investment_type": "BONDS", "asset_class_explanation": "UK Total Bond Market contains broad exposure to Sterling denominated investment grade bonds across sectors including industrials, utilities and financial companies. Corporate bonds generally offer much more attractive yields and opportunity for capital appreciation to compensate investors for default risk.", "primary_color": "#BF730F", "name": "UK_TOTAL_MARKET_BONDS", "display_order": 18, "tickers_explanation": "SLXX:L provides portfolio exposure to Sterling denominated corporate bond market making it our primary choice."}}, {"pk": 15, "model": "main.assetclass", "fields": {"super_asset_class": "EQUITY_JAPAN", "display_name": "Japan Total Stock Market", "foreground_color": "#FFFFFF", "drift_color": "#C25D5D", "investment_type": "STOCKS", "asset_class_explanation": "Japan Total Stock Market contains broad exposure to the entire Japanese stock market, including growth and value companies of small, mid and large capitalizations. This asset class allows participation in the historically strong long-term growth of the Japanese economy.", "primary_color": "#BA2222", "name": "JAP_TOTAL_MARKET_STOCKS", "display_order": 7, "tickers_explanation": "IJP offers exposure to the entire Japanese Stock market. It has a very low expense ratio, high liquidity and small bid-ask spreads so it is our primary choice."}}, {"pk": 16, "model": "main.assetclass", "fields": {"super_asset_class": "EQUITY_EU", "display_name": "Europe Total Stock Markets", "foreground_color": "#FFFFFF", "drift_color": "#C26767", "investment_type": "STOCKS", "asset_class_explanation": "Europe Total Stock Markets contains broad exposure to the entire European stock markets, including growth and value companies of mid and large capitalizations. This asset class allows participation in the long-term growth of the European economy. ", "primary_color": "#B84D49", "name": "EUR_TOTAL_MARKET_STOCKS", "display_order": 8, "tickers_explanation": "IEU offers exposure to the entire European Stock markets. It has a very low expense ratio, high liquidity and small bid-ask spreads so it is our primary choice."}}, {"pk": 17, "model": "main.assetclass", "fields": {"super_asset_class": "FIXED_INCOME_EU", "display_name": "Europe Total Bond Markets", "foreground_color": "#FFFFFF", "drift_color": "#E09867", "investment_type": "BONDS", "asset_class_explanation": "Europe Total Bonds contains broad exposure to the entire Euro denominated investment grade bond market, including government, government-related, corporate and securitised bonds. Corporate bonds generally offer much more attractive yields and opportunity for capital appreciation to compensate investors for default risk while government bonds are an extremely low-risk asset class as a cash alternative that generates nominal benefit through interest payments.", "primary_color": "#B06443", "name": "EUR_TOTAL_MARKET_BONDS", "display_order": 19, "tickers_explanation": "IEAG:L provides portfolio exposure to the Euro denominated bond market making it our primary choice."}}, {"pk": 18, "model": "main.assetclass", "fields": {"super_asset_class": "EQUITY_AS", "display_name": "Asia (Ex Jap) Total Stock Markets", "foreground_color": "#FFFFFF", "drift_color": "#E89B9B", "investment_type": "STOCKS", "asset_class_explanation": "Asia ex Japan Stocks contain broad exposure to growth and value companies of mid and large capitalizations in emerging and developed Asian countries (excluding Japan), however it comes with higher risk compared to Australian or International Developed stocks. This asset helps your portfolio to grow with developing nations as they modernise and become wealthier.", "primary_color": "#854242", "name": "ASIA_EXJAP_TOTAL_MARKET_STOCKS", "display_order": 9, "tickers_explanation": "AAXJ:NY offers Asia ex Japan market stock exposure. AAXJ is our primary choice due to its lower expense ratio and tight bid-ask spread."}}, {"pk": 19, "model": "main.assetclass", "fields": {"super_asset_class": "FIXED_INCOME_AS", "display_name": "Asia (Ex Jap) Total Bond Markets", "foreground_color": "#FFFFFF", "drift_color": "#FFA630", "investment_type": "BONDS", "asset_class_explanation": "Asia ex Japan Bonds contains broad exposure to local debt denominated in the currencies of Asia Pacific ex Japan countries including government and corporate issued bonds. Corporate bonds generally offer much more attractive yields and opportunity for capital appreciation to compensate investors for default risk while government bonds are an extremely low-risk asset class as a cash alternative that generates nominal benefit through interest payments.", "primary_color": "#BA7923", "name": "ASIA_EXJAP_TOTAL_MARKET_BONDS", "display_order": 20, "tickers_explanation": "ALD:NY provides portfolio exposure to the Asia ex Japan bond markets making it our primary choice."}}, {"pk": 20, "model": "main.assetclass", "fields": {"super_asset_class": "EQUITY_INT", "display_name": "China Total Stock Market", "foreground_color": "#FFFFFF", "drift_color": "#D6716D", "investment_type": "STOCKS", "asset_class_explanation": "China Total Stock Market contains broad exposure to the entire Chinese stock market, including growth and value companies of mid and large capitalizations available to international investors and provides higher return potential and diversification, however it comes with higher risk compared to Australian or International Developed stocks. This asset helps your portfolio to grow with developing nations as they modernise and become wealthier.", "primary_color": "#9E4F4F", "name": "CN_TOTAL_MARKET_STOCKS", "display_order": 10, "tickers_explanation": "MCHI:NY offers China market stock exposure. MCHI is our primary choice due to its lower expense ratio and tight bid-ask spread."}}, {"pk": 21, "model": "main.assetclass", "fields": {"super_asset_class": "FIXED_INCOME_CN", "display_name": "China Total Bond Market", "foreground_color": "#FFFFFF", "drift_color": "#FFA66B", "investment_type": "BONDS", "asset_class_explanation": "China Total Bond Market contains broad exposure to the entire Chinese Renminbi (RMB)-denominated bonds market, including government, agency, supranational and corporate issued bonds. Corporate bonds generally offer much more attractive yields and opportunity for capital appreciation to compensate investors for default risk while government bonds are an extremely low-risk asset class as a cash alternative that generates nominal benefit through interest payments.", "primary_color": "#D97B3D", "name": "CN_TOTAL_MARKET_BONDS", "display_order": 21, "tickers_explanation": "DSUM:NY provides portfolio exposure to the RMB-denominated bond market making it our primary choice."}}, {"pk": 22, "model": "main.assetclass", "fields": {"super_asset_class": "EQUITY_EM", "display_name": "Emerging Markets Stocks", "foreground_color": "#FFFFFF", "drift_color": "#C25F34", "investment_type": "STOCKS", "asset_class_explanation": "Emerging Market Stocks provide higher return potential and diversification, however it comes with higher risk compared to Australian or International Developed stocks. This asset helps your portfolio to grow with developing nations as they modernise and become wealthier.", "primary_color": "#9E3529", "name": "EMERGING_MARKETS_STOCKS", "display_order": 11, "tickers_explanation": "VGE:NY, VWO:NY, IEMG:NY, and EEM:NY all offer Emerging Market stock exposure. VGE is our primary choice due to its lower expense ratio and tight bid-ask spread."}}, {"pk": 23, "model": "main.assetclass", "fields": {"super_asset_class": "FIXED_INCOME_EM", "display_name": "Emerging Markets Bonds", "foreground_color": "#FFFFFF", "drift_color": "#FFC273", "investment_type": "BONDS", "asset_class_explanation": "Emerging Market Bonds are US dollar-denominated bonds issued by governments with economies that are rapidly growing and industrializing. This asset class is higher risk but also offers a higher expected return than developed markets' bonds or Government Bonds. Their unusually low correlation with other bonds result in higher risk-adjusted performance for the portfolio.", "primary_color": "#FF8138", "name": "EMERGING_MARKETS_BONDS", "display_order": 22, "tickers_explanation": "EMB:NY, VWOB:NY and PCY:NY provide exposure to Emerging Market Bonds. They are all highly correlated, and EMB is our primary choice due to its lower expense ratio."}}, {"pk": 1, "model": "main.ticker", "fields": {"display_name": "Vanguard MSCI Australian Small Companies Index ETF", "currency": "AUD", "description": "Australian Small-Cap Value", "asset_class": 1, "symbol": "VSO", "url": "https://www.vanguardinvestments.com.au/retail/ret/investments/etfdetailVASCIE.jsp", "unit_price": 40.95, "ordering": 0}}, {"pk": 3, "model": "main.ticker", "fields": {"display_name": "Vanguard Australian Shares High Yield ETF", "currency": "AUD", "description": "Australian High Yield Corporate", "asset_class": 2, "symbol": "VHY", "url": "https://www.vanguardinvestments.com.au/retail/ret/investments/etfdetailVASHYE.jsp", "unit_price": 58.23, "ordering": 0}}, {"pk": 5, "model": "main.ticker", "fields": {"display_name": "Vanguard MSCI Index International Shares ETF", "currency": "AUD", "description": "Global Markets", "asset_class": 3, "symbol": "VGS", "url": "https://www.vanguardinvestments.com.au/retail/ret/investments/etfdetailVISIFE.jsp", "unit_price": 58.57, "ordering": 0}}, {"pk": 7, "model": "main.ticker", "fields": {"display_name": "Russell Australian Government Bond ETF", "currency": "AUD", "description": "Australian Government Bonds", "asset_class": 4, "symbol": "RGB", "url": "http://www.russell.com/au/solutions/exchange-traded-funds/data.aspx?id=RAGBETF", "unit_price": 21.38, "ordering": 0}}, {"pk": 8, "model": "main.ticker", "fields": {"display_name": "SPDR S&P/ASX Australian Bond Fund", "currency": "AUD", "description": "Australian Corporate Bonds", "asset_class": 5, "symbol": "BOND", "url": "https://www.spdrs.com.au/etf/fund/fund_detail_BOND.html", "unit_price": 26.14, "ordering": 0}}, {"pk": 10, "model": "main.ticker", "fields": {"display_name": "Vanguard Australian Shares Index ETF", "currency": "AUD", "description": "Australian Total Stock Market", "asset_class": 6, "symbol": "VAS", "url": "https://www.vanguardinvestments.com.au/retail/ret/investments/etfdetailVASIFE.jsp", "unit_price": 65.8, "ordering": 0}}, {"pk": 12, "model": "main.ticker", "fields": {"display_name": "iShares Government Inflation ETF", "currency": "AUD", "description": "Australian Government Inflation", "asset_class": 7, "symbol": "ILB", "url": "https://www.blackrock.com/au/individual/products/251978/ishares-government-inflation-etf", "unit_price": 114.11, "ordering": 0}}, {"pk": 13, "model": "main.ticker", "fields": {"display_name": "RiverFront Strategic Income Fund ETF", "currency": "USD", "description": "International Bonds", "asset_class": 8, "symbol": "RIGS", "url": "http://www.alpsfunds.com/overview/RIGS", "unit_price": 34.8461430377968, "ordering": 0}}, {"pk": 14, "model": "main.ticker", "fields": {"display_name": "Vanguard Value ETF", "currency": "AUD", "description": "Australian Large-Cap Value", "asset_class": 9, "symbol": "VLC", "url": "https://www.vanguardinvestments.com.au/retail/ret/investments/etfdetailVALCIE.jsp", "unit_price": 56.93, "ordering": 0}}, {"pk": 16, "model": "main.ticker", "fields": {"display_name": "Russell Australian Semi-Govt Bd ETF", "currency": "AUD", "description": "Australian Semi-Government Bonds", "asset_class": 10, "symbol": "RSM", "url": "http://www.russell.com/au/solutions/exchange-traded-funds/data.aspx?id=RASGBETF", "unit_price": 20.71, "ordering": 0}}, {"pk": 17, "model": "main.ticker", "fields": {"display_name": "Vanguard US Total Market Shares Index ETF", "currency": "AUD", "description": "US Total Stock Market", "asset_class": 11, "symbol": "VTS", "url": "https://www.vanguardinvestments.com.au/retail/ret/investments/etfdetailVTS.jsp", "unit_price": 144.2, "ordering": 0}}, {"pk": 18, "model": "main.ticker", "fields": {"display_name": "iShares Core Total USD Bond Market", "currency": "USD", "description": "US Total Bond Market", "asset_class": 12, "symbol": "IUSB", "url": "https://www.ishares.com/us/products/264615/ishares-core-total-usd-bond-market-etf", "unit_price": 141.000421525924, "ordering": 0}}, {"pk": 19, "model": "main.ticker", "fields": {"display_name": "SPDR FTSE UK All Share UCITS ETF", "currency": "GBP", "description": "UK Total Stock Market", "asset_class": 13, "symbol": "FTAL", "url": "https://www.spdrseurope.com/product/fund.seam?ticker=SPYF%20GY", "unit_price": 81.136107, "ordering": 0}}, {"pk": 20, "model": "main.ticker", "fields": {"display_name": "iShares Core \u00a3 Corporate Bond UCITS ETF", "currency": "GBP", "description": "UK Total Bond Market", "asset_class": 14, "symbol": "SLXX", "url": "https://www.ishares.com/uk/individual/en/products/251839/ishares-corporate-bond-ucits-etf", "unit_price": 286.494988, "ordering": 0}}, {"pk": 21, "model": "main.ticker", "fields": {"display_name": "iShares MSCI Japan ETF", "currency": "AUD", "description": "Japan Total Stock Market", "asset_class": 15, "symbol": "IJP", "url": "https://www.blackrock.com/au/individual/products/273434/ishares-msci-japan-etf", "unit_price": 16.49, "ordering": 0}}, {"pk": 22, "model": "main.ticker", "fields": {"display_name": "iShares Europe ETF", "currency": "AUD", "description": "Europe Total Stock Markets", "asset_class": 16, "symbol": "IEU", "url": "https://www.blackrock.com/au/individual/products/273427/ishares-europe-etf", "unit_price": 58.75, "ordering": 0}}, {"pk": 23, "model": "main.ticker", "fields": {"display_name": "iShares Euro Aggregate Bond UCITS ETF", "currency": "GBP", "description": "Europe Total Bond Markets", "asset_class": 17, "symbol": "IEAG", "url": "https://www.ishares.com/uk/individual/en/products/251725/ishares-euro-aggregate-bond-ucits-etf", "unit_price": 258.260574, "ordering": 0}}, {"pk": 24, "model": "main.ticker", "fields": {"display_name": "iShares MSCI All Country Asia ex Japan", "currency": "USD", "description": "Asia (Ex Jap) Total Stock Markets", "asset_class": 18, "symbol": "AAXJ", "url": "https://www.ishares.com/us/products/239601/ishares-msci-all-country-asia-ex-japan-etf", "unit_price": 74.9894618519039, "ordering": 0}}, {"pk": 25, "model": "main.ticker", "fields": {"display_name": "WisdomTree Asia Local Debt ETF", "currency": "USD", "description": "Asia (Ex Jap) Total Bond Markets", "asset_class": 19, "symbol": "ALD", "url": "http://www.wisdomtree.com/etfs/fund-details-fixed-income.aspx?etfid=77", "unit_price": 59.3508500772798, "ordering": 0}}, {"pk": 26, "model": "main.ticker", "fields": {"display_name": "iShares MSCI China ETF", "currency": "USD", "description": "China Total Stock Market", "asset_class": 20, "symbol": "MCHI", "url": "https://www.ishares.com/us/products/239619/ishares-msci-china-etf", "unit_price": 62.1891246311648, "ordering": 0}}, {"pk": 27, "model": "main.ticker", "fields": {"display_name": "PowerShares Chinese Yuan Dim Sum Bond ETF", "currency": "USD", "description": "China Total Bond Market", "asset_class": 21, "symbol": "DSUM", "url": "https://www.invesco.com/portal/site/us/investors/etfs/product-detail?productId=DSUM", "unit_price": 32.7525642827034, "ordering": 0}}, {"pk": 28, "model": "main.ticker", "fields": {"display_name": "Vanguard FTSE Emerging Markets Shares ETF", "currency": "AUD", "description": "Emerging Markets Stocks", "asset_class": 22, "symbol": "VGE", "url": "https://www.vanguardinvestments.com.au/retail/ret/investments/etfdetailVGEMSE.jsp", "unit_price": 54.0, "ordering": 0}}, {"pk": 29, "model": "main.ticker", "fields": {"display_name": "iShares J.P. Morgan USD Emerging Markets Bond", "currency": "USD", "description": "Emerging Markets Bonds", "asset_class": 23, "symbol": "EMB", "url": "https://www.ishares.com/us/products/239572/ishares-jp-morgan-usd-emerging-markets-bond-etf", "unit_price": 151.496417029647, "ordering": 0}}, {"pk": 24, "model": "main.emailinvitation", "fields": {"send_count": 14, "invitation_type": 1, "inviter_type": 7, "status": 1, "email": "criscalovis@yahoo.com", "inviter_id": 2, "send_date": "2015-09-01T06:13:25.443Z"}}, {"pk": 25, "model": "main.emailinvitation", "fields": {"send_count": 1, "invitation_type": 1, "inviter_type": 7, "status": 0, "email": "criscalovis@hotmail.com", "inviter_id": 2, "send_date": "2015-09-01T06:19:04.827Z"}}, {"pk": 26, "model": "main.emailinvitation", "fields": {"send_count": 1, "invitation_type": 1, "inviter_type": 7, "status": 0, "email": "criscalovis@yahoo.com", "inviter_id": 1, "send_date": "2015-09-01T08:02:56.351Z"}}, {"pk": 27, "model": "main.emailinvitation", "fields": {"send_count": 4, "invitation_type": 1, "inviter_type": 7, "status": 0, "email": "criscalovis@gmail.com", "inviter_id": 1, "send_date": "2015-09-01T08:16:27.015Z"}}, {"pk": 28, "model": "main.emailinvitation", "fields": {"send_count": 2, "invitation_type": 2, "inviter_type": 7, "status": 0, "email": "criscalovis@gmail.com", "inviter_id": 2, "send_date": "2015-09-01T17:54:28.627Z"}}, {"pk": 29, "model": "main.emailinvitation", "fields": {"send_count": 1, "invitation_type": 0, "inviter_type": 7, "status": 0, "email": "criscalovis@gmail.com", "inviter_id": 2, "send_date": "2015-09-01T17:56:57.539Z"}}, {"pk": 30, "model": "main.emailinvitation", "fields": {"send_count": 1, "invitation_type": 1, "inviter_type": 7, "status": 3, "email": "criscalovis@hotmail.com", "inviter_id": 1, "send_date": "2015-09-02T12:38:40.524Z"}}, {"pk": 31, "model": "main.emailinvitation", "fields": {"send_count": 1, "invitation_type": 3, "inviter_type": 9, "status": 0, "email": "democlient@demo.com", "inviter_id": 1, "send_date": "2015-09-02T17:19:37.373Z"}}, {"pk": 32, "model": "main.emailinvitation", "fields": {"send_count": 1, "invitation_type": 3, "inviter_type": 9, "status": 0, "email": "criscalovis@hotmail.com", "inviter_id": 1, "send_date": "2015-09-02T17:19:47.936Z"}}, {"pk": 1, "model": "main.platform", "fields": {"fee": 25, "portfolio_set": 1, "api": "YAHOO"}}, {"pk": 1, "model": "main.goal", "fields": {"type": "RETIREMENT", "completion_date": "2032-09-12T12:14:24Z", "target": 320000.0, "account_type": "INVESTING", "name": "Retirement62", "allocation": 0.77, "account": 6, "created_date": "2015-09-09T05:54:03.919Z"}}, {"pk": 4, "model": "main.goal", "fields": {"type": "EDUCATION", "completion_date": "2028-09-13T22:41:25Z", "target": 70000.0, "account_type": "INVESTING", "name": "Wealth Protection", "allocation": 0.87, "account": 6, "created_date": "2015-09-09T06:09:24.387Z"}}, {"pk": 9, "model": "main.goal", "fields": {"type": "HOUSE", "completion_date": "2027-09-12T22:20:34Z", "target": 542000.0, "account_type": "INVESTING", "name": "House Fund", "allocation": 0.65, "account": 5, "created_date": "2015-09-11T14:56:59.912Z"}}, {"pk": 89, "model": "main.position", "fields": {"share": 713.0152, "goal": 9, "ticker": 5}}, {"pk": 90, "model": "main.position", "fields": {"share": 79.2103, "goal": 9, "ticker": 7}}, {"pk": 91, "model": "main.position", "fields": {"share": 946.1028, "goal": 9, "ticker": 16}}, {"pk": 92, "model": "main.position", "fields": {"share": 378.0175, "goal": 9, "ticker": 8}}, {"pk": 93, "model": "main.position", "fields": {"share": 290.061, "goal": 9, "ticker": 3}}, {"pk": 94, "model": "main.position", "fields": {"share": 283.4, "goal": 9, "ticker": 1}}, {"pk": 95, "model": "main.position", "fields": {"share": 559.1551, "goal": 9, "ticker": 13}}, {"pk": 96, "model": "main.position", "fields": {"share": 98.5693, "goal": 9, "ticker": 10}}, {"pk": 192, "model": "main.position", "fields": {"share": 474.0377, "goal": 1, "ticker": 24}}, {"pk": 193, "model": "main.position", "fields": {"share": 1331.3566, "goal": 1, "ticker": 27}}, {"pk": 194, "model": "main.position", "fields": {"share": 813.9638, "goal": 1, "ticker": 3}}, {"pk": 195, "model": "main.position", "fields": {"share": -9.95904747558285e-15, "goal": 1, "ticker": 13}}, {"pk": 196, "model": "main.position", "fields": {"share": 3822.8112, "goal": 1, "ticker": 21}}, {"pk": 197, "model": "main.position", "fields": {"share": 9.999999999109e-05, "goal": 1, "ticker": 8}}, {"pk": 198, "model": "main.position", "fields": {"share": 170.125, "goal": 4, "ticker": 16}}, {"pk": 199, "model": "main.position", "fields": {"share": 8.09690000000001, "goal": 4, "ticker": 27}}, {"pk": 200, "model": "main.position", "fields": {"share": 64.6102, "goal": 4, "ticker": 3}}, {"pk": 201, "model": "main.position", "fields": {"share": 347.1898, "goal": 4, "ticker": 26}}, {"pk": 21, "model": "main.transaction", "fields": {"type": "DEPOSIT", "executed_date": "2015-09-12T20:00:31.629Z", "from_account": null, "to_account": null, "status": "EXECUTED", "amount": 7536.0017706192, "account": 4, "created_date": "2015-09-09T07:22:36.466Z"}}, {"pk": 22, "model": "main.transaction", "fields": {"type": "DEPOSIT", "executed_date": "2015-09-12T19:59:22.305Z", "from_account": null, "to_account": null, "status": "EXECUTED", "amount": 97787.7446913113, "account": 1, "created_date": "2015-09-11T08:53:44.747Z"}}, {"pk": 37, "model": "main.transaction", "fields": {"type": "DEPOSIT", "executed_date": "2015-09-12T20:08:04.810Z", "from_account": null, "to_account": null, "status": "EXECUTED", "amount": 102348.913979792, "account": 1, "created_date": "2015-09-11T11:43:19.532Z"}}, {"pk": 39, "model": "main.transaction", "fields": {"type": "DEPOSIT", "executed_date": null, "from_account": null, "to_account": null, "status": "PENDING", "amount": 300.0, "account": 1, "created_date": "2015-09-11T12:52:35.108Z"}}, {"pk": 40, "model": "main.transaction", "fields": {"type": "DEPOSIT", "executed_date": "2015-09-14T13:40:28.472Z", "from_account": null, "to_account": null, "status": "EXECUTED", "amount": 188.398532499938, "account": 1, "created_date": "2015-09-11T14:21:31.331Z"}}, {"pk": 42, "model": "main.transaction", "fields": {"type": "DEPOSIT", "executed_date": "2015-09-13T06:56:30.310Z", "from_account": null, "to_account": null, "status": "EXECUTED", "amount": 116999.993311333, "account": 9, "created_date": "2015-09-11T14:57:00.049Z"}}, {"pk": 46, "model": "main.transaction", "fields": {"type": "WITHDRAWAL", "executed_date": "2015-09-12T19:45:16.743Z", "from_account": null, "to_account": null, "status": "EXECUTED", "amount": -5366.2258378463, "account": 1, "created_date": "2015-09-11T18:48:47.581Z"}}, {"pk": 48, "model": "main.transaction", "fields": {"type": "DEPOSIT", "executed_date": "2015-09-12T19:40:55.905Z", "from_account": null, "to_account": null, "status": "EXECUTED", "amount": 97993.5507124301, "account": 1, "created_date": "2015-09-12T19:40:22.693Z"}}, {"pk": 49, "model": "main.transaction", "fields": {"type": "FEE", "executed_date": "2015-09-12T19:40:55.908Z", "from_account": null, "to_account": null, "status": "EXECUTED", "amount": 6033.57296, "account": 1, "created_date": "2015-09-12T19:40:55.909Z"}}, {"pk": 50, "model": "main.transaction", "fields": {"type": "FEE", "executed_date": "2015-09-12T19:45:16.746Z", "from_account": null, "to_account": null, "status": "EXECUTED", "amount": 5666.2258378463, "account": 1, "created_date": "2015-09-12T19:45:16.747Z"}}, {"pk": 51, "model": "main.transaction", "fields": {"type": "FEE", "executed_date": "2015-09-12T19:59:22.308Z", "from_account": null, "to_account": null, "status": "EXECUTED", "amount": 5.8, "account": 1, "created_date": "2015-09-12T19:59:22.308Z"}}, {"pk": 52, "model": "main.transaction", "fields": {"type": "FEE", "executed_date": "2015-09-12T20:00:31.632Z", "from_account": null, "to_account": null, "status": "EXECUTED", "amount": 464.0, "account": 4, "created_date": "2015-09-12T20:00:31.632Z"}}, {"pk": 53, "model": "main.transaction", "fields": {"type": "FEE", "executed_date": "2015-09-12T20:08:04.813Z", "from_account": null, "to_account": null, "status": "EXECUTED", "amount": 280.836, "account": 1, "created_date": "2015-09-12T20:08:04.813Z"}}, {"pk": 57, "model": "main.transaction", "fields": {"type": "WITHDRAWAL", "executed_date": "2015-09-12T20:16:36.532Z", "from_account": null, "to_account": null, "status": "EXECUTED", "amount": 12049.7674820916, "account": 1, "created_date": "2015-09-12T20:14:42.163Z"}}, {"pk": 58, "model": "main.transaction", "fields": {"type": "FEE", "executed_date": "2015-09-12T20:16:36.536Z", "from_account": null, "to_account": null, "status": "EXECUTED", "amount": 4950.23251790838, "account": 1, "created_date": "2015-09-12T20:16:36.536Z"}}, {"pk": 59, "model": "main.transaction", "fields": {"type": "WITHDRAWAL", "executed_date": "2015-09-12T20:19:07.930Z", "from_account": null, "to_account": null, "status": "EXECUTED", "amount": 339.767212146849, "account": 1, "created_date": "2015-09-12T20:18:26.623Z"}}, {"pk": 60, "model": "main.transaction", "fields": {"type": "FEE", "executed_date": "2015-09-12T20:19:07.934Z", "from_account": null, "to_account": null, "status": "EXECUTED", "amount": 4660.23278785315, "account": 1, "created_date": "2015-09-12T20:19:07.935Z"}}, {"pk": 61, "model": "main.transaction", "fields": {"type": "WITHDRAWAL", "executed_date": "2015-09-12T20:27:26.046Z", "from_account": null, "to_account": null, "status": "EXECUTED", "amount": 123684.598185881, "account": 1, "created_date": "2015-09-12T20:21:57.270Z"}}, {"pk": 62, "model": "main.transaction", "fields": {"type": "DEPOSIT", "executed_date": "2015-09-12T20:26:34.782Z", "from_account": null, "to_account": null, "status": "EXECUTED", "amount": 141299.995097151, "account": 1, "created_date": "2015-09-12T20:26:09.794Z"}}, {"pk": 63, "model": "main.transaction", "fields": {"type": "FEE", "executed_date": "2015-09-12T20:26:34.785Z", "from_account": null, "to_account": null, "status": "EXECUTED", "amount": 8700.0, "account": 1, "created_date": "2015-09-12T20:26:34.785Z"}}, {"pk": 64, "model": "main.transaction", "fields": {"type": "FEE", "executed_date": "2015-09-12T20:27:26.051Z", "from_account": null, "to_account": null, "status": "EXECUTED", "amount": 7615.39988830266, "account": 1, "created_date": "2015-09-12T20:27:26.051Z"}}, {"pk": 65, "model": "main.transaction", "fields": {"type": "FEE", "executed_date": "2015-09-13T06:56:30.321Z", "from_account": null, "to_account": null, "status": "EXECUTED", "amount": 3000.0, "account": 9, "created_date": "2015-09-13T06:56:30.321Z"}}, {"pk": 66, "model": "main.transaction", "fields": {"type": "WITHDRAWAL", "executed_date": "2015-09-13T06:59:43.770Z", "from_account": null, "to_account": null, "status": "EXECUTED", "amount": -4710.00470660627, "account": 1, "created_date": "2015-09-13T06:59:18.544Z"}}, {"pk": 67, "model": "main.transaction", "fields": {"type": "FEE", "executed_date": "2015-09-13T06:59:43.775Z", "from_account": null, "to_account": null, "status": "EXECUTED", "amount": -290.000289791044, "account": 1, "created_date": "2015-09-13T06:59:43.776Z"}}, {"pk": 68, "model": "main.transaction", "fields": {"type": "WITHDRAWAL", "executed_date": "2015-09-13T07:03:45.192Z", "from_account": null, "to_account": null, "status": "EXECUTED", "amount": 32969.9968810524, "account": 1, "created_date": "2015-09-13T07:03:19.383Z"}}, {"pk": 69, "model": "main.transaction", "fields": {"type": "FEE", "executed_date": "2015-09-13T07:03:45.196Z", "from_account": null, "to_account": null, "status": "EXECUTED", "amount": 2029.99980796289, "account": 1, "created_date": "2015-09-13T07:03:45.196Z"}}, {"pk": 70, "model": "main.transaction", "fields": {"type": "ALLOCATION", "executed_date": "2015-09-13T07:40:08.624Z", "from_account": null, "to_account": null, "status": "EXECUTED", "amount": 0.86, "account": 1, "created_date": "2015-09-13T07:05:20.463Z"}}, {"pk": 71, "model": "main.transaction", "fields": {"type": "FEE", "executed_date": "2015-09-13T07:40:08.630Z", "from_account": null, "to_account": null, "status": "EXECUTED", "amount": 0.0, "account": 1, "created_date": "2015-09-13T07:40:08.631Z"}}, {"pk": 72, "model": "main.transaction", "fields": {"type": "ALLOCATION", "executed_date": "2015-09-13T07:43:28.788Z", "from_account": null, "to_account": null, "status": "EXECUTED", "amount": 0.23, "account": 4, "created_date": "2015-09-13T07:40:56.535Z"}}, {"pk": 73, "model": "main.transaction", "fields": {"type": "DEPOSIT", "executed_date": "2015-09-13T13:15:56.760Z", "from_account": null, "to_account": null, "status": "EXECUTED", "amount": 106446.000357779, "account": 1, "created_date": "2015-09-13T13:14:24.473Z"}}, {"pk": 75, "model": "main.transaction", "fields": {"type": "FEE", "executed_date": "2015-09-13T13:15:56.763Z", "from_account": null, "to_account": null, "status": "EXECUTED", "amount": 6554.0, "account": 1, "created_date": "2015-09-13T13:15:56.763Z"}}, {"pk": 76, "model": "main.transaction", "fields": {"type": "ALLOCATION", "executed_date": "2015-09-13T13:17:52.952Z", "from_account": null, "to_account": null, "status": "EXECUTED", "amount": 0.75, "account": 1, "created_date": "2015-09-13T13:17:11.407Z"}}, {"pk": 77, "model": "main.transaction", "fields": {"type": "ALLOCATION", "executed_date": "2015-09-13T13:25:44.027Z", "from_account": null, "to_account": null, "status": "EXECUTED", "amount": 0.32, "account": 4, "created_date": "2015-09-13T13:24:46.253Z"}}, {"pk": 78, "model": "main.transaction", "fields": {"type": "ALLOCATION", "executed_date": "2015-09-14T10:42:52.581Z", "from_account": null, "to_account": null, "status": "EXECUTED", "amount": 0.58, "account": 1, "created_date": "2015-09-13T14:02:16.889Z"}}, {"pk": 82, "model": "main.transaction", "fields": {"type": "DEPOSIT", "executed_date": "2015-09-14T13:31:52.530Z", "from_account": null, "to_account": null, "status": "EXECUTED", "amount": 20037.1336221617, "account": 4, "created_date": "2015-09-14T13:22:56.679Z"}}, {"pk": 83, "model": "main.transaction", "fields": {"type": "ALLOCATION", "executed_date": "2015-09-14T13:31:43.971Z", "from_account": null, "to_account": null, "status": "EXECUTED", "amount": 0.4, "account": 4, "created_date": "2015-09-14T13:23:42.384Z"}}, {"pk": 84, "model": "main.transaction", "fields": {"type": "DEPOSIT", "executed_date": "2015-09-14T13:31:34.057Z", "from_account": null, "to_account": null, "status": "EXECUTED", "amount": 66690.2592197298, "account": 1, "created_date": "2015-09-14T13:24:32.138Z"}}, {"pk": 86, "model": "main.transaction", "fields": {"type": "ALLOCATION", "executed_date": "2015-09-14T13:31:14.594Z", "from_account": null, "to_account": null, "status": "EXECUTED", "amount": 0.77, "account": 1, "created_date": "2015-09-14T13:25:08.584Z"}}, {"pk": 87, "model": "main.transaction", "fields": {"type": "FEE", "executed_date": "2015-09-14T13:31:34.061Z", "from_account": null, "to_account": null, "status": "EXECUTED", "amount": 4106.1941, "account": 1, "created_date": "2015-09-14T13:31:34.061Z"}}, {"pk": 88, "model": "main.transaction", "fields": {"type": "FEE", "executed_date": "2015-09-14T13:31:52.533Z", "from_account": null, "to_account": null, "status": "EXECUTED", "amount": 1233.70872, "account": 4, "created_date": "2015-09-14T13:31:52.533Z"}}, {"pk": 89, "model": "main.transaction", "fields": {"type": "DEPOSIT", "executed_date": "2015-09-14T13:40:18.688Z", "from_account": null, "to_account": null, "status": "EXECUTED", "amount": 7536.00435902513, "account": 1, "created_date": "2015-09-14T13:33:31.204Z"}}, {"pk": 90, "model": "main.transaction", "fields": {"type": "DEPOSIT", "executed_date": "2015-09-14T13:40:13.208Z", "from_account": null, "to_account": null, "status": "EXECUTED", "amount": 1046.5556531648, "account": 1, "created_date": "2015-09-14T13:33:55.730Z"}}, {"pk": 91, "model": "main.transaction", "fields": {"type": "DEPOSIT", "executed_date": "2015-09-14T13:40:07.671Z", "from_account": null, "to_account": null, "status": "EXECUTED", "amount": 4281.3876279979, "account": 1, "created_date": "2015-09-14T13:34:20.550Z"}}, {"pk": 92, "model": "main.transaction", "fields": {"type": "DEPOSIT", "executed_date": "2015-09-14T13:40:02.439Z", "from_account": null, "to_account": null, "status": "EXECUTED", "amount": 512.445522847687, "account": 4, "created_date": "2015-09-14T13:39:08.397Z"}}, {"pk": 93, "model": "main.transaction", "fields": {"type": "DEPOSIT", "executed_date": "2015-09-14T13:39:55.570Z", "from_account": null, "to_account": null, "status": "EXECUTED", "amount": 172.199149657019, "account": 4, "created_date": "2015-09-14T13:39:36.895Z"}}, {"pk": 94, "model": "main.transaction", "fields": {"type": "FEE", "executed_date": "2015-09-14T13:39:55.574Z", "from_account": null, "to_account": null, "status": "EXECUTED", "amount": 10.6024, "account": 4, "created_date": "2015-09-14T13:39:55.574Z"}}, {"pk": 95, "model": "main.transaction", "fields": {"type": "FEE", "executed_date": "2015-09-14T13:40:02.442Z", "from_account": null, "to_account": null, "status": "EXECUTED", "amount": 31.552, "account": 4, "created_date": "2015-09-14T13:40:02.443Z"}}, {"pk": 96, "model": "main.transaction", "fields": {"type": "FEE", "executed_date": "2015-09-14T13:40:07.674Z", "from_account": null, "to_account": null, "status": "EXECUTED", "amount": 263.61, "account": 1, "created_date": "2015-09-14T13:40:07.675Z"}}, {"pk": 97, "model": "main.transaction", "fields": {"type": "FEE", "executed_date": "2015-09-14T13:40:13.211Z", "from_account": null, "to_account": null, "status": "EXECUTED", "amount": 64.438, "account": 1, "created_date": "2015-09-14T13:40:13.211Z"}}, {"pk": 98, "model": "main.transaction", "fields": {"type": "FEE", "executed_date": "2015-09-14T13:40:18.691Z", "from_account": null, "to_account": null, "status": "EXECUTED", "amount": 464.0, "account": 1, "created_date": "2015-09-14T13:40:18.692Z"}}, {"pk": 99, "model": "main.transaction", "fields": {"type": "FEE", "executed_date": "2015-09-14T13:40:28.475Z", "from_account": null, "to_account": null, "status": "EXECUTED", "amount": 11.6, "account": 1, "created_date": "2015-09-14T13:40:28.475Z"}}, {"pk": 100, "model": "main.transaction", "fields": {"type": "ALLOCATION", "executed_date": "2015-09-14T13:41:55.682Z", "from_account": null, "to_account": null, "status": "EXECUTED", "amount": 0.87, "account": 4, "created_date": "2015-09-14T13:41:25.897Z"}}, {"pk": 5, "model": "main.transactionmemo", "fields": {"category": "unspecified", "comment": "jjjjh", "transaction": 46, "transaction_type": "WITHDRAWAL"}}, {"pk": 6, "model": "main.transactionmemo", "fields": {"category": "unspecified", "comment": "", "transaction": 78, "transaction_type": "ALLOCATION_CHANGE"}}, {"pk": 7, "model": "main.transactionmemo", "fields": {"category": "unspecified", "comment": "", "transaction": 86, "transaction_type": "ALLOCATION_CHANGE"}}, {"pk": 1, "model": "main.automaticdeposit", "fields": {"transaction_date_time_2": "2015-09-21T08:00:00Z", "last_plan_change": "2015-09-14T13:33:13.162Z", "amount": 77.28, "frequency": "TWICE_A_MONTH", "enabled": true, "account": 1, "transaction_date_time_1": "2015-09-07T08:00:00Z", "created_at": "2015-09-11T13:46:06.170Z"}}, {"pk": 3, "model": "main.automaticdeposit", "fields": {"transaction_date_time_2": null, "last_plan_change": "2015-09-11T14:57:33.808Z", "amount": 834.76, "frequency": "MONTHLY", "enabled": true, "account": 9, "transaction_date_time_1": "2015-09-15T14:00:00Z", "created_at": "2015-09-11T14:57:33.808Z"}}, {"pk": 4, "model": "main.automaticdeposit", "fields": {"transaction_date_time_2": null, "last_plan_change": "2015-09-14T13:41:25.915Z", "amount": 181.91, "frequency": "MONTHLY", "enabled": true, "account": 4, "transaction_date_time_1": "2015-09-25T12:00:00Z", "created_at": "2015-09-11T14:59:10.391Z"}}, {"pk": 1, "model": "auth.permission", "fields": {"name": "Can add permission", "codename": "add_permission", "content_type": 1}}, {"pk": 2, "model": "auth.permission", "fields": {"name": "Can change permission", "codename": "change_permission", "content_type": 1}}, {"pk": 3, "model": "auth.permission", "fields": {"name": "Can delete permission", "codename": "delete_permission", "content_type": 1}}, {"pk": 4, "model": "auth.permission", "fields": {"name": "Can add group", "codename": "add_group", "content_type": 2}}, {"pk": 5, "model": "auth.permission", "fields": {"name": "Can change group", "codename": "change_group", "content_type": 2}}, {"pk": 6, "model": "auth.permission", "fields": {"name": "Can delete group", "codename": "delete_group", "content_type": 2}}, {"pk": 7, "model": "auth.permission", "fields": {"name": "Can add content type", "codename": "add_contenttype", "content_type": 3}}, {"pk": 8, "model": "auth.permission", "fields": {"name": "Can change content type", "codename": "change_contenttype", "content_type": 3}}, {"pk": 9, "model": "auth.permission", "fields": {"name": "Can delete content type", "codename": "delete_contenttype", "content_type": 3}}, {"pk": 10, "model": "auth.permission", "fields": {"name": "Can add session", "codename": "add_session", "content_type": 4}}, {"pk": 11, "model": "auth.permission", "fields": {"name": "Can change session", "codename": "change_session", "content_type": 4}}, {"pk": 12, "model": "auth.permission", "fields": {"name": "Can delete session", "codename": "delete_session", "content_type": 4}}, {"pk": 13, "model": "auth.permission", "fields": {"name": "Can add log entry", "codename": "add_logentry", "content_type": 5}}, {"pk": 14, "model": "auth.permission", "fields": {"name": "Can change log entry", "codename": "change_logentry", "content_type": 5}}, {"pk": 15, "model": "auth.permission", "fields": {"name": "Can delete log entry", "codename": "delete_logentry", "content_type": 5}}, {"pk": 16, "model": "auth.permission", "fields": {"name": "Can add user", "codename": "add_user", "content_type": 6}}, {"pk": 17, "model": "auth.permission", "fields": {"name": "Can change user", "codename": "change_user", "content_type": 6}}, {"pk": 18, "model": "auth.permission", "fields": {"name": "Can delete user", "codename": "delete_user", "content_type": 6}}, {"pk": 19, "model": "auth.permission", "fields": {"name": "Can add firm", "codename": "add_firm", "content_type": 7}}, {"pk": 20, "model": "auth.permission", "fields": {"name": "Can change firm", "codename": "change_firm", "content_type": 7}}, {"pk": 21, "model": "auth.permission", "fields": {"name": "Can delete firm", "codename": "delete_firm", "content_type": 7}}, {"pk": 22, "model": "auth.permission", "fields": {"name": "Can add firm data", "codename": "add_firmdata", "content_type": 8}}, {"pk": 23, "model": "auth.permission", "fields": {"name": "Can change firm data", "codename": "change_firmdata", "content_type": 8}}, {"pk": 24, "model": "auth.permission", "fields": {"name": "Can delete firm data", "codename": "delete_firmdata", "content_type": 8}}, {"pk": 25, "model": "auth.permission", "fields": {"name": "Can add advisor", "codename": "add_advisor", "content_type": 9}}, {"pk": 26, "model": "auth.permission", "fields": {"name": "Can change advisor", "codename": "change_advisor", "content_type": 9}}, {"pk": 27, "model": "auth.permission", "fields": {"name": "Can delete advisor", "codename": "delete_advisor", "content_type": 9}}, {"pk": 28, "model": "auth.permission", "fields": {"name": "Can add client", "codename": "add_client", "content_type": 10}}, {"pk": 29, "model": "auth.permission", "fields": {"name": "Can change client", "codename": "change_client", "content_type": 10}}, {"pk": 30, "model": "auth.permission", "fields": {"name": "Can delete client", "codename": "delete_client", "content_type": 10}}, {"pk": 31, "model": "auth.permission", "fields": {"name": "Can add asset class", "codename": "add_assetclass", "content_type": 11}}, {"pk": 32, "model": "auth.permission", "fields": {"name": "Can change asset class", "codename": "change_assetclass", "content_type": 11}}, {"pk": 33, "model": "auth.permission", "fields": {"name": "Can delete asset class", "codename": "delete_assetclass", "content_type": 11}}, {"pk": 34, "model": "auth.permission", "fields": {"name": "Can add ticker", "codename": "add_ticker", "content_type": 12}}, {"pk": 35, "model": "auth.permission", "fields": {"name": "Can change ticker", "codename": "change_ticker", "content_type": 12}}, {"pk": 36, "model": "auth.permission", "fields": {"name": "Can delete ticker", "codename": "delete_ticker", "content_type": 12}}, {"pk": 40, "model": "auth.permission", "fields": {"name": "Can add Asset class", "codename": "add_proxyassetclass", "content_type": 11}}, {"pk": 41, "model": "auth.permission", "fields": {"name": "Can change Asset class", "codename": "change_proxyassetclass", "content_type": 11}}, {"pk": 42, "model": "auth.permission", "fields": {"name": "Can delete Asset class", "codename": "delete_proxyassetclass", "content_type": 11}}, {"pk": 43, "model": "auth.permission", "fields": {"name": "Can add Tickers", "codename": "add_proxyticker", "content_type": 12}}, {"pk": 44, "model": "auth.permission", "fields": {"name": "Can change Tickers", "codename": "change_proxyticker", "content_type": 12}}, {"pk": 45, "model": "auth.permission", "fields": {"name": "Can delete Tickers", "codename": "delete_proxyticker", "content_type": 12}}, {"pk": 46, "model": "auth.permission", "fields": {"name": "Can add email invitation", "codename": "add_emailinvitation", "content_type": 16}}, {"pk": 47, "model": "auth.permission", "fields": {"name": "Can change email invitation", "codename": "change_emailinvitation", "content_type": 16}}, {"pk": 48, "model": "auth.permission", "fields": {"name": "Can delete email invitation", "codename": "delete_emailinvitation", "content_type": 16}}, {"pk": 52, "model": "auth.permission", "fields": {"name": "Can add account group", "codename": "add_accountgroup", "content_type": 18}}, {"pk": 53, "model": "auth.permission", "fields": {"name": "Can change account group", "codename": "change_accountgroup", "content_type": 18}}, {"pk": 54, "model": "auth.permission", "fields": {"name": "Can delete account group", "codename": "delete_accountgroup", "content_type": 18}}, {"pk": 55, "model": "auth.permission", "fields": {"name": "Can add client account", "codename": "add_clientaccount", "content_type": 19}}, {"pk": 56, "model": "auth.permission", "fields": {"name": "Can change client account", "codename": "change_clientaccount", "content_type": 19}}, {"pk": 57, "model": "auth.permission", "fields": {"name": "Can delete client account", "codename": "delete_clientaccount", "content_type": 19}}, {"pk": 61, "model": "auth.permission", "fields": {"name": "Can add goal", "codename": "add_goal", "content_type": 21}}, {"pk": 62, "model": "auth.permission", "fields": {"name": "Can change goal", "codename": "change_goal", "content_type": 21}}, {"pk": 63, "model": "auth.permission", "fields": {"name": "Can delete goal", "codename": "delete_goal", "content_type": 21}}, {"pk": 64, "model": "auth.permission", "fields": {"name": "Can add authorised representative", "codename": "add_authorisedrepresentative", "content_type": 22}}, {"pk": 65, "model": "auth.permission", "fields": {"name": "Can change authorised representative", "codename": "change_authorisedrepresentative", "content_type": 22}}, {"pk": 66, "model": "auth.permission", "fields": {"name": "Can delete authorised representative", "codename": "delete_authorisedrepresentative", "content_type": 22}}, {"pk": 67, "model": "auth.permission", "fields": {"name": "Can add platform", "codename": "add_platform", "content_type": 23}}, {"pk": 68, "model": "auth.permission", "fields": {"name": "Can change platform", "codename": "change_platform", "content_type": 23}}, {"pk": 69, "model": "auth.permission", "fields": {"name": "Can delete platform", "codename": "delete_platform", "content_type": 23}}, {"pk": 70, "model": "auth.permission", "fields": {"name": "Can add portfolio set", "codename": "add_portfolioset", "content_type": 24}}, {"pk": 71, "model": "auth.permission", "fields": {"name": "Can change portfolio set", "codename": "change_portfolioset", "content_type": 24}}, {"pk": 72, "model": "auth.permission", "fields": {"name": "Can delete portfolio set", "codename": "delete_portfolioset", "content_type": 24}}, {"pk": 73, "model": "auth.permission", "fields": {"name": "Can add transaction", "codename": "add_transaction", "content_type": 25}}, {"pk": 74, "model": "auth.permission", "fields": {"name": "Can change transaction", "codename": "change_transaction", "content_type": 25}}, {"pk": 75, "model": "auth.permission", "fields": {"name": "Can delete transaction", "codename": "delete_transaction", "content_type": 25}}, {"pk": 76, "model": "auth.permission", "fields": {"name": "Can add position", "codename": "add_position", "content_type": 26}}, {"pk": 77, "model": "auth.permission", "fields": {"name": "Can change position", "codename": "change_position", "content_type": 26}}, {"pk": 78, "model": "auth.permission", "fields": {"name": "Can delete position", "codename": "delete_position", "content_type": 26}}, {"pk": 79, "model": "auth.permission", "fields": {"name": "Can add portfolio by risk", "codename": "add_portfoliobyrisk", "content_type": 27}}, {"pk": 80, "model": "auth.permission", "fields": {"name": "Can change portfolio by risk", "codename": "change_portfoliobyrisk", "content_type": 27}}, {"pk": 81, "model": "auth.permission", "fields": {"name": "Can delete portfolio by risk", "codename": "delete_portfoliobyrisk", "content_type": 27}}, {"pk": 82, "model": "auth.permission", "fields": {"name": "Can add view", "codename": "add_view", "content_type": 28}}, {"pk": 83, "model": "auth.permission", "fields": {"name": "Can change view", "codename": "change_view", "content_type": 28}}, {"pk": 84, "model": "auth.permission", "fields": {"name": "Can delete view", "codename": "delete_view", "content_type": 28}}, {"pk": 85, "model": "auth.permission", "fields": {"name": "Can add transaction memo", "codename": "add_transactionmemo", "content_type": 29}}, {"pk": 86, "model": "auth.permission", "fields": {"name": "Can change transaction memo", "codename": "change_transactionmemo", "content_type": 29}}, {"pk": 87, "model": "auth.permission", "fields": {"name": "Can delete transaction memo", "codename": "delete_transactionmemo", "content_type": 29}}, {"pk": 88, "model": "auth.permission", "fields": {"name": "Can add automatic deposit", "codename": "add_automaticdeposit", "content_type": 30}}, {"pk": 89, "model": "auth.permission", "fields": {"name": "Can change automatic deposit", "codename": "change_automaticdeposit", "content_type": 30}}, {"pk": 90, "model": "auth.permission", "fields": {"name": "Can delete automatic deposit", "codename": "delete_automaticdeposit", "content_type": 30}}, {"pk": 1, "model": "auth.group", "fields": {"name": "Traders", "permissions": [56]}}, {"pk": 1, "model": "portfolios.portfolioset", "fields": {"risk_free_rate": 0.025, "name": "default", "tau": 0.07, "asset_classes": [1, 2, 3, 5, 7, 6, 4, 8, 10, 15, 20, 12, 18, 16, 17, 19, 9, 11, 13, 22, 23, 21, 14]}}, {"pk": 7541, "model": "portfolios.portfoliobyrisk", "fields": {"volatility": 6.0187, "expected_return": -7.3, "portfolio_set": 1, "allocations": "{\"UK_TOTAL_MARKET_BONDS\": 0.0, \"CN_TOTAL_MARKET_BONDS\": 0.75, \"AUS_SMALL_CAP_VALUE_STOCKS\": 0.0, \"ASIA_EXJAP_TOTAL_MARKET_BONDS\": 0.0, \"US_TOTAL_MARKET_STOCKS\": 0.0, \"JAP_TOTAL_MARKET_STOCKS\": 0.0, \"ASIA_EXJAP_TOTAL_MARKET_STOCKS\": 0.0, \"EMERGING_MARKETS_BONDS\": 0.0, \"EUR_TOTAL_MARKET_BONDS\": 0.0, \"INTERNATIONAL_BONDS\": 0.0, \"UK_TOTAL_MARKET_STOCKS\": 0.0, \"GLOBAL_MARKETS_STOCKS\": 0.0, \"US_TOTAL_MARKET_BONDS\": 0.0, \"AUS_HIGH_YIELD_STOCKS\": 0.0, \"AUS_MUNICIPAL_BONDS\": 0.25, \"INFLATION_PROTECTED_BONDS\": 0.0, \"AUS_LARGE_CAP_VALUE_STOCKS\": 0.0, \"AUS_GOVT_BONDS\": 0.0, \"EUR_TOTAL_MARKET_STOCKS\": 0.0, \"AUS_CORPORATE_BONDS\": 0.0, \"CN_TOTAL_MARKET_STOCKS\": 0.0, \"EMERGING_MARKETS_STOCKS\": 0.0, \"AUS_TOTAL_MARKET_STOCKS\": 0.0}", "risk": 0.0}}, {"pk": 7542, "model": "portfolios.portfoliobyrisk", "fields": {"volatility": 5.919, "expected_return": -7.04, "portfolio_set": 1, "allocations": "{\"UK_TOTAL_MARKET_BONDS\": 0.75, \"CN_TOTAL_MARKET_BONDS\": 0.0, \"AUS_SMALL_CAP_VALUE_STOCKS\": 0.0, \"ASIA_EXJAP_TOTAL_MARKET_BONDS\": 0.0, \"US_TOTAL_MARKET_STOCKS\": 0.0, \"JAP_TOTAL_MARKET_STOCKS\": 0.0, \"ASIA_EXJAP_TOTAL_MARKET_STOCKS\": 0.0, \"EMERGING_MARKETS_BONDS\": 0.0, \"EUR_TOTAL_MARKET_BONDS\": 0.0, \"INTERNATIONAL_BONDS\": 0.0, \"UK_TOTAL_MARKET_STOCKS\": 0.0, \"GLOBAL_MARKETS_STOCKS\": 0.0, \"US_TOTAL_MARKET_BONDS\": 0.0, \"AUS_HIGH_YIELD_STOCKS\": 0.0, \"AUS_MUNICIPAL_BONDS\": 0.0, \"INFLATION_PROTECTED_BONDS\": 0.0, \"AUS_LARGE_CAP_VALUE_STOCKS\": 0.01, \"AUS_GOVT_BONDS\": 0.0, \"EUR_TOTAL_MARKET_STOCKS\": 0.0, \"AUS_CORPORATE_BONDS\": 0.24, \"CN_TOTAL_MARKET_STOCKS\": 0.0, \"EMERGING_MARKETS_STOCKS\": 0.0, \"AUS_TOTAL_MARKET_STOCKS\": 0.0}", "risk": 0.01}}, {"pk": 7543, "model": "portfolios.portfoliobyrisk", "fields": {"volatility": 5.8223, "expected_return": -6.78, "portfolio_set": 1, "allocations": "{\"UK_TOTAL_MARKET_BONDS\": 0.3127, \"CN_TOTAL_MARKET_BONDS\": 0.4373, \"AUS_SMALL_CAP_VALUE_STOCKS\": 0.02, \"ASIA_EXJAP_TOTAL_MARKET_BONDS\": 0.0, \"US_TOTAL_MARKET_STOCKS\": 0.0, \"JAP_TOTAL_MARKET_STOCKS\": 0.0, \"ASIA_EXJAP_TOTAL_MARKET_STOCKS\": 0.0, \"EMERGING_MARKETS_BONDS\": 0.0, \"EUR_TOTAL_MARKET_BONDS\": 0.0, \"INTERNATIONAL_BONDS\": 0.0, \"UK_TOTAL_MARKET_STOCKS\": 0.0, \"GLOBAL_MARKETS_STOCKS\": 0.0, \"US_TOTAL_MARKET_BONDS\": 0.0, \"AUS_HIGH_YIELD_STOCKS\": 0.0, \"AUS_MUNICIPAL_BONDS\": 0.0, \"INFLATION_PROTECTED_BONDS\": 0.0, \"AUS_LARGE_CAP_VALUE_STOCKS\": 0.0, \"AUS_GOVT_BONDS\": 0.0, \"EUR_TOTAL_MARKET_STOCKS\": 0.0, \"AUS_CORPORATE_BONDS\": 0.23, \"CN_TOTAL_MARKET_STOCKS\": 0.0, \"EMERGING_MARKETS_STOCKS\": 0.0, \"AUS_TOTAL_MARKET_STOCKS\": 0.0}", "risk": 0.02}}, {"pk": 7544, "model": "portfolios.portfoliobyrisk", "fields": {"volatility": 5.7277, "expected_return": -6.53, "portfolio_set": 1, "allocations": "{\"UK_TOTAL_MARKET_BONDS\": 0.75, \"CN_TOTAL_MARKET_BONDS\": 0.0, \"AUS_SMALL_CAP_VALUE_STOCKS\": 0.0, \"ASIA_EXJAP_TOTAL_MARKET_BONDS\": 0.0, \"US_TOTAL_MARKET_STOCKS\": 0.0, \"JAP_TOTAL_MARKET_STOCKS\": 0.0, \"ASIA_EXJAP_TOTAL_MARKET_STOCKS\": 0.0, \"EMERGING_MARKETS_BONDS\": 0.0, \"EUR_TOTAL_MARKET_BONDS\": 0.0, \"INTERNATIONAL_BONDS\": 0.0, \"UK_TOTAL_MARKET_STOCKS\": 0.0, \"GLOBAL_MARKETS_STOCKS\": 0.0, \"US_TOTAL_MARKET_BONDS\": 0.0, \"AUS_HIGH_YIELD_STOCKS\": 0.0, \"AUS_MUNICIPAL_BONDS\": 0.0, \"INFLATION_PROTECTED_BONDS\": 0.22, \"AUS_LARGE_CAP_VALUE_STOCKS\": 0.03, \"AUS_GOVT_BONDS\": 0.0, \"EUR_TOTAL_MARKET_STOCKS\": 0.0, \"AUS_CORPORATE_BONDS\": 0.0, \"CN_TOTAL_MARKET_STOCKS\": 0.0, \"EMERGING_MARKETS_STOCKS\": 0.0, \"AUS_TOTAL_MARKET_STOCKS\": 0.0}", "risk": 0.03}}, {"pk": 7545, "model": "portfolios.portfoliobyrisk", "fields": {"volatility": 5.6336, "expected_return": -6.3, "portfolio_set": 1, "allocations": "{\"UK_TOTAL_MARKET_BONDS\": 0.0, \"CN_TOTAL_MARKET_BONDS\": 0.71, \"AUS_SMALL_CAP_VALUE_STOCKS\": 0.0, \"ASIA_EXJAP_TOTAL_MARKET_BONDS\": 0.0, \"US_TOTAL_MARKET_STOCKS\": 0.0, \"JAP_TOTAL_MARKET_STOCKS\": 0.0, \"ASIA_EXJAP_TOTAL_MARKET_STOCKS\": 0.0, \"EMERGING_MARKETS_BONDS\": 0.0, \"EUR_TOTAL_MARKET_BONDS\": 0.0, \"INTERNATIONAL_BONDS\": 0.0, \"UK_TOTAL_MARKET_STOCKS\": 0.0, \"GLOBAL_MARKETS_STOCKS\": 0.0, \"US_TOTAL_MARKET_BONDS\": 0.0, \"AUS_HIGH_YIELD_STOCKS\": 0.0, \"AUS_MUNICIPAL_BONDS\": 0.25, \"INFLATION_PROTECTED_BONDS\": 0.0, \"AUS_LARGE_CAP_VALUE_STOCKS\": 0.0, \"AUS_GOVT_BONDS\": 0.0, \"EUR_TOTAL_MARKET_STOCKS\": 0.0, \"AUS_CORPORATE_BONDS\": 0.0, \"CN_TOTAL_MARKET_STOCKS\": 0.04, \"EMERGING_MARKETS_STOCKS\": 0.0, \"AUS_TOTAL_MARKET_STOCKS\": 0.0}", "risk": 0.04}}, {"pk": 7546, "model": "portfolios.portfoliobyrisk", "fields": {"volatility": 5.5374, "expected_return": -6.1, "portfolio_set": 1, "allocations": "{\"UK_TOTAL_MARKET_BONDS\": 0.4965, \"CN_TOTAL_MARKET_BONDS\": 0.0, \"AUS_SMALL_CAP_VALUE_STOCKS\": 0.0, \"ASIA_EXJAP_TOTAL_MARKET_BONDS\": 0.2535, \"US_TOTAL_MARKET_STOCKS\": 0.0, \"JAP_TOTAL_MARKET_STOCKS\": 0.0, \"ASIA_EXJAP_TOTAL_MARKET_STOCKS\": 0.0, \"EMERGING_MARKETS_BONDS\": 0.0, \"EUR_TOTAL_MARKET_BONDS\": 0.0, \"INTERNATIONAL_BONDS\": 0.0, \"UK_TOTAL_MARKET_STOCKS\": 0.0, \"GLOBAL_MARKETS_STOCKS\": 0.0, \"US_TOTAL_MARKET_BONDS\": 0.0, \"AUS_HIGH_YIELD_STOCKS\": 0.0, \"AUS_MUNICIPAL_BONDS\": 0.0, \"INFLATION_PROTECTED_BONDS\": 0.2, \"AUS_LARGE_CAP_VALUE_STOCKS\": 0.05, \"AUS_GOVT_BONDS\": 0.0, \"EUR_TOTAL_MARKET_STOCKS\": 0.0, \"AUS_CORPORATE_BONDS\": 0.0, \"CN_TOTAL_MARKET_STOCKS\": 0.0, \"EMERGING_MARKETS_STOCKS\": 0.0, \"AUS_TOTAL_MARKET_STOCKS\": 0.0}", "risk": 0.05}}, {"pk": 7547, "model": "portfolios.portfoliobyrisk", "fields": {"volatility": 5.4372, "expected_return": -5.94, "portfolio_set": 1, "allocations": "{\"UK_TOTAL_MARKET_BONDS\": 0.75, \"CN_TOTAL_MARKET_BONDS\": 0.0, \"AUS_SMALL_CAP_VALUE_STOCKS\": 0.0, \"ASIA_EXJAP_TOTAL_MARKET_BONDS\": 0.0, \"US_TOTAL_MARKET_STOCKS\": 0.0, \"JAP_TOTAL_MARKET_STOCKS\": 0.0, \"ASIA_EXJAP_TOTAL_MARKET_STOCKS\": 0.0, \"EMERGING_MARKETS_BONDS\": 0.0, \"EUR_TOTAL_MARKET_BONDS\": 0.0, \"INTERNATIONAL_BONDS\": 0.0, \"UK_TOTAL_MARKET_STOCKS\": 0.0, \"GLOBAL_MARKETS_STOCKS\": 0.0, \"US_TOTAL_MARKET_BONDS\": 0.0, \"AUS_HIGH_YIELD_STOCKS\": 0.0, \"AUS_MUNICIPAL_BONDS\": 0.0, \"INFLATION_PROTECTED_BONDS\": 0.0, \"AUS_LARGE_CAP_VALUE_STOCKS\": 0.06, \"AUS_GOVT_BONDS\": 0.0, \"EUR_TOTAL_MARKET_STOCKS\": 0.0, \"AUS_CORPORATE_BONDS\": 0.19, \"CN_TOTAL_MARKET_STOCKS\": 0.0, \"EMERGING_MARKETS_STOCKS\": 0.0, \"AUS_TOTAL_MARKET_STOCKS\": 0.0}", "risk": 0.06}}, {"pk": 7548, "model": "portfolios.portfoliobyrisk", "fields": {"volatility": 5.3349, "expected_return": -5.82, "portfolio_set": 1, "allocations": "{\"UK_TOTAL_MARKET_BONDS\": 0.75, \"CN_TOTAL_MARKET_BONDS\": 0.0, \"AUS_SMALL_CAP_VALUE_STOCKS\": 0.0, \"ASIA_EXJAP_TOTAL_MARKET_BONDS\": 0.0, \"US_TOTAL_MARKET_STOCKS\": 0.0, \"JAP_TOTAL_MARKET_STOCKS\": 0.0, \"ASIA_EXJAP_TOTAL_MARKET_STOCKS\": 0.0, \"EMERGING_MARKETS_BONDS\": 0.0, \"EUR_TOTAL_MARKET_BONDS\": 0.0, \"INTERNATIONAL_BONDS\": 0.0, \"UK_TOTAL_MARKET_STOCKS\": 0.0, \"GLOBAL_MARKETS_STOCKS\": 0.0, \"US_TOTAL_MARKET_BONDS\": 0.0, \"AUS_HIGH_YIELD_STOCKS\": 0.0, \"AUS_MUNICIPAL_BONDS\": 0.0, \"INFLATION_PROTECTED_BONDS\": 0.0, \"AUS_LARGE_CAP_VALUE_STOCKS\": 0.07, \"AUS_GOVT_BONDS\": 0.0, \"EUR_TOTAL_MARKET_STOCKS\": 0.0, \"AUS_CORPORATE_BONDS\": 0.18, \"CN_TOTAL_MARKET_STOCKS\": 0.0, \"EMERGING_MARKETS_STOCKS\": 0.0, \"AUS_TOTAL_MARKET_STOCKS\": 0.0}", "risk": 0.07}}, {"pk": 7549, "model": "portfolios.portfoliobyrisk", "fields": {"volatility": 5.241, "expected_return": -5.65, "portfolio_set": 1, "allocations": "{\"UK_TOTAL_MARKET_BONDS\": 0.75, \"CN_TOTAL_MARKET_BONDS\": 0.0, \"AUS_SMALL_CAP_VALUE_STOCKS\": 0.0, \"ASIA_EXJAP_TOTAL_MARKET_BONDS\": 0.0, \"US_TOTAL_MARKET_STOCKS\": 0.0, \"JAP_TOTAL_MARKET_STOCKS\": 0.0, \"ASIA_EXJAP_TOTAL_MARKET_STOCKS\": 0.0, \"EMERGING_MARKETS_BONDS\": 0.0, \"EUR_TOTAL_MARKET_BONDS\": 0.0, \"INTERNATIONAL_BONDS\": 0.0, \"UK_TOTAL_MARKET_STOCKS\": 0.0, \"GLOBAL_MARKETS_STOCKS\": 0.0, \"US_TOTAL_MARKET_BONDS\": 0.0, \"AUS_HIGH_YIELD_STOCKS\": 0.0, \"AUS_MUNICIPAL_BONDS\": 0.0, \"INFLATION_PROTECTED_BONDS\": 0.0, \"AUS_LARGE_CAP_VALUE_STOCKS\": 0.08, \"AUS_GOVT_BONDS\": 0.0, \"EUR_TOTAL_MARKET_STOCKS\": 0.0, \"AUS_CORPORATE_BONDS\": 0.17, \"CN_TOTAL_MARKET_STOCKS\": 0.0, \"EMERGING_MARKETS_STOCKS\": 0.0, \"AUS_TOTAL_MARKET_STOCKS\": 0.0}", "risk": 0.08}}, {"pk": 7550, "model": "portfolios.portfoliobyrisk", "fields": {"volatility": 5.1507, "expected_return": -5.49, "portfolio_set": 1, "allocations": "{\"UK_TOTAL_MARKET_BONDS\": 0.66, \"CN_TOTAL_MARKET_BONDS\": 0.0, \"AUS_SMALL_CAP_VALUE_STOCKS\": 0.0, \"ASIA_EXJAP_TOTAL_MARKET_BONDS\": 0.0, \"US_TOTAL_MARKET_STOCKS\": 0.0, \"JAP_TOTAL_MARKET_STOCKS\": 0.0, \"ASIA_EXJAP_TOTAL_MARKET_STOCKS\": 0.0, \"EMERGING_MARKETS_BONDS\": 0.0, \"EUR_TOTAL_MARKET_BONDS\": 0.0, \"INTERNATIONAL_BONDS\": 0.0, \"UK_TOTAL_MARKET_STOCKS\": 0.0, \"GLOBAL_MARKETS_STOCKS\": 0.0, \"US_TOTAL_MARKET_BONDS\": 0.0, \"AUS_HIGH_YIELD_STOCKS\": 0.0, \"AUS_MUNICIPAL_BONDS\": 0.0, \"INFLATION_PROTECTED_BONDS\": 0.0, \"AUS_LARGE_CAP_VALUE_STOCKS\": 0.0, \"AUS_GOVT_BONDS\": 0.0, \"EUR_TOTAL_MARKET_STOCKS\": 0.09, \"AUS_CORPORATE_BONDS\": 0.25, \"CN_TOTAL_MARKET_STOCKS\": 0.0, \"EMERGING_MARKETS_STOCKS\": 0.0, \"AUS_TOTAL_MARKET_STOCKS\": 0.0}", "risk": 0.09}}, {"pk": 7551, "model": "portfolios.portfoliobyrisk", "fields": {"volatility": 5.0604, "expected_return": -5.34, "portfolio_set": 1, "allocations": "{\"UK_TOTAL_MARKET_BONDS\": 0.75, \"CN_TOTAL_MARKET_BONDS\": 0.0, \"AUS_SMALL_CAP_VALUE_STOCKS\": 0.0, \"ASIA_EXJAP_TOTAL_MARKET_BONDS\": 0.0, \"US_TOTAL_MARKET_STOCKS\": 0.0, \"JAP_TOTAL_MARKET_STOCKS\": 0.0, \"ASIA_EXJAP_TOTAL_MARKET_STOCKS\": 0.0, \"EMERGING_MARKETS_BONDS\": 0.0, \"EUR_TOTAL_MARKET_BONDS\": 0.0, \"INTERNATIONAL_BONDS\": 0.0, \"UK_TOTAL_MARKET_STOCKS\": 0.0, \"GLOBAL_MARKETS_STOCKS\": 0.0, \"US_TOTAL_MARKET_BONDS\": 0.0, \"AUS_HIGH_YIELD_STOCKS\": 0.0, \"AUS_MUNICIPAL_BONDS\": 0.0, \"INFLATION_PROTECTED_BONDS\": 0.15, \"AUS_LARGE_CAP_VALUE_STOCKS\": 0.1, \"AUS_GOVT_BONDS\": 0.0, \"EUR_TOTAL_MARKET_STOCKS\": 0.0, \"AUS_CORPORATE_BONDS\": 0.0, \"CN_TOTAL_MARKET_STOCKS\": 0.0, \"EMERGING_MARKETS_STOCKS\": 0.0, \"AUS_TOTAL_MARKET_STOCKS\": 0.0}", "risk": 0.1}}, {"pk": 7552, "model": "portfolios.portfoliobyrisk", "fields": {"volatility": 4.9711, "expected_return": -5.21, "portfolio_set": 1, "allocations": "{\"UK_TOTAL_MARKET_BONDS\": 0.64, \"CN_TOTAL_MARKET_BONDS\": 0.0, \"AUS_SMALL_CAP_VALUE_STOCKS\": 0.0, \"ASIA_EXJAP_TOTAL_MARKET_BONDS\": 0.0, \"US_TOTAL_MARKET_STOCKS\": 0.0, \"JAP_TOTAL_MARKET_STOCKS\": 0.0, \"ASIA_EXJAP_TOTAL_MARKET_STOCKS\": 0.0, \"EMERGING_MARKETS_BONDS\": 0.0, \"EUR_TOTAL_MARKET_BONDS\": 0.0, \"INTERNATIONAL_BONDS\": 0.0, \"UK_TOTAL_MARKET_STOCKS\": 0.0, \"GLOBAL_MARKETS_STOCKS\": 0.0, \"US_TOTAL_MARKET_BONDS\": 0.0, \"AUS_HIGH_YIELD_STOCKS\": 0.0, \"AUS_MUNICIPAL_BONDS\": 0.0, \"INFLATION_PROTECTED_BONDS\": 0.0, \"AUS_LARGE_CAP_VALUE_STOCKS\": 0.0, \"AUS_GOVT_BONDS\": 0.0, \"EUR_TOTAL_MARKET_STOCKS\": 0.11, \"AUS_CORPORATE_BONDS\": 0.25, \"CN_TOTAL_MARKET_STOCKS\": 0.0, \"EMERGING_MARKETS_STOCKS\": 0.0, \"AUS_TOTAL_MARKET_STOCKS\": 0.0}", "risk": 0.11}}, {"pk": 7553, "model": "portfolios.portfoliobyrisk", "fields": {"volatility": 4.8816, "expected_return": -5.09, "portfolio_set": 1, "allocations": "{\"UK_TOTAL_MARKET_BONDS\": 0.0, \"CN_TOTAL_MARKET_BONDS\": 0.0, \"AUS_SMALL_CAP_VALUE_STOCKS\": 0.0, \"ASIA_EXJAP_TOTAL_MARKET_BONDS\": 0.63, \"US_TOTAL_MARKET_STOCKS\": 0.0, \"JAP_TOTAL_MARKET_STOCKS\": 0.0, \"ASIA_EXJAP_TOTAL_MARKET_STOCKS\": 0.0, \"EMERGING_MARKETS_BONDS\": 0.0, \"EUR_TOTAL_MARKET_BONDS\": 0.0, \"INTERNATIONAL_BONDS\": 0.0, \"UK_TOTAL_MARKET_STOCKS\": 0.0, \"GLOBAL_MARKETS_STOCKS\": 0.0, \"US_TOTAL_MARKET_BONDS\": 0.0, \"AUS_HIGH_YIELD_STOCKS\": 0.0, \"AUS_MUNICIPAL_BONDS\": 0.25, \"INFLATION_PROTECTED_BONDS\": 0.0, \"AUS_LARGE_CAP_VALUE_STOCKS\": 0.0, \"AUS_GOVT_BONDS\": 0.0, \"EUR_TOTAL_MARKET_STOCKS\": 0.0, \"AUS_CORPORATE_BONDS\": 0.0, \"CN_TOTAL_MARKET_STOCKS\": 0.12, \"EMERGING_MARKETS_STOCKS\": 0.0, \"AUS_TOTAL_MARKET_STOCKS\": 0.0}", "risk": 0.12}}, {"pk": 7554, "model": "portfolios.portfoliobyrisk", "fields": {"volatility": 4.7959, "expected_return": -4.97, "portfolio_set": 1, "allocations": "{\"UK_TOTAL_MARKET_BONDS\": 0.0, \"CN_TOTAL_MARKET_BONDS\": 0.62, \"AUS_SMALL_CAP_VALUE_STOCKS\": 0.0, \"ASIA_EXJAP_TOTAL_MARKET_BONDS\": 0.0, \"US_TOTAL_MARKET_STOCKS\": 0.0, \"JAP_TOTAL_MARKET_STOCKS\": 0.0, \"ASIA_EXJAP_TOTAL_MARKET_STOCKS\": 0.0, \"EMERGING_MARKETS_BONDS\": 0.0, \"EUR_TOTAL_MARKET_BONDS\": 0.0, \"INTERNATIONAL_BONDS\": 0.0, \"UK_TOTAL_MARKET_STOCKS\": 0.0, \"GLOBAL_MARKETS_STOCKS\": 0.0, \"US_TOTAL_MARKET_BONDS\": 0.0, \"AUS_HIGH_YIELD_STOCKS\": 0.0, \"AUS_MUNICIPAL_BONDS\": 0.25, \"INFLATION_PROTECTED_BONDS\": 0.0, \"AUS_LARGE_CAP_VALUE_STOCKS\": 0.0, \"AUS_GOVT_BONDS\": 0.0, \"EUR_TOTAL_MARKET_STOCKS\": 0.0, \"AUS_CORPORATE_BONDS\": 0.0, \"CN_TOTAL_MARKET_STOCKS\": 0.13, \"EMERGING_MARKETS_STOCKS\": 0.0, \"AUS_TOTAL_MARKET_STOCKS\": 0.0}", "risk": 0.13}}, {"pk": 7555, "model": "portfolios.portfoliobyrisk", "fields": {"volatility": 4.7145, "expected_return": -4.85, "portfolio_set": 1, "allocations": "{\"UK_TOTAL_MARKET_BONDS\": 0.0, \"CN_TOTAL_MARKET_BONDS\": 0.61, \"AUS_SMALL_CAP_VALUE_STOCKS\": 0.0, \"ASIA_EXJAP_TOTAL_MARKET_BONDS\": 0.0, \"US_TOTAL_MARKET_STOCKS\": 0.0, \"JAP_TOTAL_MARKET_STOCKS\": 0.0, \"ASIA_EXJAP_TOTAL_MARKET_STOCKS\": 0.0, \"EMERGING_MARKETS_BONDS\": 0.0, \"EUR_TOTAL_MARKET_BONDS\": 0.0, \"INTERNATIONAL_BONDS\": 0.0, \"UK_TOTAL_MARKET_STOCKS\": 0.0, \"GLOBAL_MARKETS_STOCKS\": 0.0, \"US_TOTAL_MARKET_BONDS\": 0.0, \"AUS_HIGH_YIELD_STOCKS\": 0.0, \"AUS_MUNICIPAL_BONDS\": 0.25, \"INFLATION_PROTECTED_BONDS\": 0.0, \"AUS_LARGE_CAP_VALUE_STOCKS\": 0.0, \"AUS_GOVT_BONDS\": 0.0, \"EUR_TOTAL_MARKET_STOCKS\": 0.0, \"AUS_CORPORATE_BONDS\": 0.0, \"CN_TOTAL_MARKET_STOCKS\": 0.14, \"EMERGING_MARKETS_STOCKS\": 0.0, \"AUS_TOTAL_MARKET_STOCKS\": 0.0}", "risk": 0.14}}, {"pk": 7556, "model": "portfolios.portfoliobyrisk", "fields": {"volatility": 4.6375, "expected_return": -4.73, "portfolio_set": 1, "allocations": "{\"UK_TOTAL_MARKET_BONDS\": 0.75, \"CN_TOTAL_MARKET_BONDS\": 0.0, \"AUS_SMALL_CAP_VALUE_STOCKS\": 0.0, \"ASIA_EXJAP_TOTAL_MARKET_BONDS\": 0.0, \"US_TOTAL_MARKET_STOCKS\": 0.0, \"JAP_TOTAL_MARKET_STOCKS\": 0.0, \"ASIA_EXJAP_TOTAL_MARKET_STOCKS\": 0.0, \"EMERGING_MARKETS_BONDS\": 0.0, \"EUR_TOTAL_MARKET_BONDS\": 0.0, \"INTERNATIONAL_BONDS\": 0.0, \"UK_TOTAL_MARKET_STOCKS\": 0.0, \"GLOBAL_MARKETS_STOCKS\": 0.0, \"US_TOTAL_MARKET_BONDS\": 0.0, \"AUS_HIGH_YIELD_STOCKS\": 0.0, \"AUS_MUNICIPAL_BONDS\": 0.0, \"INFLATION_PROTECTED_BONDS\": 0.0, \"AUS_LARGE_CAP_VALUE_STOCKS\": 0.15, \"AUS_GOVT_BONDS\": 0.0, \"EUR_TOTAL_MARKET_STOCKS\": 0.0, \"AUS_CORPORATE_BONDS\": 0.1, \"CN_TOTAL_MARKET_STOCKS\": 0.0, \"EMERGING_MARKETS_STOCKS\": 0.0, \"AUS_TOTAL_MARKET_STOCKS\": 0.0}", "risk": 0.15}}, {"pk": 7557, "model": "portfolios.portfoliobyrisk", "fields": {"volatility": 4.5657, "expected_return": -4.59, "portfolio_set": 1, "allocations": "{\"UK_TOTAL_MARKET_BONDS\": 0.0, \"CN_TOTAL_MARKET_BONDS\": 0.59, \"AUS_SMALL_CAP_VALUE_STOCKS\": 0.0, \"ASIA_EXJAP_TOTAL_MARKET_BONDS\": 0.0, \"US_TOTAL_MARKET_STOCKS\": 0.0, \"JAP_TOTAL_MARKET_STOCKS\": 0.0, \"ASIA_EXJAP_TOTAL_MARKET_STOCKS\": 0.0, \"EMERGING_MARKETS_BONDS\": 0.0, \"EUR_TOTAL_MARKET_BONDS\": 0.0, \"INTERNATIONAL_BONDS\": 0.0, \"UK_TOTAL_MARKET_STOCKS\": 0.0, \"GLOBAL_MARKETS_STOCKS\": 0.0, \"US_TOTAL_MARKET_BONDS\": 0.0, \"AUS_HIGH_YIELD_STOCKS\": 0.0, \"AUS_MUNICIPAL_BONDS\": 0.25, \"INFLATION_PROTECTED_BONDS\": 0.0, \"AUS_LARGE_CAP_VALUE_STOCKS\": 0.0, \"AUS_GOVT_BONDS\": 0.0, \"EUR_TOTAL_MARKET_STOCKS\": 0.0, \"AUS_CORPORATE_BONDS\": 0.0, \"CN_TOTAL_MARKET_STOCKS\": 0.16, \"EMERGING_MARKETS_STOCKS\": 0.0, \"AUS_TOTAL_MARKET_STOCKS\": 0.0}", "risk": 0.16}}, {"pk": 7558, "model": "portfolios.portfoliobyrisk", "fields": {"volatility": 4.5001, "expected_return": -4.44, "portfolio_set": 1, "allocations": "{\"UK_TOTAL_MARKET_BONDS\": 0.75, \"CN_TOTAL_MARKET_BONDS\": 0.0, \"AUS_SMALL_CAP_VALUE_STOCKS\": 0.0, \"ASIA_EXJAP_TOTAL_MARKET_BONDS\": 0.0, \"US_TOTAL_MARKET_STOCKS\": 0.0, \"JAP_TOTAL_MARKET_STOCKS\": 0.0, \"ASIA_EXJAP_TOTAL_MARKET_STOCKS\": 0.0, \"EMERGING_MARKETS_BONDS\": 0.0, \"EUR_TOTAL_MARKET_BONDS\": 0.0, \"INTERNATIONAL_BONDS\": 0.0, \"UK_TOTAL_MARKET_STOCKS\": 0.0, \"GLOBAL_MARKETS_STOCKS\": 0.0, \"US_TOTAL_MARKET_BONDS\": 0.0, \"AUS_HIGH_YIELD_STOCKS\": 0.0, \"AUS_MUNICIPAL_BONDS\": 0.0, \"INFLATION_PROTECTED_BONDS\": 0.08, \"AUS_LARGE_CAP_VALUE_STOCKS\": 0.17, \"AUS_GOVT_BONDS\": 0.0, \"EUR_TOTAL_MARKET_STOCKS\": 0.0, \"AUS_CORPORATE_BONDS\": 0.0, \"CN_TOTAL_MARKET_STOCKS\": 0.0, \"EMERGING_MARKETS_STOCKS\": 0.0, \"AUS_TOTAL_MARKET_STOCKS\": 0.0}", "risk": 0.17}}, {"pk": 7559, "model": "portfolios.portfoliobyrisk", "fields": {"volatility": 4.4384, "expected_return": -4.3, "portfolio_set": 1, "allocations": "{\"UK_TOTAL_MARKET_BONDS\": 0.0, \"CN_TOTAL_MARKET_BONDS\": 0.0, \"AUS_SMALL_CAP_VALUE_STOCKS\": 0.0, \"ASIA_EXJAP_TOTAL_MARKET_BONDS\": 0.57, \"US_TOTAL_MARKET_STOCKS\": 0.0, \"JAP_TOTAL_MARKET_STOCKS\": 0.0, \"ASIA_EXJAP_TOTAL_MARKET_STOCKS\": 0.0, \"EMERGING_MARKETS_BONDS\": 0.0, \"EUR_TOTAL_MARKET_BONDS\": 0.0, \"INTERNATIONAL_BONDS\": 0.0, \"UK_TOTAL_MARKET_STOCKS\": 0.0, \"GLOBAL_MARKETS_STOCKS\": 0.0, \"US_TOTAL_MARKET_BONDS\": 0.0, \"AUS_HIGH_YIELD_STOCKS\": 0.0, \"AUS_MUNICIPAL_BONDS\": 0.25, \"INFLATION_PROTECTED_BONDS\": 0.0, \"AUS_LARGE_CAP_VALUE_STOCKS\": 0.0, \"AUS_GOVT_BONDS\": 0.0, \"EUR_TOTAL_MARKET_STOCKS\": 0.0, \"AUS_CORPORATE_BONDS\": 0.0, \"CN_TOTAL_MARKET_STOCKS\": 0.18, \"EMERGING_MARKETS_STOCKS\": 0.0, \"AUS_TOTAL_MARKET_STOCKS\": 0.0}", "risk": 0.18}}, {"pk": 7560, "model": "portfolios.portfoliobyrisk", "fields": {"volatility": 4.3841, "expected_return": -4.13, "portfolio_set": 1, "allocations": "{\"UK_TOTAL_MARKET_BONDS\": 0.75, \"CN_TOTAL_MARKET_BONDS\": 0.0, \"AUS_SMALL_CAP_VALUE_STOCKS\": 0.0, \"ASIA_EXJAP_TOTAL_MARKET_BONDS\": 0.0, \"US_TOTAL_MARKET_STOCKS\": 0.0, \"JAP_TOTAL_MARKET_STOCKS\": 0.0, \"ASIA_EXJAP_TOTAL_MARKET_STOCKS\": 0.0, \"EMERGING_MARKETS_BONDS\": 0.0, \"EUR_TOTAL_MARKET_BONDS\": 0.0, \"INTERNATIONAL_BONDS\": 0.0, \"UK_TOTAL_MARKET_STOCKS\": 0.0, \"GLOBAL_MARKETS_STOCKS\": 0.0, \"US_TOTAL_MARKET_BONDS\": 0.0, \"AUS_HIGH_YIELD_STOCKS\": 0.0, \"AUS_MUNICIPAL_BONDS\": 0.0, \"INFLATION_PROTECTED_BONDS\": 0.0, \"AUS_LARGE_CAP_VALUE_STOCKS\": 0.19, \"AUS_GOVT_BONDS\": 0.0, \"EUR_TOTAL_MARKET_STOCKS\": 0.0, \"AUS_CORPORATE_BONDS\": 0.06, \"CN_TOTAL_MARKET_STOCKS\": 0.0, \"EMERGING_MARKETS_STOCKS\": 0.0, \"AUS_TOTAL_MARKET_STOCKS\": 0.0}", "risk": 0.19}}, {"pk": 7561, "model": "portfolios.portfoliobyrisk", "fields": {"volatility": 4.3358, "expected_return": -3.96, "portfolio_set": 1, "allocations": "{\"UK_TOTAL_MARKET_BONDS\": 0.0, \"CN_TOTAL_MARKET_BONDS\": 0.55, \"AUS_SMALL_CAP_VALUE_STOCKS\": 0.0, \"ASIA_EXJAP_TOTAL_MARKET_BONDS\": 0.0, \"US_TOTAL_MARKET_STOCKS\": 0.0, \"JAP_TOTAL_MARKET_STOCKS\": 0.0, \"ASIA_EXJAP_TOTAL_MARKET_STOCKS\": 0.0, \"EMERGING_MARKETS_BONDS\": 0.0, \"EUR_TOTAL_MARKET_BONDS\": 0.0, \"INTERNATIONAL_BONDS\": 0.0, \"UK_TOTAL_MARKET_STOCKS\": 0.0, \"GLOBAL_MARKETS_STOCKS\": 0.0, \"US_TOTAL_MARKET_BONDS\": 0.0, \"AUS_HIGH_YIELD_STOCKS\": 0.0, \"AUS_MUNICIPAL_BONDS\": 0.25, \"INFLATION_PROTECTED_BONDS\": 0.0, \"AUS_LARGE_CAP_VALUE_STOCKS\": 0.0, \"AUS_GOVT_BONDS\": 0.0, \"EUR_TOTAL_MARKET_STOCKS\": 0.0, \"AUS_CORPORATE_BONDS\": 0.0, \"CN_TOTAL_MARKET_STOCKS\": 0.2, \"EMERGING_MARKETS_STOCKS\": 0.0, \"AUS_TOTAL_MARKET_STOCKS\": 0.0}", "risk": 0.2}}, {"pk": 7562, "model": "portfolios.portfoliobyrisk", "fields": {"volatility": 4.2948, "expected_return": -3.78, "portfolio_set": 1, "allocations": "{\"UK_TOTAL_MARKET_BONDS\": 0.75, \"CN_TOTAL_MARKET_BONDS\": 0.0, \"AUS_SMALL_CAP_VALUE_STOCKS\": 0.0, \"ASIA_EXJAP_TOTAL_MARKET_BONDS\": 0.0, \"US_TOTAL_MARKET_STOCKS\": 0.0, \"JAP_TOTAL_MARKET_STOCKS\": 0.0, \"ASIA_EXJAP_TOTAL_MARKET_STOCKS\": 0.0, \"EMERGING_MARKETS_BONDS\": 0.0, \"EUR_TOTAL_MARKET_BONDS\": 0.0, \"INTERNATIONAL_BONDS\": 0.0, \"UK_TOTAL_MARKET_STOCKS\": 0.0, \"GLOBAL_MARKETS_STOCKS\": 0.0, \"US_TOTAL_MARKET_BONDS\": 0.0, \"AUS_HIGH_YIELD_STOCKS\": 0.0, \"AUS_MUNICIPAL_BONDS\": 0.0, \"INFLATION_PROTECTED_BONDS\": 0.04, \"AUS_LARGE_CAP_VALUE_STOCKS\": 0.21, \"AUS_GOVT_BONDS\": 0.0, \"EUR_TOTAL_MARKET_STOCKS\": 0.0, \"AUS_CORPORATE_BONDS\": 0.0, \"CN_TOTAL_MARKET_STOCKS\": 0.0, \"EMERGING_MARKETS_STOCKS\": 0.0, \"AUS_TOTAL_MARKET_STOCKS\": 0.0}", "risk": 0.21}}, {"pk": 7563, "model": "portfolios.portfoliobyrisk", "fields": {"volatility": 4.2605, "expected_return": -3.59, "portfolio_set": 1, "allocations": "{\"UK_TOTAL_MARKET_BONDS\": 0.75, \"CN_TOTAL_MARKET_BONDS\": 0.0, \"AUS_SMALL_CAP_VALUE_STOCKS\": 0.0, \"ASIA_EXJAP_TOTAL_MARKET_BONDS\": 0.0, \"US_TOTAL_MARKET_STOCKS\": 0.0, \"JAP_TOTAL_MARKET_STOCKS\": 0.0, \"ASIA_EXJAP_TOTAL_MARKET_STOCKS\": 0.0, \"EMERGING_MARKETS_BONDS\": 0.0, \"EUR_TOTAL_MARKET_BONDS\": 0.0, \"INTERNATIONAL_BONDS\": 0.0, \"UK_TOTAL_MARKET_STOCKS\": 0.0, \"GLOBAL_MARKETS_STOCKS\": 0.0, \"US_TOTAL_MARKET_BONDS\": 0.0, \"AUS_HIGH_YIELD_STOCKS\": 0.0, \"AUS_MUNICIPAL_BONDS\": 0.0, \"INFLATION_PROTECTED_BONDS\": 0.0, \"AUS_LARGE_CAP_VALUE_STOCKS\": 0.22, \"AUS_GOVT_BONDS\": 0.0, \"EUR_TOTAL_MARKET_STOCKS\": 0.0, \"AUS_CORPORATE_BONDS\": 0.03, \"CN_TOTAL_MARKET_STOCKS\": 0.0, \"EMERGING_MARKETS_STOCKS\": 0.0, \"AUS_TOTAL_MARKET_STOCKS\": 0.0}", "risk": 0.22}}, {"pk": 7564, "model": "portfolios.portfoliobyrisk", "fields": {"volatility": 4.2237, "expected_return": -3.44, "portfolio_set": 1, "allocations": "{\"UK_TOTAL_MARKET_BONDS\": 0.0, \"CN_TOTAL_MARKET_BONDS\": 0.0, \"AUS_SMALL_CAP_VALUE_STOCKS\": 0.0, \"ASIA_EXJAP_TOTAL_MARKET_BONDS\": 0.52, \"US_TOTAL_MARKET_STOCKS\": 0.0, \"JAP_TOTAL_MARKET_STOCKS\": 0.0, \"ASIA_EXJAP_TOTAL_MARKET_STOCKS\": 0.0, \"EMERGING_MARKETS_BONDS\": 0.0, \"EUR_TOTAL_MARKET_BONDS\": 0.0, \"INTERNATIONAL_BONDS\": 0.0, \"UK_TOTAL_MARKET_STOCKS\": 0.0, \"GLOBAL_MARKETS_STOCKS\": 0.0, \"US_TOTAL_MARKET_BONDS\": 0.0, \"AUS_HIGH_YIELD_STOCKS\": 0.0, \"AUS_MUNICIPAL_BONDS\": 0.25, \"INFLATION_PROTECTED_BONDS\": 0.0, \"AUS_LARGE_CAP_VALUE_STOCKS\": 0.0, \"AUS_GOVT_BONDS\": 0.0, \"EUR_TOTAL_MARKET_STOCKS\": 0.0, \"AUS_CORPORATE_BONDS\": 0.0, \"CN_TOTAL_MARKET_STOCKS\": 0.23, \"EMERGING_MARKETS_STOCKS\": 0.0, \"AUS_TOTAL_MARKET_STOCKS\": 0.0}", "risk": 0.23}}, {"pk": 7565, "model": "portfolios.portfoliobyrisk", "fields": {"volatility": 4.1904, "expected_return": -3.3, "portfolio_set": 1, "allocations": "{\"UK_TOTAL_MARKET_BONDS\": 0.0, \"CN_TOTAL_MARKET_BONDS\": 0.0, \"AUS_SMALL_CAP_VALUE_STOCKS\": 0.0, \"ASIA_EXJAP_TOTAL_MARKET_BONDS\": 0.51, \"US_TOTAL_MARKET_STOCKS\": 0.0, \"JAP_TOTAL_MARKET_STOCKS\": 0.0, \"ASIA_EXJAP_TOTAL_MARKET_STOCKS\": 0.0, \"EMERGING_MARKETS_BONDS\": 0.0, \"EUR_TOTAL_MARKET_BONDS\": 0.0, \"INTERNATIONAL_BONDS\": 0.0, \"UK_TOTAL_MARKET_STOCKS\": 0.0, \"GLOBAL_MARKETS_STOCKS\": 0.0, \"US_TOTAL_MARKET_BONDS\": 0.0, \"AUS_HIGH_YIELD_STOCKS\": 0.0, \"AUS_MUNICIPAL_BONDS\": 0.25, \"INFLATION_PROTECTED_BONDS\": 0.0, \"AUS_LARGE_CAP_VALUE_STOCKS\": 0.0, \"AUS_GOVT_BONDS\": 0.0, \"EUR_TOTAL_MARKET_STOCKS\": 0.0, \"AUS_CORPORATE_BONDS\": 0.0, \"CN_TOTAL_MARKET_STOCKS\": 0.24, \"EMERGING_MARKETS_STOCKS\": 0.0, \"AUS_TOTAL_MARKET_STOCKS\": 0.0}", "risk": 0.24}}, {"pk": 7566, "model": "portfolios.portfoliobyrisk", "fields": {"volatility": 4.1608, "expected_return": -3.17, "portfolio_set": 1, "allocations": "{\"UK_TOTAL_MARKET_BONDS\": 0.0, \"CN_TOTAL_MARKET_BONDS\": 0.0, \"AUS_SMALL_CAP_VALUE_STOCKS\": 0.0, \"ASIA_EXJAP_TOTAL_MARKET_BONDS\": 0.5, \"US_TOTAL_MARKET_STOCKS\": 0.0, \"JAP_TOTAL_MARKET_STOCKS\": 0.0, \"ASIA_EXJAP_TOTAL_MARKET_STOCKS\": 0.0, \"EMERGING_MARKETS_BONDS\": 0.0, \"EUR_TOTAL_MARKET_BONDS\": 0.0, \"INTERNATIONAL_BONDS\": 0.0, \"UK_TOTAL_MARKET_STOCKS\": 0.0, \"GLOBAL_MARKETS_STOCKS\": 0.0, \"US_TOTAL_MARKET_BONDS\": 0.0, \"AUS_HIGH_YIELD_STOCKS\": 0.0, \"AUS_MUNICIPAL_BONDS\": 0.25, \"INFLATION_PROTECTED_BONDS\": 0.0, \"AUS_LARGE_CAP_VALUE_STOCKS\": 0.0, \"AUS_GOVT_BONDS\": 0.0, \"EUR_TOTAL_MARKET_STOCKS\": 0.0, \"AUS_CORPORATE_BONDS\": 0.0, \"CN_TOTAL_MARKET_STOCKS\": 0.25, \"EMERGING_MARKETS_STOCKS\": 0.0, \"AUS_TOTAL_MARKET_STOCKS\": 0.0}", "risk": 0.25}}, {"pk": 7567, "model": "portfolios.portfoliobyrisk", "fields": {"volatility": 4.126, "expected_return": -3.1, "portfolio_set": 1, "allocations": "{\"UK_TOTAL_MARKET_BONDS\": 0.74, \"CN_TOTAL_MARKET_BONDS\": 0.0, \"AUS_SMALL_CAP_VALUE_STOCKS\": 0.0, \"ASIA_EXJAP_TOTAL_MARKET_BONDS\": 0.0, \"US_TOTAL_MARKET_STOCKS\": 0.0, \"JAP_TOTAL_MARKET_STOCKS\": 0.0, \"ASIA_EXJAP_TOTAL_MARKET_STOCKS\": 0.0, \"EMERGING_MARKETS_BONDS\": 0.0, \"EUR_TOTAL_MARKET_BONDS\": 0.0, \"INTERNATIONAL_BONDS\": 0.0, \"UK_TOTAL_MARKET_STOCKS\": 0.0, \"GLOBAL_MARKETS_STOCKS\": 0.0, \"US_TOTAL_MARKET_BONDS\": 0.0, \"AUS_HIGH_YIELD_STOCKS\": 0.0, \"AUS_MUNICIPAL_BONDS\": 0.0, \"INFLATION_PROTECTED_BONDS\": 0.0, \"AUS_LARGE_CAP_VALUE_STOCKS\": 0.25, \"AUS_GOVT_BONDS\": 0.0, \"EUR_TOTAL_MARKET_STOCKS\": 0.01, \"AUS_CORPORATE_BONDS\": 0.0, \"CN_TOTAL_MARKET_STOCKS\": 0.0, \"EMERGING_MARKETS_STOCKS\": 0.0, \"AUS_TOTAL_MARKET_STOCKS\": 0.0}", "risk": 0.26}}, {"pk": 7568, "model": "portfolios.portfoliobyrisk", "fields": {"volatility": 4.0977, "expected_return": -3.03, "portfolio_set": 1, "allocations": "{\"UK_TOTAL_MARKET_BONDS\": 0.0, \"CN_TOTAL_MARKET_BONDS\": 0.48, \"AUS_SMALL_CAP_VALUE_STOCKS\": 0.0, \"ASIA_EXJAP_TOTAL_MARKET_BONDS\": 0.0, \"US_TOTAL_MARKET_STOCKS\": 0.0, \"JAP_TOTAL_MARKET_STOCKS\": 0.0, \"ASIA_EXJAP_TOTAL_MARKET_STOCKS\": 0.0, \"EMERGING_MARKETS_BONDS\": 0.0, \"EUR_TOTAL_MARKET_BONDS\": 0.0, \"INTERNATIONAL_BONDS\": 0.0, \"UK_TOTAL_MARKET_STOCKS\": 0.0, \"GLOBAL_MARKETS_STOCKS\": 0.0, \"US_TOTAL_MARKET_BONDS\": 0.0, \"AUS_HIGH_YIELD_STOCKS\": 0.0, \"AUS_MUNICIPAL_BONDS\": 0.25, \"INFLATION_PROTECTED_BONDS\": 0.0, \"AUS_LARGE_CAP_VALUE_STOCKS\": 0.0, \"AUS_GOVT_BONDS\": 0.0, \"EUR_TOTAL_MARKET_STOCKS\": 0.0, \"AUS_CORPORATE_BONDS\": 0.0, \"CN_TOTAL_MARKET_STOCKS\": 0.27, \"EMERGING_MARKETS_STOCKS\": 0.0, \"AUS_TOTAL_MARKET_STOCKS\": 0.0}", "risk": 0.27}}, {"pk": 7569, "model": "portfolios.portfoliobyrisk", "fields": {"volatility": 4.0754, "expected_return": -2.95, "portfolio_set": 1, "allocations": "{\"UK_TOTAL_MARKET_BONDS\": 0.0, \"CN_TOTAL_MARKET_BONDS\": 0.47, \"AUS_SMALL_CAP_VALUE_STOCKS\": 0.0, \"ASIA_EXJAP_TOTAL_MARKET_BONDS\": 0.0, \"US_TOTAL_MARKET_STOCKS\": 0.0, \"JAP_TOTAL_MARKET_STOCKS\": 0.0, \"ASIA_EXJAP_TOTAL_MARKET_STOCKS\": 0.0, \"EMERGING_MARKETS_BONDS\": 0.0, \"EUR_TOTAL_MARKET_BONDS\": 0.0, \"INTERNATIONAL_BONDS\": 0.0, \"UK_TOTAL_MARKET_STOCKS\": 0.0, \"GLOBAL_MARKETS_STOCKS\": 0.0, \"US_TOTAL_MARKET_BONDS\": 0.0, \"AUS_HIGH_YIELD_STOCKS\": 0.0, \"AUS_MUNICIPAL_BONDS\": 0.25, \"INFLATION_PROTECTED_BONDS\": 0.0, \"AUS_LARGE_CAP_VALUE_STOCKS\": 0.0, \"AUS_GOVT_BONDS\": 0.0, \"EUR_TOTAL_MARKET_STOCKS\": 0.0, \"AUS_CORPORATE_BONDS\": 0.0, \"CN_TOTAL_MARKET_STOCKS\": 0.28, \"EMERGING_MARKETS_STOCKS\": 0.0, \"AUS_TOTAL_MARKET_STOCKS\": 0.0}", "risk": 0.28}}, {"pk": 7570, "model": "portfolios.portfoliobyrisk", "fields": {"volatility": 4.0611, "expected_return": -2.87, "portfolio_set": 1, "allocations": "{\"UK_TOTAL_MARKET_BONDS\": 0.71, \"CN_TOTAL_MARKET_BONDS\": 0.0, \"AUS_SMALL_CAP_VALUE_STOCKS\": 0.0, \"ASIA_EXJAP_TOTAL_MARKET_BONDS\": 0.0, \"US_TOTAL_MARKET_STOCKS\": 0.0, \"JAP_TOTAL_MARKET_STOCKS\": 0.0, \"ASIA_EXJAP_TOTAL_MARKET_STOCKS\": 0.0, \"EMERGING_MARKETS_BONDS\": 0.0, \"EUR_TOTAL_MARKET_BONDS\": 0.0, \"INTERNATIONAL_BONDS\": 0.0, \"UK_TOTAL_MARKET_STOCKS\": 0.0, \"GLOBAL_MARKETS_STOCKS\": 0.0, \"US_TOTAL_MARKET_BONDS\": 0.0, \"AUS_HIGH_YIELD_STOCKS\": 0.0, \"AUS_MUNICIPAL_BONDS\": 0.0, \"INFLATION_PROTECTED_BONDS\": 0.0, \"AUS_LARGE_CAP_VALUE_STOCKS\": 0.25, \"AUS_GOVT_BONDS\": 0.0, \"EUR_TOTAL_MARKET_STOCKS\": 0.04, \"AUS_CORPORATE_BONDS\": 0.0, \"CN_TOTAL_MARKET_STOCKS\": 0.0, \"EMERGING_MARKETS_STOCKS\": 0.0, \"AUS_TOTAL_MARKET_STOCKS\": 0.0}", "risk": 0.29}}, {"pk": 7571, "model": "portfolios.portfoliobyrisk", "fields": {"volatility": 4.0478, "expected_return": -2.82, "portfolio_set": 1, "allocations": "{\"UK_TOTAL_MARKET_BONDS\": 0.7, \"CN_TOTAL_MARKET_BONDS\": 0.0, \"AUS_SMALL_CAP_VALUE_STOCKS\": 0.0, \"ASIA_EXJAP_TOTAL_MARKET_BONDS\": 0.0, \"US_TOTAL_MARKET_STOCKS\": 0.0, \"JAP_TOTAL_MARKET_STOCKS\": 0.05, \"ASIA_EXJAP_TOTAL_MARKET_STOCKS\": 0.0, \"EMERGING_MARKETS_BONDS\": 0.0, \"EUR_TOTAL_MARKET_BONDS\": 0.0, \"INTERNATIONAL_BONDS\": 0.0, \"UK_TOTAL_MARKET_STOCKS\": 0.0, \"GLOBAL_MARKETS_STOCKS\": 0.0, \"US_TOTAL_MARKET_BONDS\": 0.0, \"AUS_HIGH_YIELD_STOCKS\": 0.0, \"AUS_MUNICIPAL_BONDS\": 0.0, \"INFLATION_PROTECTED_BONDS\": 0.0, \"AUS_LARGE_CAP_VALUE_STOCKS\": 0.25, \"AUS_GOVT_BONDS\": 0.0, \"EUR_TOTAL_MARKET_STOCKS\": 0.0, \"AUS_CORPORATE_BONDS\": 0.0, \"CN_TOTAL_MARKET_STOCKS\": 0.0, \"EMERGING_MARKETS_STOCKS\": 0.0, \"AUS_TOTAL_MARKET_STOCKS\": 0.0}", "risk": 0.3}}, {"pk": 7572, "model": "portfolios.portfoliobyrisk", "fields": {"volatility": 4.1251, "expected_return": -2.25, "portfolio_set": 1, "allocations": "{\"UK_TOTAL_MARKET_BONDS\": 0.69, \"CN_TOTAL_MARKET_BONDS\": 0.0, \"AUS_SMALL_CAP_VALUE_STOCKS\": 0.0, \"ASIA_EXJAP_TOTAL_MARKET_BONDS\": 0.0, \"US_TOTAL_MARKET_STOCKS\": 0.0, \"JAP_TOTAL_MARKET_STOCKS\": 0.06, \"ASIA_EXJAP_TOTAL_MARKET_STOCKS\": 0.0, \"EMERGING_MARKETS_BONDS\": 0.0, \"EUR_TOTAL_MARKET_BONDS\": 0.0, \"INTERNATIONAL_BONDS\": 0.0, \"UK_TOTAL_MARKET_STOCKS\": 0.0, \"GLOBAL_MARKETS_STOCKS\": 0.0, \"US_TOTAL_MARKET_BONDS\": 0.0, \"AUS_HIGH_YIELD_STOCKS\": 0.0, \"AUS_MUNICIPAL_BONDS\": 0.0, \"INFLATION_PROTECTED_BONDS\": 0.0, \"AUS_LARGE_CAP_VALUE_STOCKS\": 0.25, \"AUS_GOVT_BONDS\": 0.0, \"EUR_TOTAL_MARKET_STOCKS\": 0.0, \"AUS_CORPORATE_BONDS\": 0.0, \"CN_TOTAL_MARKET_STOCKS\": 0.0, \"EMERGING_MARKETS_STOCKS\": 0.0, \"AUS_TOTAL_MARKET_STOCKS\": 0.0}", "risk": 0.31}}, {"pk": 7573, "model": "portfolios.portfoliobyrisk", "fields": {"volatility": 4.1391, "expected_return": -2.1, "portfolio_set": 1, "allocations": "{\"UK_TOTAL_MARKET_BONDS\": 0.68, \"CN_TOTAL_MARKET_BONDS\": 0.0, \"AUS_SMALL_CAP_VALUE_STOCKS\": 0.0, \"ASIA_EXJAP_TOTAL_MARKET_BONDS\": 0.0, \"US_TOTAL_MARKET_STOCKS\": 0.0, \"JAP_TOTAL_MARKET_STOCKS\": 0.0, \"ASIA_EXJAP_TOTAL_MARKET_STOCKS\": 0.0, \"EMERGING_MARKETS_BONDS\": 0.0, \"EUR_TOTAL_MARKET_BONDS\": 0.0, \"INTERNATIONAL_BONDS\": 0.0, \"UK_TOTAL_MARKET_STOCKS\": 0.0, \"GLOBAL_MARKETS_STOCKS\": 0.0, \"US_TOTAL_MARKET_BONDS\": 0.0, \"AUS_HIGH_YIELD_STOCKS\": 0.0, \"AUS_MUNICIPAL_BONDS\": 0.0, \"INFLATION_PROTECTED_BONDS\": 0.0, \"AUS_LARGE_CAP_VALUE_STOCKS\": 0.25, \"AUS_GOVT_BONDS\": 0.0, \"EUR_TOTAL_MARKET_STOCKS\": 0.07, \"AUS_CORPORATE_BONDS\": 0.0, \"CN_TOTAL_MARKET_STOCKS\": 0.0, \"EMERGING_MARKETS_STOCKS\": 0.0, \"AUS_TOTAL_MARKET_STOCKS\": 0.0}", "risk": 0.32}}, {"pk": 7574, "model": "portfolios.portfoliobyrisk", "fields": {"volatility": 4.1586, "expected_return": -1.95, "portfolio_set": 1, "allocations": "{\"UK_TOTAL_MARKET_BONDS\": 0.0, \"CN_TOTAL_MARKET_BONDS\": 0.42, \"AUS_SMALL_CAP_VALUE_STOCKS\": 0.0, \"ASIA_EXJAP_TOTAL_MARKET_BONDS\": 0.0, \"US_TOTAL_MARKET_STOCKS\": 0.0, \"JAP_TOTAL_MARKET_STOCKS\": 0.0, \"ASIA_EXJAP_TOTAL_MARKET_STOCKS\": 0.0, \"EMERGING_MARKETS_BONDS\": 0.0, \"EUR_TOTAL_MARKET_BONDS\": 0.0, \"INTERNATIONAL_BONDS\": 0.0, \"UK_TOTAL_MARKET_STOCKS\": 0.0, \"GLOBAL_MARKETS_STOCKS\": 0.0, \"US_TOTAL_MARKET_BONDS\": 0.0, \"AUS_HIGH_YIELD_STOCKS\": 0.0, \"AUS_MUNICIPAL_BONDS\": 0.25, \"INFLATION_PROTECTED_BONDS\": 0.0, \"AUS_LARGE_CAP_VALUE_STOCKS\": 0.0, \"AUS_GOVT_BONDS\": 0.0, \"EUR_TOTAL_MARKET_STOCKS\": 0.0, \"AUS_CORPORATE_BONDS\": 0.0, \"CN_TOTAL_MARKET_STOCKS\": 0.33, \"EMERGING_MARKETS_STOCKS\": 0.0, \"AUS_TOTAL_MARKET_STOCKS\": 0.0}", "risk": 0.33}}, {"pk": 7575, "model": "portfolios.portfoliobyrisk", "fields": {"volatility": 4.1837, "expected_return": -1.79, "portfolio_set": 1, "allocations": "{\"UK_TOTAL_MARKET_BONDS\": 0.0, \"CN_TOTAL_MARKET_BONDS\": 0.41, \"AUS_SMALL_CAP_VALUE_STOCKS\": 0.0, \"ASIA_EXJAP_TOTAL_MARKET_BONDS\": 0.0, \"US_TOTAL_MARKET_STOCKS\": 0.0, \"JAP_TOTAL_MARKET_STOCKS\": 0.0, \"ASIA_EXJAP_TOTAL_MARKET_STOCKS\": 0.0, \"EMERGING_MARKETS_BONDS\": 0.0, \"EUR_TOTAL_MARKET_BONDS\": 0.0, \"INTERNATIONAL_BONDS\": 0.0, \"UK_TOTAL_MARKET_STOCKS\": 0.0, \"GLOBAL_MARKETS_STOCKS\": 0.0, \"US_TOTAL_MARKET_BONDS\": 0.0, \"AUS_HIGH_YIELD_STOCKS\": 0.0, \"AUS_MUNICIPAL_BONDS\": 0.25, \"INFLATION_PROTECTED_BONDS\": 0.0, \"AUS_LARGE_CAP_VALUE_STOCKS\": 0.0, \"AUS_GOVT_BONDS\": 0.0, \"EUR_TOTAL_MARKET_STOCKS\": 0.0, \"AUS_CORPORATE_BONDS\": 0.0, \"CN_TOTAL_MARKET_STOCKS\": 0.34, \"EMERGING_MARKETS_STOCKS\": 0.0, \"AUS_TOTAL_MARKET_STOCKS\": 0.0}", "risk": 0.34}}, {"pk": 7576, "model": "portfolios.portfoliobyrisk", "fields": {"volatility": 4.2141, "expected_return": -1.64, "portfolio_set": 1, "allocations": "{\"UK_TOTAL_MARKET_BONDS\": 0.0, \"CN_TOTAL_MARKET_BONDS\": 0.4, \"AUS_SMALL_CAP_VALUE_STOCKS\": 0.0, \"ASIA_EXJAP_TOTAL_MARKET_BONDS\": 0.0, \"US_TOTAL_MARKET_STOCKS\": 0.0, \"JAP_TOTAL_MARKET_STOCKS\": 0.0, \"ASIA_EXJAP_TOTAL_MARKET_STOCKS\": 0.0, \"EMERGING_MARKETS_BONDS\": 0.0, \"EUR_TOTAL_MARKET_BONDS\": 0.0, \"INTERNATIONAL_BONDS\": 0.0, \"UK_TOTAL_MARKET_STOCKS\": 0.0, \"GLOBAL_MARKETS_STOCKS\": 0.0, \"US_TOTAL_MARKET_BONDS\": 0.0, \"AUS_HIGH_YIELD_STOCKS\": 0.0, \"AUS_MUNICIPAL_BONDS\": 0.25, \"INFLATION_PROTECTED_BONDS\": 0.0, \"AUS_LARGE_CAP_VALUE_STOCKS\": 0.0, \"AUS_GOVT_BONDS\": 0.0, \"EUR_TOTAL_MARKET_STOCKS\": 0.0, \"AUS_CORPORATE_BONDS\": 0.0, \"CN_TOTAL_MARKET_STOCKS\": 0.35, \"EMERGING_MARKETS_STOCKS\": 0.0, \"AUS_TOTAL_MARKET_STOCKS\": 0.0}", "risk": 0.35}}, {"pk": 7577, "model": "portfolios.portfoliobyrisk", "fields": {"volatility": 4.2498, "expected_return": -1.49, "portfolio_set": 1, "allocations": "{\"UK_TOTAL_MARKET_BONDS\": 0.64, \"CN_TOTAL_MARKET_BONDS\": 0.0, \"AUS_SMALL_CAP_VALUE_STOCKS\": 0.0, \"ASIA_EXJAP_TOTAL_MARKET_BONDS\": 0.0, \"US_TOTAL_MARKET_STOCKS\": 0.0, \"JAP_TOTAL_MARKET_STOCKS\": 0.0, \"ASIA_EXJAP_TOTAL_MARKET_STOCKS\": 0.0, \"EMERGING_MARKETS_BONDS\": 0.0, \"EUR_TOTAL_MARKET_BONDS\": 0.0, \"INTERNATIONAL_BONDS\": 0.0, \"UK_TOTAL_MARKET_STOCKS\": 0.0, \"GLOBAL_MARKETS_STOCKS\": 0.0, \"US_TOTAL_MARKET_BONDS\": 0.0, \"AUS_HIGH_YIELD_STOCKS\": 0.0, \"AUS_MUNICIPAL_BONDS\": 0.0, \"INFLATION_PROTECTED_BONDS\": 0.0, \"AUS_LARGE_CAP_VALUE_STOCKS\": 0.25, \"AUS_GOVT_BONDS\": 0.0, \"EUR_TOTAL_MARKET_STOCKS\": 0.11, \"AUS_CORPORATE_BONDS\": 0.0, \"CN_TOTAL_MARKET_STOCKS\": 0.0, \"EMERGING_MARKETS_STOCKS\": 0.0, \"AUS_TOTAL_MARKET_STOCKS\": 0.0}", "risk": 0.36}}, {"pk": 7578, "model": "portfolios.portfoliobyrisk", "fields": {"volatility": 4.2918, "expected_return": -1.33, "portfolio_set": 1, "allocations": "{\"UK_TOTAL_MARKET_BONDS\": 0.0, \"CN_TOTAL_MARKET_BONDS\": 0.38, \"AUS_SMALL_CAP_VALUE_STOCKS\": 0.0, \"ASIA_EXJAP_TOTAL_MARKET_BONDS\": 0.0, \"US_TOTAL_MARKET_STOCKS\": 0.0, \"JAP_TOTAL_MARKET_STOCKS\": 0.0, \"ASIA_EXJAP_TOTAL_MARKET_STOCKS\": 0.0, \"EMERGING_MARKETS_BONDS\": 0.0, \"EUR_TOTAL_MARKET_BONDS\": 0.0, \"INTERNATIONAL_BONDS\": 0.0, \"UK_TOTAL_MARKET_STOCKS\": 0.0, \"GLOBAL_MARKETS_STOCKS\": 0.0, \"US_TOTAL_MARKET_BONDS\": 0.0, \"AUS_HIGH_YIELD_STOCKS\": 0.0, \"AUS_MUNICIPAL_BONDS\": 0.25, \"INFLATION_PROTECTED_BONDS\": 0.0, \"AUS_LARGE_CAP_VALUE_STOCKS\": 0.0, \"AUS_GOVT_BONDS\": 0.0, \"EUR_TOTAL_MARKET_STOCKS\": 0.0, \"AUS_CORPORATE_BONDS\": 0.0, \"CN_TOTAL_MARKET_STOCKS\": 0.37, \"EMERGING_MARKETS_STOCKS\": 0.0, \"AUS_TOTAL_MARKET_STOCKS\": 0.0}", "risk": 0.37}}, {"pk": 7579, "model": "portfolios.portfoliobyrisk", "fields": {"volatility": 4.332, "expected_return": -1.2, "portfolio_set": 1, "allocations": "{\"UK_TOTAL_MARKET_BONDS\": 0.62, \"CN_TOTAL_MARKET_BONDS\": 0.0, \"AUS_SMALL_CAP_VALUE_STOCKS\": 0.0, \"ASIA_EXJAP_TOTAL_MARKET_BONDS\": 0.0, \"US_TOTAL_MARKET_STOCKS\": 0.0, \"JAP_TOTAL_MARKET_STOCKS\": 0.0, \"ASIA_EXJAP_TOTAL_MARKET_STOCKS\": 0.0, \"EMERGING_MARKETS_BONDS\": 0.0, \"EUR_TOTAL_MARKET_BONDS\": 0.0, \"INTERNATIONAL_BONDS\": 0.0, \"UK_TOTAL_MARKET_STOCKS\": 0.0, \"GLOBAL_MARKETS_STOCKS\": 0.0, \"US_TOTAL_MARKET_BONDS\": 0.0, \"AUS_HIGH_YIELD_STOCKS\": 0.0, \"AUS_MUNICIPAL_BONDS\": 0.0, \"INFLATION_PROTECTED_BONDS\": 0.0, \"AUS_LARGE_CAP_VALUE_STOCKS\": 0.25, \"AUS_GOVT_BONDS\": 0.0, \"EUR_TOTAL_MARKET_STOCKS\": 0.13, \"AUS_CORPORATE_BONDS\": 0.0, \"CN_TOTAL_MARKET_STOCKS\": 0.0, \"EMERGING_MARKETS_STOCKS\": 0.0, \"AUS_TOTAL_MARKET_STOCKS\": 0.0}", "risk": 0.38}}, {"pk": 7580, "model": "portfolios.portfoliobyrisk", "fields": {"volatility": 4.3848, "expected_return": -1.04, "portfolio_set": 1, "allocations": "{\"UK_TOTAL_MARKET_BONDS\": 0.0, \"CN_TOTAL_MARKET_BONDS\": 0.0, \"AUS_SMALL_CAP_VALUE_STOCKS\": 0.0, \"ASIA_EXJAP_TOTAL_MARKET_BONDS\": 0.36, \"US_TOTAL_MARKET_STOCKS\": 0.0, \"JAP_TOTAL_MARKET_STOCKS\": 0.0, \"ASIA_EXJAP_TOTAL_MARKET_STOCKS\": 0.0, \"EMERGING_MARKETS_BONDS\": 0.0, \"EUR_TOTAL_MARKET_BONDS\": 0.0, \"INTERNATIONAL_BONDS\": 0.0, \"UK_TOTAL_MARKET_STOCKS\": 0.0, \"GLOBAL_MARKETS_STOCKS\": 0.0, \"US_TOTAL_MARKET_BONDS\": 0.0, \"AUS_HIGH_YIELD_STOCKS\": 0.0, \"AUS_MUNICIPAL_BONDS\": 0.25, \"INFLATION_PROTECTED_BONDS\": 0.0, \"AUS_LARGE_CAP_VALUE_STOCKS\": 0.0, \"AUS_GOVT_BONDS\": 0.0, \"EUR_TOTAL_MARKET_STOCKS\": 0.0, \"AUS_CORPORATE_BONDS\": 0.0, \"CN_TOTAL_MARKET_STOCKS\": 0.39, \"EMERGING_MARKETS_STOCKS\": 0.0, \"AUS_TOTAL_MARKET_STOCKS\": 0.0}", "risk": 0.39}}, {"pk": 7581, "model": "portfolios.portfoliobyrisk", "fields": {"volatility": 4.4417, "expected_return": -0.88, "portfolio_set": 1, "allocations": "{\"UK_TOTAL_MARKET_BONDS\": 0.0, \"CN_TOTAL_MARKET_BONDS\": 0.35, \"AUS_SMALL_CAP_VALUE_STOCKS\": 0.0, \"ASIA_EXJAP_TOTAL_MARKET_BONDS\": 0.0, \"US_TOTAL_MARKET_STOCKS\": 0.0, \"JAP_TOTAL_MARKET_STOCKS\": 0.0, \"ASIA_EXJAP_TOTAL_MARKET_STOCKS\": 0.0, \"EMERGING_MARKETS_BONDS\": 0.0, \"EUR_TOTAL_MARKET_BONDS\": 0.0, \"INTERNATIONAL_BONDS\": 0.0, \"UK_TOTAL_MARKET_STOCKS\": 0.0, \"GLOBAL_MARKETS_STOCKS\": 0.0, \"US_TOTAL_MARKET_BONDS\": 0.0, \"AUS_HIGH_YIELD_STOCKS\": 0.0, \"AUS_MUNICIPAL_BONDS\": 0.25, \"INFLATION_PROTECTED_BONDS\": 0.0, \"AUS_LARGE_CAP_VALUE_STOCKS\": 0.0, \"AUS_GOVT_BONDS\": 0.0, \"EUR_TOTAL_MARKET_STOCKS\": 0.0, \"AUS_CORPORATE_BONDS\": 0.0, \"CN_TOTAL_MARKET_STOCKS\": 0.4, \"EMERGING_MARKETS_STOCKS\": 0.0, \"AUS_TOTAL_MARKET_STOCKS\": 0.0}", "risk": 0.4}}, {"pk": 7582, "model": "portfolios.portfoliobyrisk", "fields": {"volatility": 4.4964, "expected_return": -0.75, "portfolio_set": 1, "allocations": "{\"UK_TOTAL_MARKET_BONDS\": 0.59, \"CN_TOTAL_MARKET_BONDS\": 0.0, \"AUS_SMALL_CAP_VALUE_STOCKS\": 0.0, \"ASIA_EXJAP_TOTAL_MARKET_BONDS\": 0.0, \"US_TOTAL_MARKET_STOCKS\": 0.0, \"JAP_TOTAL_MARKET_STOCKS\": 0.16, \"ASIA_EXJAP_TOTAL_MARKET_STOCKS\": 0.0, \"EMERGING_MARKETS_BONDS\": 0.0, \"EUR_TOTAL_MARKET_BONDS\": 0.0, \"INTERNATIONAL_BONDS\": 0.0, \"UK_TOTAL_MARKET_STOCKS\": 0.0, \"GLOBAL_MARKETS_STOCKS\": 0.0, \"US_TOTAL_MARKET_BONDS\": 0.0, \"AUS_HIGH_YIELD_STOCKS\": 0.0, \"AUS_MUNICIPAL_BONDS\": 0.0, \"INFLATION_PROTECTED_BONDS\": 0.0, \"AUS_LARGE_CAP_VALUE_STOCKS\": 0.25, \"AUS_GOVT_BONDS\": 0.0, \"EUR_TOTAL_MARKET_STOCKS\": 0.0, \"AUS_CORPORATE_BONDS\": 0.0, \"CN_TOTAL_MARKET_STOCKS\": 0.0, \"EMERGING_MARKETS_STOCKS\": 0.0, \"AUS_TOTAL_MARKET_STOCKS\": 0.0}", "risk": 0.41}}, {"pk": 7583, "model": "portfolios.portfoliobyrisk", "fields": {"volatility": 4.567, "expected_return": -0.56, "portfolio_set": 1, "allocations": "{\"UK_TOTAL_MARKET_BONDS\": 0.0, \"CN_TOTAL_MARKET_BONDS\": 0.58, \"AUS_SMALL_CAP_VALUE_STOCKS\": 0.25, \"ASIA_EXJAP_TOTAL_MARKET_BONDS\": 0.0, \"US_TOTAL_MARKET_STOCKS\": 0.0, \"JAP_TOTAL_MARKET_STOCKS\": 0.0, \"ASIA_EXJAP_TOTAL_MARKET_STOCKS\": 0.0, \"EMERGING_MARKETS_BONDS\": 0.0, \"EUR_TOTAL_MARKET_BONDS\": 0.0, \"INTERNATIONAL_BONDS\": 0.0, \"UK_TOTAL_MARKET_STOCKS\": 0.0, \"GLOBAL_MARKETS_STOCKS\": 0.0, \"US_TOTAL_MARKET_BONDS\": 0.0, \"AUS_HIGH_YIELD_STOCKS\": 0.0, \"AUS_MUNICIPAL_BONDS\": 0.0, \"INFLATION_PROTECTED_BONDS\": 0.0, \"AUS_LARGE_CAP_VALUE_STOCKS\": 0.0, \"AUS_GOVT_BONDS\": 0.0, \"EUR_TOTAL_MARKET_STOCKS\": 0.0, \"AUS_CORPORATE_BONDS\": 0.0, \"CN_TOTAL_MARKET_STOCKS\": 0.17, \"EMERGING_MARKETS_STOCKS\": 0.0, \"AUS_TOTAL_MARKET_STOCKS\": 0.0}", "risk": 0.42}}, {"pk": 7584, "model": "portfolios.portfoliobyrisk", "fields": {"volatility": 4.6219, "expected_return": -0.49, "portfolio_set": 1, "allocations": "{\"UK_TOTAL_MARKET_BONDS\": 0.57, \"CN_TOTAL_MARKET_BONDS\": 0.0, \"AUS_SMALL_CAP_VALUE_STOCKS\": 0.0, \"ASIA_EXJAP_TOTAL_MARKET_BONDS\": 0.0, \"US_TOTAL_MARKET_STOCKS\": 0.0, \"JAP_TOTAL_MARKET_STOCKS\": 0.18, \"ASIA_EXJAP_TOTAL_MARKET_STOCKS\": 0.0, \"EMERGING_MARKETS_BONDS\": 0.0, \"EUR_TOTAL_MARKET_BONDS\": 0.0, \"INTERNATIONAL_BONDS\": 0.0, \"UK_TOTAL_MARKET_STOCKS\": 0.0, \"GLOBAL_MARKETS_STOCKS\": 0.0, \"US_TOTAL_MARKET_BONDS\": 0.0, \"AUS_HIGH_YIELD_STOCKS\": 0.0, \"AUS_MUNICIPAL_BONDS\": 0.0, \"INFLATION_PROTECTED_BONDS\": 0.0, \"AUS_LARGE_CAP_VALUE_STOCKS\": 0.25, \"AUS_GOVT_BONDS\": 0.0, \"EUR_TOTAL_MARKET_STOCKS\": 0.0, \"AUS_CORPORATE_BONDS\": 0.0, \"CN_TOTAL_MARKET_STOCKS\": 0.0, \"EMERGING_MARKETS_STOCKS\": 0.0, \"AUS_TOTAL_MARKET_STOCKS\": 0.0}", "risk": 0.43}}, {"pk": 7585, "model": "portfolios.portfoliobyrisk", "fields": {"volatility": 4.7078, "expected_return": -0.26, "portfolio_set": 1, "allocations": "{\"UK_TOTAL_MARKET_BONDS\": 0.56, \"CN_TOTAL_MARKET_BONDS\": 0.0, \"AUS_SMALL_CAP_VALUE_STOCKS\": 0.0, \"ASIA_EXJAP_TOTAL_MARKET_BONDS\": 0.0, \"US_TOTAL_MARKET_STOCKS\": 0.0, \"JAP_TOTAL_MARKET_STOCKS\": 0.0, \"ASIA_EXJAP_TOTAL_MARKET_STOCKS\": 0.0, \"EMERGING_MARKETS_BONDS\": 0.0, \"EUR_TOTAL_MARKET_BONDS\": 0.0, \"INTERNATIONAL_BONDS\": 0.0, \"UK_TOTAL_MARKET_STOCKS\": 0.0, \"GLOBAL_MARKETS_STOCKS\": 0.0, \"US_TOTAL_MARKET_BONDS\": 0.0, \"AUS_HIGH_YIELD_STOCKS\": 0.0, \"AUS_MUNICIPAL_BONDS\": 0.0, \"INFLATION_PROTECTED_BONDS\": 0.0, \"AUS_LARGE_CAP_VALUE_STOCKS\": 0.25, \"AUS_GOVT_BONDS\": 0.0, \"EUR_TOTAL_MARKET_STOCKS\": 0.19, \"AUS_CORPORATE_BONDS\": 0.0, \"CN_TOTAL_MARKET_STOCKS\": 0.0, \"EMERGING_MARKETS_STOCKS\": 0.0, \"AUS_TOTAL_MARKET_STOCKS\": 0.0}", "risk": 0.44}}, {"pk": 7586, "model": "portfolios.portfoliobyrisk", "fields": {"volatility": 4.784, "expected_return": -0.1, "portfolio_set": 1, "allocations": "{\"UK_TOTAL_MARKET_BONDS\": 0.0, \"CN_TOTAL_MARKET_BONDS\": 0.0, \"AUS_SMALL_CAP_VALUE_STOCKS\": 0.0, \"ASIA_EXJAP_TOTAL_MARKET_BONDS\": 0.3, \"US_TOTAL_MARKET_STOCKS\": 0.0, \"JAP_TOTAL_MARKET_STOCKS\": 0.0, \"ASIA_EXJAP_TOTAL_MARKET_STOCKS\": 0.0, \"EMERGING_MARKETS_BONDS\": 0.0, \"EUR_TOTAL_MARKET_BONDS\": 0.0, \"INTERNATIONAL_BONDS\": 0.0, \"UK_TOTAL_MARKET_STOCKS\": 0.0, \"GLOBAL_MARKETS_STOCKS\": 0.0, \"US_TOTAL_MARKET_BONDS\": 0.0, \"AUS_HIGH_YIELD_STOCKS\": 0.0, \"AUS_MUNICIPAL_BONDS\": 0.25, \"INFLATION_PROTECTED_BONDS\": 0.0, \"AUS_LARGE_CAP_VALUE_STOCKS\": 0.0, \"AUS_GOVT_BONDS\": 0.0, \"EUR_TOTAL_MARKET_STOCKS\": 0.0, \"AUS_CORPORATE_BONDS\": 0.0, \"CN_TOTAL_MARKET_STOCKS\": 0.45, \"EMERGING_MARKETS_STOCKS\": 0.0, \"AUS_TOTAL_MARKET_STOCKS\": 0.0}", "risk": 0.45}}, {"pk": 7587, "model": "portfolios.portfoliobyrisk", "fields": {"volatility": 4.8638, "expected_return": 0.05, "portfolio_set": 1, "allocations": "{\"UK_TOTAL_MARKET_BONDS\": 0.0, \"CN_TOTAL_MARKET_BONDS\": 0.0, \"AUS_SMALL_CAP_VALUE_STOCKS\": 0.0, \"ASIA_EXJAP_TOTAL_MARKET_BONDS\": 0.54, \"US_TOTAL_MARKET_STOCKS\": 0.0, \"JAP_TOTAL_MARKET_STOCKS\": 0.0, \"ASIA_EXJAP_TOTAL_MARKET_STOCKS\": 0.0, \"EMERGING_MARKETS_BONDS\": 0.0, \"EUR_TOTAL_MARKET_BONDS\": 0.0, \"INTERNATIONAL_BONDS\": 0.0, \"UK_TOTAL_MARKET_STOCKS\": 0.0, \"GLOBAL_MARKETS_STOCKS\": 0.0, \"US_TOTAL_MARKET_BONDS\": 0.0, \"AUS_HIGH_YIELD_STOCKS\": 0.0, \"AUS_MUNICIPAL_BONDS\": 0.0, \"INFLATION_PROTECTED_BONDS\": 0.0, \"AUS_LARGE_CAP_VALUE_STOCKS\": 0.0, \"AUS_GOVT_BONDS\": 0.0, \"EUR_TOTAL_MARKET_STOCKS\": 0.0, \"AUS_CORPORATE_BONDS\": 0.0, \"CN_TOTAL_MARKET_STOCKS\": 0.21, \"EMERGING_MARKETS_STOCKS\": 0.0, \"AUS_TOTAL_MARKET_STOCKS\": 0.25}", "risk": 0.46}}, {"pk": 7588, "model": "portfolios.portfoliobyrisk", "fields": {"volatility": 4.947, "expected_return": 0.2, "portfolio_set": 1, "allocations": "{\"UK_TOTAL_MARKET_BONDS\": 0.0, \"CN_TOTAL_MARKET_BONDS\": 0.53, \"AUS_SMALL_CAP_VALUE_STOCKS\": 0.0, \"ASIA_EXJAP_TOTAL_MARKET_BONDS\": 0.0, \"US_TOTAL_MARKET_STOCKS\": 0.0, \"JAP_TOTAL_MARKET_STOCKS\": 0.0, \"ASIA_EXJAP_TOTAL_MARKET_STOCKS\": 0.0, \"EMERGING_MARKETS_BONDS\": 0.0, \"EUR_TOTAL_MARKET_BONDS\": 0.0, \"INTERNATIONAL_BONDS\": 0.0, \"UK_TOTAL_MARKET_STOCKS\": 0.0, \"GLOBAL_MARKETS_STOCKS\": 0.0, \"US_TOTAL_MARKET_BONDS\": 0.0, \"AUS_HIGH_YIELD_STOCKS\": 0.3609, \"AUS_MUNICIPAL_BONDS\": 0.0, \"INFLATION_PROTECTED_BONDS\": 0.0, \"AUS_LARGE_CAP_VALUE_STOCKS\": 0.0, \"AUS_GOVT_BONDS\": 0.0, \"EUR_TOTAL_MARKET_STOCKS\": 0.0, \"AUS_CORPORATE_BONDS\": 0.0, \"CN_TOTAL_MARKET_STOCKS\": 0.1091, \"EMERGING_MARKETS_STOCKS\": 0.0, \"AUS_TOTAL_MARKET_STOCKS\": 0.0}", "risk": 0.47}}, {"pk": 7589, "model": "portfolios.portfoliobyrisk", "fields": {"volatility": 5.0031, "expected_return": 0.15, "portfolio_set": 1, "allocations": "{\"UK_TOTAL_MARKET_BONDS\": 0.27, \"CN_TOTAL_MARKET_BONDS\": 0.0, \"AUS_SMALL_CAP_VALUE_STOCKS\": 0.0, \"ASIA_EXJAP_TOTAL_MARKET_BONDS\": 0.0, \"US_TOTAL_MARKET_STOCKS\": 0.0, \"JAP_TOTAL_MARKET_STOCKS\": 0.0, \"ASIA_EXJAP_TOTAL_MARKET_STOCKS\": 0.0, \"EMERGING_MARKETS_BONDS\": 0.0, \"EUR_TOTAL_MARKET_BONDS\": 0.0, \"INTERNATIONAL_BONDS\": 0.0, \"UK_TOTAL_MARKET_STOCKS\": 0.0, \"GLOBAL_MARKETS_STOCKS\": 0.0, \"US_TOTAL_MARKET_BONDS\": 0.0, \"AUS_HIGH_YIELD_STOCKS\": 0.0, \"AUS_MUNICIPAL_BONDS\": 0.0, \"INFLATION_PROTECTED_BONDS\": 0.0, \"AUS_LARGE_CAP_VALUE_STOCKS\": 0.0, \"AUS_GOVT_BONDS\": 0.0, \"EUR_TOTAL_MARKET_STOCKS\": 0.48, \"AUS_CORPORATE_BONDS\": 0.25, \"CN_TOTAL_MARKET_STOCKS\": 0.0, \"EMERGING_MARKETS_STOCKS\": 0.0, \"AUS_TOTAL_MARKET_STOCKS\": 0.0}", "risk": 0.48}}, {"pk": 7590, "model": "portfolios.portfoliobyrisk", "fields": {"volatility": 5.1146, "expected_return": 0.45, "portfolio_set": 1, "allocations": "{\"UK_TOTAL_MARKET_BONDS\": 0.0, \"CN_TOTAL_MARKET_BONDS\": 0.0, \"AUS_SMALL_CAP_VALUE_STOCKS\": 0.0, \"ASIA_EXJAP_TOTAL_MARKET_BONDS\": 0.26, \"US_TOTAL_MARKET_STOCKS\": 0.0, \"JAP_TOTAL_MARKET_STOCKS\": 0.0, \"ASIA_EXJAP_TOTAL_MARKET_STOCKS\": 0.0, \"EMERGING_MARKETS_BONDS\": 0.0, \"EUR_TOTAL_MARKET_BONDS\": 0.0, \"INTERNATIONAL_BONDS\": 0.0, \"UK_TOTAL_MARKET_STOCKS\": 0.0, \"GLOBAL_MARKETS_STOCKS\": 0.0, \"US_TOTAL_MARKET_BONDS\": 0.0, \"AUS_HIGH_YIELD_STOCKS\": 0.0, \"AUS_MUNICIPAL_BONDS\": 0.25, \"INFLATION_PROTECTED_BONDS\": 0.0, \"AUS_LARGE_CAP_VALUE_STOCKS\": 0.0, \"AUS_GOVT_BONDS\": 0.0, \"EUR_TOTAL_MARKET_STOCKS\": 0.0, \"AUS_CORPORATE_BONDS\": 0.0, \"CN_TOTAL_MARKET_STOCKS\": 0.49, \"EMERGING_MARKETS_STOCKS\": 0.0, \"AUS_TOTAL_MARKET_STOCKS\": 0.0}", "risk": 0.49}}, {"pk": 7591, "model": "portfolios.portfoliobyrisk", "fields": {"volatility": 5.1807, "expected_return": 0.41, "portfolio_set": 1, "allocations": "{\"UK_TOTAL_MARKET_BONDS\": 0.0, \"CN_TOTAL_MARKET_BONDS\": 0.25, \"AUS_SMALL_CAP_VALUE_STOCKS\": 0.0, \"ASIA_EXJAP_TOTAL_MARKET_BONDS\": 0.0, \"US_TOTAL_MARKET_STOCKS\": 0.0, \"JAP_TOTAL_MARKET_STOCKS\": 0.0, \"ASIA_EXJAP_TOTAL_MARKET_STOCKS\": 0.0, \"EMERGING_MARKETS_BONDS\": 0.0, \"EUR_TOTAL_MARKET_BONDS\": 0.0, \"INTERNATIONAL_BONDS\": 0.0, \"UK_TOTAL_MARKET_STOCKS\": 0.0, \"GLOBAL_MARKETS_STOCKS\": 0.0, \"US_TOTAL_MARKET_BONDS\": 0.0, \"AUS_HIGH_YIELD_STOCKS\": 0.0, \"AUS_MUNICIPAL_BONDS\": 0.25, \"INFLATION_PROTECTED_BONDS\": 0.0, \"AUS_LARGE_CAP_VALUE_STOCKS\": 0.0, \"AUS_GOVT_BONDS\": 0.0, \"EUR_TOTAL_MARKET_STOCKS\": 0.0, \"AUS_CORPORATE_BONDS\": 0.0, \"CN_TOTAL_MARKET_STOCKS\": 0.5, \"EMERGING_MARKETS_STOCKS\": 0.0, \"AUS_TOTAL_MARKET_STOCKS\": 0.0}", "risk": 0.5}}, {"pk": 7592, "model": "portfolios.portfoliobyrisk", "fields": {"volatility": 5.2958, "expected_return": 0.71, "portfolio_set": 1, "allocations": "{\"UK_TOTAL_MARKET_BONDS\": 0.0, \"CN_TOTAL_MARKET_BONDS\": 0.24, \"AUS_SMALL_CAP_VALUE_STOCKS\": 0.0, \"ASIA_EXJAP_TOTAL_MARKET_BONDS\": 0.0, \"US_TOTAL_MARKET_STOCKS\": 0.0, \"JAP_TOTAL_MARKET_STOCKS\": 0.0, \"ASIA_EXJAP_TOTAL_MARKET_STOCKS\": 0.0, \"EMERGING_MARKETS_BONDS\": 0.0, \"EUR_TOTAL_MARKET_BONDS\": 0.0, \"INTERNATIONAL_BONDS\": 0.0, \"UK_TOTAL_MARKET_STOCKS\": 0.0, \"GLOBAL_MARKETS_STOCKS\": 0.0, \"US_TOTAL_MARKET_BONDS\": 0.0, \"AUS_HIGH_YIELD_STOCKS\": 0.0, \"AUS_MUNICIPAL_BONDS\": 0.25, \"INFLATION_PROTECTED_BONDS\": 0.0, \"AUS_LARGE_CAP_VALUE_STOCKS\": 0.0, \"AUS_GOVT_BONDS\": 0.0, \"EUR_TOTAL_MARKET_STOCKS\": 0.0, \"AUS_CORPORATE_BONDS\": 0.0, \"CN_TOTAL_MARKET_STOCKS\": 0.51, \"EMERGING_MARKETS_STOCKS\": 0.0, \"AUS_TOTAL_MARKET_STOCKS\": 0.0}", "risk": 0.51}}, {"pk": 7593, "model": "portfolios.portfoliobyrisk", "fields": {"volatility": 5.434, "expected_return": 1.14, "portfolio_set": 1, "allocations": "{\"UK_TOTAL_MARKET_BONDS\": 0.0, \"CN_TOTAL_MARKET_BONDS\": 0.0, \"AUS_SMALL_CAP_VALUE_STOCKS\": 0.0, \"ASIA_EXJAP_TOTAL_MARKET_BONDS\": 0.0, \"US_TOTAL_MARKET_STOCKS\": 0.0, \"JAP_TOTAL_MARKET_STOCKS\": 0.0, \"ASIA_EXJAP_TOTAL_MARKET_STOCKS\": 0.0, \"EMERGING_MARKETS_BONDS\": 0.0, \"EUR_TOTAL_MARKET_BONDS\": 0.23, \"INTERNATIONAL_BONDS\": 0.0, \"UK_TOTAL_MARKET_STOCKS\": 0.0, \"GLOBAL_MARKETS_STOCKS\": 0.52, \"US_TOTAL_MARKET_BONDS\": 0.0, \"AUS_HIGH_YIELD_STOCKS\": 0.0, \"AUS_MUNICIPAL_BONDS\": 0.2496, \"INFLATION_PROTECTED_BONDS\": 0.0, \"AUS_LARGE_CAP_VALUE_STOCKS\": 0.0, \"AUS_GOVT_BONDS\": 0.0, \"EUR_TOTAL_MARKET_STOCKS\": 0.0, \"AUS_CORPORATE_BONDS\": 0.0004, \"CN_TOTAL_MARKET_STOCKS\": 0.0, \"EMERGING_MARKETS_STOCKS\": 0.0, \"AUS_TOTAL_MARKET_STOCKS\": 0.0}", "risk": 0.52}}, {"pk": 7594, "model": "portfolios.portfoliobyrisk", "fields": {"volatility": 5.5095, "expected_return": 1.13, "portfolio_set": 1, "allocations": "{\"UK_TOTAL_MARKET_BONDS\": 0.21, \"CN_TOTAL_MARKET_BONDS\": 0.0, \"AUS_SMALL_CAP_VALUE_STOCKS\": 0.2006, \"ASIA_EXJAP_TOTAL_MARKET_BONDS\": 0.0, \"US_TOTAL_MARKET_STOCKS\": 0.0, \"JAP_TOTAL_MARKET_STOCKS\": 0.0, \"ASIA_EXJAP_TOTAL_MARKET_STOCKS\": 0.0, \"EMERGING_MARKETS_BONDS\": 0.0, \"EUR_TOTAL_MARKET_BONDS\": 0.2106, \"INTERNATIONAL_BONDS\": 0.0, \"UK_TOTAL_MARKET_STOCKS\": 0.0, \"GLOBAL_MARKETS_STOCKS\": 0.0, \"US_TOTAL_MARKET_BONDS\": 0.0, \"AUS_HIGH_YIELD_STOCKS\": 0.0, \"AUS_MUNICIPAL_BONDS\": 0.0, \"INFLATION_PROTECTED_BONDS\": 0.0, \"AUS_LARGE_CAP_VALUE_STOCKS\": 0.0, \"AUS_GOVT_BONDS\": 0.0, \"EUR_TOTAL_MARKET_STOCKS\": 0.3294, \"AUS_CORPORATE_BONDS\": 0.0494, \"CN_TOTAL_MARKET_STOCKS\": 0.0, \"EMERGING_MARKETS_STOCKS\": 0.0, \"AUS_TOTAL_MARKET_STOCKS\": 0.0}", "risk": 0.53}}, {"pk": 7595, "model": "portfolios.portfoliobyrisk", "fields": {"volatility": 5.6253, "expected_return": 1.37, "portfolio_set": 1, "allocations": "{\"UK_TOTAL_MARKET_BONDS\": 0.46, \"CN_TOTAL_MARKET_BONDS\": 0.0, \"AUS_SMALL_CAP_VALUE_STOCKS\": 0.0, \"ASIA_EXJAP_TOTAL_MARKET_BONDS\": 0.0, \"US_TOTAL_MARKET_STOCKS\": 0.0, \"JAP_TOTAL_MARKET_STOCKS\": 0.0, \"ASIA_EXJAP_TOTAL_MARKET_STOCKS\": 0.0, \"EMERGING_MARKETS_BONDS\": 0.0, \"EUR_TOTAL_MARKET_BONDS\": 0.0, \"INTERNATIONAL_BONDS\": 0.0, \"UK_TOTAL_MARKET_STOCKS\": 0.0, \"GLOBAL_MARKETS_STOCKS\": 0.0, \"US_TOTAL_MARKET_BONDS\": 0.0, \"AUS_HIGH_YIELD_STOCKS\": 0.0, \"AUS_MUNICIPAL_BONDS\": 0.0, \"INFLATION_PROTECTED_BONDS\": 0.0, \"AUS_LARGE_CAP_VALUE_STOCKS\": 0.25, \"AUS_GOVT_BONDS\": 0.0, \"EUR_TOTAL_MARKET_STOCKS\": 0.29, \"AUS_CORPORATE_BONDS\": 0.0, \"CN_TOTAL_MARKET_STOCKS\": 0.0, \"EMERGING_MARKETS_STOCKS\": 0.0, \"AUS_TOTAL_MARKET_STOCKS\": 0.0}", "risk": 0.54}}, {"pk": 7596, "model": "portfolios.portfoliobyrisk", "fields": {"volatility": 5.7175, "expected_return": 1.43, "portfolio_set": 1, "allocations": "{\"UK_TOTAL_MARKET_BONDS\": 0.0, \"CN_TOTAL_MARKET_BONDS\": 0.45, \"AUS_SMALL_CAP_VALUE_STOCKS\": 0.0, \"ASIA_EXJAP_TOTAL_MARKET_BONDS\": 0.0, \"US_TOTAL_MARKET_STOCKS\": 0.0, \"JAP_TOTAL_MARKET_STOCKS\": 0.0, \"ASIA_EXJAP_TOTAL_MARKET_STOCKS\": 0.0, \"EMERGING_MARKETS_BONDS\": 0.0, \"EUR_TOTAL_MARKET_BONDS\": 0.0, \"INTERNATIONAL_BONDS\": 0.0, \"UK_TOTAL_MARKET_STOCKS\": 0.0, \"GLOBAL_MARKETS_STOCKS\": 0.0173, \"US_TOTAL_MARKET_BONDS\": 0.0, \"AUS_HIGH_YIELD_STOCKS\": 0.25, \"AUS_MUNICIPAL_BONDS\": 0.0, \"INFLATION_PROTECTED_BONDS\": 0.0, \"AUS_LARGE_CAP_VALUE_STOCKS\": 0.0, \"AUS_GOVT_BONDS\": 0.0, \"EUR_TOTAL_MARKET_STOCKS\": 0.0, \"AUS_CORPORATE_BONDS\": 0.0, \"CN_TOTAL_MARKET_STOCKS\": 0.2827, \"EMERGING_MARKETS_STOCKS\": 0.0, \"AUS_TOTAL_MARKET_STOCKS\": 0.0}", "risk": 0.55}}, {"pk": 7597, "model": "portfolios.portfoliobyrisk", "fields": {"volatility": 5.8293, "expected_return": 1.62, "portfolio_set": 1, "allocations": "{\"UK_TOTAL_MARKET_BONDS\": 0.0, \"CN_TOTAL_MARKET_BONDS\": 0.2467, \"AUS_SMALL_CAP_VALUE_STOCKS\": 0.0, \"ASIA_EXJAP_TOTAL_MARKET_BONDS\": 0.1933, \"US_TOTAL_MARKET_STOCKS\": 0.0, \"JAP_TOTAL_MARKET_STOCKS\": 0.31, \"ASIA_EXJAP_TOTAL_MARKET_STOCKS\": 0.0, \"EMERGING_MARKETS_BONDS\": 0.0, \"EUR_TOTAL_MARKET_BONDS\": 0.0, \"INTERNATIONAL_BONDS\": 0.0, \"UK_TOTAL_MARKET_STOCKS\": 0.0, \"GLOBAL_MARKETS_STOCKS\": 0.0, \"US_TOTAL_MARKET_BONDS\": 0.0, \"AUS_HIGH_YIELD_STOCKS\": 0.0, \"AUS_MUNICIPAL_BONDS\": 0.0, \"INFLATION_PROTECTED_BONDS\": 0.0, \"AUS_LARGE_CAP_VALUE_STOCKS\": 0.1453, \"AUS_GOVT_BONDS\": 0.0, \"EUR_TOTAL_MARKET_STOCKS\": 0.0, \"AUS_CORPORATE_BONDS\": 0.0, \"CN_TOTAL_MARKET_STOCKS\": 0.0, \"EMERGING_MARKETS_STOCKS\": 0.0, \"AUS_TOTAL_MARKET_STOCKS\": 0.1047}", "risk": 0.56}}, {"pk": 7598, "model": "portfolios.portfoliobyrisk", "fields": {"volatility": 5.9725, "expected_return": 0.83, "portfolio_set": 1, "allocations": "{\"UK_TOTAL_MARKET_BONDS\": 0.43, \"CN_TOTAL_MARKET_BONDS\": 0.0, \"AUS_SMALL_CAP_VALUE_STOCKS\": 0.0, \"ASIA_EXJAP_TOTAL_MARKET_BONDS\": 0.0, \"US_TOTAL_MARKET_STOCKS\": 0.0, \"JAP_TOTAL_MARKET_STOCKS\": 0.0, \"ASIA_EXJAP_TOTAL_MARKET_STOCKS\": 0.0, \"EMERGING_MARKETS_BONDS\": 0.0, \"EUR_TOTAL_MARKET_BONDS\": 0.0, \"INTERNATIONAL_BONDS\": 0.0, \"UK_TOTAL_MARKET_STOCKS\": 0.0, \"GLOBAL_MARKETS_STOCKS\": 0.0, \"US_TOTAL_MARKET_BONDS\": 0.0, \"AUS_HIGH_YIELD_STOCKS\": 0.0, \"AUS_MUNICIPAL_BONDS\": 0.0, \"INFLATION_PROTECTED_BONDS\": 0.0, \"AUS_LARGE_CAP_VALUE_STOCKS\": 0.25, \"AUS_GOVT_BONDS\": 0.0, \"EUR_TOTAL_MARKET_STOCKS\": 0.32, \"AUS_CORPORATE_BONDS\": 0.0, \"CN_TOTAL_MARKET_STOCKS\": 0.0, \"EMERGING_MARKETS_STOCKS\": 0.0, \"AUS_TOTAL_MARKET_STOCKS\": 0.0}", "risk": 0.57}}, {"pk": 7599, "model": "portfolios.portfoliobyrisk", "fields": {"volatility": 6.0817, "expected_return": 0.79, "portfolio_set": 1, "allocations": "{\"UK_TOTAL_MARKET_BONDS\": 0.42, \"CN_TOTAL_MARKET_BONDS\": 0.0, \"AUS_SMALL_CAP_VALUE_STOCKS\": 0.0, \"ASIA_EXJAP_TOTAL_MARKET_BONDS\": 0.0, \"US_TOTAL_MARKET_STOCKS\": 0.0, \"JAP_TOTAL_MARKET_STOCKS\": 0.0, \"ASIA_EXJAP_TOTAL_MARKET_STOCKS\": 0.0, \"EMERGING_MARKETS_BONDS\": 0.0, \"EUR_TOTAL_MARKET_BONDS\": 0.0, \"INTERNATIONAL_BONDS\": 0.0, \"UK_TOTAL_MARKET_STOCKS\": 0.0, \"GLOBAL_MARKETS_STOCKS\": 0.33, \"US_TOTAL_MARKET_BONDS\": 0.0, \"AUS_HIGH_YIELD_STOCKS\": 0.0, \"AUS_MUNICIPAL_BONDS\": 0.0, \"INFLATION_PROTECTED_BONDS\": 0.0, \"AUS_LARGE_CAP_VALUE_STOCKS\": 0.25, \"AUS_GOVT_BONDS\": 0.0, \"EUR_TOTAL_MARKET_STOCKS\": 0.0, \"AUS_CORPORATE_BONDS\": 0.0, \"CN_TOTAL_MARKET_STOCKS\": 0.0, \"EMERGING_MARKETS_STOCKS\": 0.0, \"AUS_TOTAL_MARKET_STOCKS\": 0.0}", "risk": 0.58}}, {"pk": 7600, "model": "portfolios.portfoliobyrisk", "fields": {"volatility": 6.1921, "expected_return": 0.82, "portfolio_set": 1, "allocations": "{\"UK_TOTAL_MARKET_BONDS\": 0.0, \"CN_TOTAL_MARKET_BONDS\": 0.16, \"AUS_SMALL_CAP_VALUE_STOCKS\": 0.0, \"ASIA_EXJAP_TOTAL_MARKET_BONDS\": 0.0, \"US_TOTAL_MARKET_STOCKS\": 0.0, \"JAP_TOTAL_MARKET_STOCKS\": 0.0, \"ASIA_EXJAP_TOTAL_MARKET_STOCKS\": 0.0, \"EMERGING_MARKETS_BONDS\": 0.0, \"EUR_TOTAL_MARKET_BONDS\": 0.0, \"INTERNATIONAL_BONDS\": 0.0, \"UK_TOTAL_MARKET_STOCKS\": 0.0, \"GLOBAL_MARKETS_STOCKS\": 0.0, \"US_TOTAL_MARKET_BONDS\": 0.0, \"AUS_HIGH_YIELD_STOCKS\": 0.0, \"AUS_MUNICIPAL_BONDS\": 0.25, \"INFLATION_PROTECTED_BONDS\": 0.0, \"AUS_LARGE_CAP_VALUE_STOCKS\": 0.0, \"AUS_GOVT_BONDS\": 0.0, \"EUR_TOTAL_MARKET_STOCKS\": 0.0, \"AUS_CORPORATE_BONDS\": 0.0, \"CN_TOTAL_MARKET_STOCKS\": 0.59, \"EMERGING_MARKETS_STOCKS\": 0.0, \"AUS_TOTAL_MARKET_STOCKS\": 0.0}", "risk": 0.59}}, {"pk": 7601, "model": "portfolios.portfoliobyrisk", "fields": {"volatility": 6.3044, "expected_return": 0.79, "portfolio_set": 1, "allocations": "{\"UK_TOTAL_MARKET_BONDS\": 0.0, \"CN_TOTAL_MARKET_BONDS\": 0.15, \"AUS_SMALL_CAP_VALUE_STOCKS\": 0.0, \"ASIA_EXJAP_TOTAL_MARKET_BONDS\": 0.0, \"US_TOTAL_MARKET_STOCKS\": 0.0, \"JAP_TOTAL_MARKET_STOCKS\": 0.0, \"ASIA_EXJAP_TOTAL_MARKET_STOCKS\": 0.0, \"EMERGING_MARKETS_BONDS\": 0.0, \"EUR_TOTAL_MARKET_BONDS\": 0.0, \"INTERNATIONAL_BONDS\": 0.0, \"UK_TOTAL_MARKET_STOCKS\": 0.0, \"GLOBAL_MARKETS_STOCKS\": 0.0, \"US_TOTAL_MARKET_BONDS\": 0.0, \"AUS_HIGH_YIELD_STOCKS\": 0.0, \"AUS_MUNICIPAL_BONDS\": 0.25, \"INFLATION_PROTECTED_BONDS\": 0.0, \"AUS_LARGE_CAP_VALUE_STOCKS\": 0.0, \"AUS_GOVT_BONDS\": 0.0, \"EUR_TOTAL_MARKET_STOCKS\": 0.0, \"AUS_CORPORATE_BONDS\": 0.0, \"CN_TOTAL_MARKET_STOCKS\": 0.6, \"EMERGING_MARKETS_STOCKS\": 0.0, \"AUS_TOTAL_MARKET_STOCKS\": 0.0}", "risk": 0.6}}, {"pk": 7602, "model": "portfolios.portfoliobyrisk", "fields": {"volatility": 6.4176, "expected_return": 0.81, "portfolio_set": 1, "allocations": "{\"UK_TOTAL_MARKET_BONDS\": 0.0, \"CN_TOTAL_MARKET_BONDS\": 0.14, \"AUS_SMALL_CAP_VALUE_STOCKS\": 0.0, \"ASIA_EXJAP_TOTAL_MARKET_BONDS\": 0.0, \"US_TOTAL_MARKET_STOCKS\": 0.0, \"JAP_TOTAL_MARKET_STOCKS\": 0.0, \"ASIA_EXJAP_TOTAL_MARKET_STOCKS\": 0.0, \"EMERGING_MARKETS_BONDS\": 0.0, \"EUR_TOTAL_MARKET_BONDS\": 0.0, \"INTERNATIONAL_BONDS\": 0.0, \"UK_TOTAL_MARKET_STOCKS\": 0.0, \"GLOBAL_MARKETS_STOCKS\": 0.0, \"US_TOTAL_MARKET_BONDS\": 0.0, \"AUS_HIGH_YIELD_STOCKS\": 0.0, \"AUS_MUNICIPAL_BONDS\": 0.25, \"INFLATION_PROTECTED_BONDS\": 0.0, \"AUS_LARGE_CAP_VALUE_STOCKS\": 0.0, \"AUS_GOVT_BONDS\": 0.0, \"EUR_TOTAL_MARKET_STOCKS\": 0.0, \"AUS_CORPORATE_BONDS\": 0.0, \"CN_TOTAL_MARKET_STOCKS\": 0.61, \"EMERGING_MARKETS_STOCKS\": 0.0, \"AUS_TOTAL_MARKET_STOCKS\": 0.0}", "risk": 0.61}}, {"pk": 7603, "model": "portfolios.portfoliobyrisk", "fields": {"volatility": 6.5315, "expected_return": 0.8, "portfolio_set": 1, "allocations": "{\"UK_TOTAL_MARKET_BONDS\": 0.0, \"CN_TOTAL_MARKET_BONDS\": 0.13, \"AUS_SMALL_CAP_VALUE_STOCKS\": 0.0, \"ASIA_EXJAP_TOTAL_MARKET_BONDS\": 0.0, \"US_TOTAL_MARKET_STOCKS\": 0.0, \"JAP_TOTAL_MARKET_STOCKS\": 0.0, \"ASIA_EXJAP_TOTAL_MARKET_STOCKS\": 0.0, \"EMERGING_MARKETS_BONDS\": 0.0, \"EUR_TOTAL_MARKET_BONDS\": 0.0, \"INTERNATIONAL_BONDS\": 0.0, \"UK_TOTAL_MARKET_STOCKS\": 0.0, \"GLOBAL_MARKETS_STOCKS\": 0.0, \"US_TOTAL_MARKET_BONDS\": 0.0, \"AUS_HIGH_YIELD_STOCKS\": 0.0, \"AUS_MUNICIPAL_BONDS\": 0.25, \"INFLATION_PROTECTED_BONDS\": 0.0, \"AUS_LARGE_CAP_VALUE_STOCKS\": 0.0, \"AUS_GOVT_BONDS\": 0.0, \"EUR_TOTAL_MARKET_STOCKS\": 0.0, \"AUS_CORPORATE_BONDS\": 0.0, \"CN_TOTAL_MARKET_STOCKS\": 0.62, \"EMERGING_MARKETS_STOCKS\": 0.0, \"AUS_TOTAL_MARKET_STOCKS\": 0.0}", "risk": 0.62}}, {"pk": 7604, "model": "portfolios.portfoliobyrisk", "fields": {"volatility": 6.6467, "expected_return": 0.81, "portfolio_set": 1, "allocations": "{\"UK_TOTAL_MARKET_BONDS\": 0.0, \"CN_TOTAL_MARKET_BONDS\": 0.37, \"AUS_SMALL_CAP_VALUE_STOCKS\": 0.0, \"ASIA_EXJAP_TOTAL_MARKET_BONDS\": 0.0, \"US_TOTAL_MARKET_STOCKS\": 0.0, \"JAP_TOTAL_MARKET_STOCKS\": 0.0, \"ASIA_EXJAP_TOTAL_MARKET_STOCKS\": 0.0, \"EMERGING_MARKETS_BONDS\": 0.0, \"EUR_TOTAL_MARKET_BONDS\": 0.0, \"INTERNATIONAL_BONDS\": 0.0, \"UK_TOTAL_MARKET_STOCKS\": 0.0, \"GLOBAL_MARKETS_STOCKS\": 0.0, \"US_TOTAL_MARKET_BONDS\": 0.0, \"AUS_HIGH_YIELD_STOCKS\": 0.25, \"AUS_MUNICIPAL_BONDS\": 0.0, \"INFLATION_PROTECTED_BONDS\": 0.0, \"AUS_LARGE_CAP_VALUE_STOCKS\": 0.0, \"AUS_GOVT_BONDS\": 0.0, \"EUR_TOTAL_MARKET_STOCKS\": 0.0, \"AUS_CORPORATE_BONDS\": 0.0, \"CN_TOTAL_MARKET_STOCKS\": 0.38, \"EMERGING_MARKETS_STOCKS\": 0.0, \"AUS_TOTAL_MARKET_STOCKS\": 0.0}", "risk": 0.63}}, {"pk": 7605, "model": "portfolios.portfoliobyrisk", "fields": {"volatility": 6.7596, "expected_return": 0.76, "portfolio_set": 1, "allocations": "{\"UK_TOTAL_MARKET_BONDS\": 0.0, \"CN_TOTAL_MARKET_BONDS\": 0.0, \"AUS_SMALL_CAP_VALUE_STOCKS\": 0.0, \"ASIA_EXJAP_TOTAL_MARKET_BONDS\": 0.11, \"US_TOTAL_MARKET_STOCKS\": 0.0, \"JAP_TOTAL_MARKET_STOCKS\": 0.0, \"ASIA_EXJAP_TOTAL_MARKET_STOCKS\": 0.0, \"EMERGING_MARKETS_BONDS\": 0.0, \"EUR_TOTAL_MARKET_BONDS\": 0.0, \"INTERNATIONAL_BONDS\": 0.0, \"UK_TOTAL_MARKET_STOCKS\": 0.0, \"GLOBAL_MARKETS_STOCKS\": 0.0, \"US_TOTAL_MARKET_BONDS\": 0.0, \"AUS_HIGH_YIELD_STOCKS\": 0.0, \"AUS_MUNICIPAL_BONDS\": 0.25, \"INFLATION_PROTECTED_BONDS\": 0.0, \"AUS_LARGE_CAP_VALUE_STOCKS\": 0.0, \"AUS_GOVT_BONDS\": 0.0, \"EUR_TOTAL_MARKET_STOCKS\": 0.0, \"AUS_CORPORATE_BONDS\": 0.0, \"CN_TOTAL_MARKET_STOCKS\": 0.64, \"EMERGING_MARKETS_STOCKS\": 0.0, \"AUS_TOTAL_MARKET_STOCKS\": 0.0}", "risk": 0.64}}, {"pk": 7606, "model": "portfolios.portfoliobyrisk", "fields": {"volatility": 6.8756, "expected_return": 0.75, "portfolio_set": 1, "allocations": "{\"UK_TOTAL_MARKET_BONDS\": 0.0, \"CN_TOTAL_MARKET_BONDS\": 0.0, \"AUS_SMALL_CAP_VALUE_STOCKS\": 0.0, \"ASIA_EXJAP_TOTAL_MARKET_BONDS\": 0.1, \"US_TOTAL_MARKET_STOCKS\": 0.0, \"JAP_TOTAL_MARKET_STOCKS\": 0.0, \"ASIA_EXJAP_TOTAL_MARKET_STOCKS\": 0.0, \"EMERGING_MARKETS_BONDS\": 0.0, \"EUR_TOTAL_MARKET_BONDS\": 0.0, \"INTERNATIONAL_BONDS\": 0.0, \"UK_TOTAL_MARKET_STOCKS\": 0.0, \"GLOBAL_MARKETS_STOCKS\": 0.0, \"US_TOTAL_MARKET_BONDS\": 0.0, \"AUS_HIGH_YIELD_STOCKS\": 0.0, \"AUS_MUNICIPAL_BONDS\": 0.25, \"INFLATION_PROTECTED_BONDS\": 0.0, \"AUS_LARGE_CAP_VALUE_STOCKS\": 0.0, \"AUS_GOVT_BONDS\": 0.0, \"EUR_TOTAL_MARKET_STOCKS\": 0.0, \"AUS_CORPORATE_BONDS\": 0.0, \"CN_TOTAL_MARKET_STOCKS\": 0.65, \"EMERGING_MARKETS_STOCKS\": 0.0, \"AUS_TOTAL_MARKET_STOCKS\": 0.0}", "risk": 0.65}}, {"pk": 7607, "model": "portfolios.portfoliobyrisk", "fields": {"volatility": 6.997, "expected_return": 0.82, "portfolio_set": 1, "allocations": "{\"UK_TOTAL_MARKET_BONDS\": 0.0, \"CN_TOTAL_MARKET_BONDS\": 0.34, \"AUS_SMALL_CAP_VALUE_STOCKS\": 0.25, \"ASIA_EXJAP_TOTAL_MARKET_BONDS\": 0.0, \"US_TOTAL_MARKET_STOCKS\": 0.0, \"JAP_TOTAL_MARKET_STOCKS\": 0.0, \"ASIA_EXJAP_TOTAL_MARKET_STOCKS\": 0.0, \"EMERGING_MARKETS_BONDS\": 0.0, \"EUR_TOTAL_MARKET_BONDS\": 0.0, \"INTERNATIONAL_BONDS\": 0.0, \"UK_TOTAL_MARKET_STOCKS\": 0.0, \"GLOBAL_MARKETS_STOCKS\": 0.2269, \"US_TOTAL_MARKET_BONDS\": 0.0, \"AUS_HIGH_YIELD_STOCKS\": 0.0, \"AUS_MUNICIPAL_BONDS\": 0.0, \"INFLATION_PROTECTED_BONDS\": 0.0, \"AUS_LARGE_CAP_VALUE_STOCKS\": 0.0, \"AUS_GOVT_BONDS\": 0.0, \"EUR_TOTAL_MARKET_STOCKS\": 0.0, \"AUS_CORPORATE_BONDS\": 0.0, \"CN_TOTAL_MARKET_STOCKS\": 0.1831, \"EMERGING_MARKETS_STOCKS\": 0.0, \"AUS_TOTAL_MARKET_STOCKS\": 0.0}", "risk": 0.66}}, {"pk": 7608, "model": "portfolios.portfoliobyrisk", "fields": {"volatility": 7.1151, "expected_return": 0.81, "portfolio_set": 1, "allocations": "{\"UK_TOTAL_MARKET_BONDS\": 0.33, \"CN_TOTAL_MARKET_BONDS\": 0.0, \"AUS_SMALL_CAP_VALUE_STOCKS\": 0.0, \"ASIA_EXJAP_TOTAL_MARKET_BONDS\": 0.0, \"US_TOTAL_MARKET_STOCKS\": 0.0, \"JAP_TOTAL_MARKET_STOCKS\": 0.0, \"ASIA_EXJAP_TOTAL_MARKET_STOCKS\": 0.0, \"EMERGING_MARKETS_BONDS\": 0.0, \"EUR_TOTAL_MARKET_BONDS\": 0.0, \"INTERNATIONAL_BONDS\": 0.0, \"UK_TOTAL_MARKET_STOCKS\": 0.0, \"GLOBAL_MARKETS_STOCKS\": 0.0, \"US_TOTAL_MARKET_BONDS\": 0.0, \"AUS_HIGH_YIELD_STOCKS\": 0.0, \"AUS_MUNICIPAL_BONDS\": 0.0, \"INFLATION_PROTECTED_BONDS\": 0.0, \"AUS_LARGE_CAP_VALUE_STOCKS\": 0.25, \"AUS_GOVT_BONDS\": 0.0, \"EUR_TOTAL_MARKET_STOCKS\": 0.42, \"AUS_CORPORATE_BONDS\": 0.0, \"CN_TOTAL_MARKET_STOCKS\": 0.0, \"EMERGING_MARKETS_STOCKS\": 0.0, \"AUS_TOTAL_MARKET_STOCKS\": 0.0}", "risk": 0.67}}, {"pk": 7609, "model": "portfolios.portfoliobyrisk", "fields": {"volatility": 7.234, "expected_return": 0.81, "portfolio_set": 1, "allocations": "{\"UK_TOTAL_MARKET_BONDS\": 0.0, \"CN_TOTAL_MARKET_BONDS\": 0.0, \"AUS_SMALL_CAP_VALUE_STOCKS\": 0.0, \"ASIA_EXJAP_TOTAL_MARKET_BONDS\": 0.0, \"US_TOTAL_MARKET_STOCKS\": 0.0, \"JAP_TOTAL_MARKET_STOCKS\": 0.0, \"ASIA_EXJAP_TOTAL_MARKET_STOCKS\": 0.0, \"EMERGING_MARKETS_BONDS\": 0.0, \"EUR_TOTAL_MARKET_BONDS\": 0.2269, \"INTERNATIONAL_BONDS\": 0.0, \"UK_TOTAL_MARKET_STOCKS\": 0.0, \"GLOBAL_MARKETS_STOCKS\": 0.4693, \"US_TOTAL_MARKET_BONDS\": 0.0, \"AUS_HIGH_YIELD_STOCKS\": 0.0, \"AUS_MUNICIPAL_BONDS\": 0.0931, \"INFLATION_PROTECTED_BONDS\": 0.0, \"AUS_LARGE_CAP_VALUE_STOCKS\": 0.1569, \"AUS_GOVT_BONDS\": 0.0, \"EUR_TOTAL_MARKET_STOCKS\": 0.0, \"AUS_CORPORATE_BONDS\": 0.0, \"CN_TOTAL_MARKET_STOCKS\": 0.0, \"EMERGING_MARKETS_STOCKS\": 0.0539, \"AUS_TOTAL_MARKET_STOCKS\": 0.0}", "risk": 0.68}}, {"pk": 7610, "model": "portfolios.portfoliobyrisk", "fields": {"volatility": 7.3536, "expected_return": 0.8, "portfolio_set": 1, "allocations": "{\"UK_TOTAL_MARKET_BONDS\": 0.06, \"CN_TOTAL_MARKET_BONDS\": 0.0, \"AUS_SMALL_CAP_VALUE_STOCKS\": 0.0, \"ASIA_EXJAP_TOTAL_MARKET_BONDS\": 0.0, \"US_TOTAL_MARKET_STOCKS\": 0.0, \"JAP_TOTAL_MARKET_STOCKS\": 0.0, \"ASIA_EXJAP_TOTAL_MARKET_STOCKS\": 0.0, \"EMERGING_MARKETS_BONDS\": 0.0, \"EUR_TOTAL_MARKET_BONDS\": 0.0, \"INTERNATIONAL_BONDS\": 0.0, \"UK_TOTAL_MARKET_STOCKS\": 0.0, \"GLOBAL_MARKETS_STOCKS\": 0.0, \"US_TOTAL_MARKET_BONDS\": 0.0, \"AUS_HIGH_YIELD_STOCKS\": 0.0, \"AUS_MUNICIPAL_BONDS\": 0.0, \"INFLATION_PROTECTED_BONDS\": 0.0, \"AUS_LARGE_CAP_VALUE_STOCKS\": 0.0, \"AUS_GOVT_BONDS\": 0.0, \"EUR_TOTAL_MARKET_STOCKS\": 0.69, \"AUS_CORPORATE_BONDS\": 0.25, \"CN_TOTAL_MARKET_STOCKS\": 0.0, \"EMERGING_MARKETS_STOCKS\": 0.0, \"AUS_TOTAL_MARKET_STOCKS\": 0.0}", "risk": 0.69}}, {"pk": 7611, "model": "portfolios.portfoliobyrisk", "fields": {"volatility": 7.474, "expected_return": 0.82, "portfolio_set": 1, "allocations": "{\"UK_TOTAL_MARKET_BONDS\": 0.3, \"CN_TOTAL_MARKET_BONDS\": 0.0, \"AUS_SMALL_CAP_VALUE_STOCKS\": 0.0, \"ASIA_EXJAP_TOTAL_MARKET_BONDS\": 0.0, \"US_TOTAL_MARKET_STOCKS\": 0.0, \"JAP_TOTAL_MARKET_STOCKS\": 0.0, \"ASIA_EXJAP_TOTAL_MARKET_STOCKS\": 0.0, \"EMERGING_MARKETS_BONDS\": 0.0, \"EUR_TOTAL_MARKET_BONDS\": 0.0, \"INTERNATIONAL_BONDS\": 0.0, \"UK_TOTAL_MARKET_STOCKS\": 0.0, \"GLOBAL_MARKETS_STOCKS\": 0.0, \"US_TOTAL_MARKET_BONDS\": 0.0, \"AUS_HIGH_YIELD_STOCKS\": 0.0, \"AUS_MUNICIPAL_BONDS\": 0.0, \"INFLATION_PROTECTED_BONDS\": 0.0, \"AUS_LARGE_CAP_VALUE_STOCKS\": 0.25, \"AUS_GOVT_BONDS\": 0.0, \"EUR_TOTAL_MARKET_STOCKS\": 0.45, \"AUS_CORPORATE_BONDS\": 0.0, \"CN_TOTAL_MARKET_STOCKS\": 0.0, \"EMERGING_MARKETS_STOCKS\": 0.0, \"AUS_TOTAL_MARKET_STOCKS\": 0.0}", "risk": 0.7}}, {"pk": 7612, "model": "portfolios.portfoliobyrisk", "fields": {"volatility": 7.5952, "expected_return": 0.82, "portfolio_set": 1, "allocations": "{\"UK_TOTAL_MARKET_BONDS\": 0.29, \"CN_TOTAL_MARKET_BONDS\": 0.0, \"AUS_SMALL_CAP_VALUE_STOCKS\": 0.0, \"ASIA_EXJAP_TOTAL_MARKET_BONDS\": 0.0, \"US_TOTAL_MARKET_STOCKS\": 0.0, \"JAP_TOTAL_MARKET_STOCKS\": 0.0, \"ASIA_EXJAP_TOTAL_MARKET_STOCKS\": 0.0, \"EMERGING_MARKETS_BONDS\": 0.0, \"EUR_TOTAL_MARKET_BONDS\": 0.0, \"INTERNATIONAL_BONDS\": 0.0, \"UK_TOTAL_MARKET_STOCKS\": 0.0, \"GLOBAL_MARKETS_STOCKS\": 0.0, \"US_TOTAL_MARKET_BONDS\": 0.0, \"AUS_HIGH_YIELD_STOCKS\": 0.0, \"AUS_MUNICIPAL_BONDS\": 0.0, \"INFLATION_PROTECTED_BONDS\": 0.0, \"AUS_LARGE_CAP_VALUE_STOCKS\": 0.25, \"AUS_GOVT_BONDS\": 0.0, \"EUR_TOTAL_MARKET_STOCKS\": 0.46, \"AUS_CORPORATE_BONDS\": 0.0, \"CN_TOTAL_MARKET_STOCKS\": 0.0, \"EMERGING_MARKETS_STOCKS\": 0.0, \"AUS_TOTAL_MARKET_STOCKS\": 0.0}", "risk": 0.71}}, {"pk": 7613, "model": "portfolios.portfoliobyrisk", "fields": {"volatility": 7.7623, "expected_return": 1.2, "portfolio_set": 1, "allocations": "{\"UK_TOTAL_MARKET_BONDS\": 0.28, \"CN_TOTAL_MARKET_BONDS\": 0.0, \"AUS_SMALL_CAP_VALUE_STOCKS\": 0.0, \"ASIA_EXJAP_TOTAL_MARKET_BONDS\": 0.0, \"US_TOTAL_MARKET_STOCKS\": 0.0, \"JAP_TOTAL_MARKET_STOCKS\": 0.47, \"ASIA_EXJAP_TOTAL_MARKET_STOCKS\": 0.0, \"EMERGING_MARKETS_BONDS\": 0.0, \"EUR_TOTAL_MARKET_BONDS\": 0.0, \"INTERNATIONAL_BONDS\": 0.0, \"UK_TOTAL_MARKET_STOCKS\": 0.0, \"GLOBAL_MARKETS_STOCKS\": 0.0, \"US_TOTAL_MARKET_BONDS\": 0.0, \"AUS_HIGH_YIELD_STOCKS\": 0.0, \"AUS_MUNICIPAL_BONDS\": 0.0, \"INFLATION_PROTECTED_BONDS\": 0.0, \"AUS_LARGE_CAP_VALUE_STOCKS\": 0.25, \"AUS_GOVT_BONDS\": 0.0, \"EUR_TOTAL_MARKET_STOCKS\": 0.0, \"AUS_CORPORATE_BONDS\": 0.0, \"CN_TOTAL_MARKET_STOCKS\": 0.0, \"EMERGING_MARKETS_STOCKS\": 0.0, \"AUS_TOTAL_MARKET_STOCKS\": 0.0}", "risk": 0.72}}, {"pk": 7614, "model": "portfolios.portfoliobyrisk", "fields": {"volatility": 7.8837, "expected_return": 1.22, "portfolio_set": 1, "allocations": "{\"UK_TOTAL_MARKET_BONDS\": 0.27, \"CN_TOTAL_MARKET_BONDS\": 0.0, \"AUS_SMALL_CAP_VALUE_STOCKS\": 0.0, \"ASIA_EXJAP_TOTAL_MARKET_BONDS\": 0.0, \"US_TOTAL_MARKET_STOCKS\": 0.0, \"JAP_TOTAL_MARKET_STOCKS\": 0.0, \"ASIA_EXJAP_TOTAL_MARKET_STOCKS\": 0.0, \"EMERGING_MARKETS_BONDS\": 0.0, \"EUR_TOTAL_MARKET_BONDS\": 0.0, \"INTERNATIONAL_BONDS\": 0.0, \"UK_TOTAL_MARKET_STOCKS\": 0.0, \"GLOBAL_MARKETS_STOCKS\": 0.0, \"US_TOTAL_MARKET_BONDS\": 0.0, \"AUS_HIGH_YIELD_STOCKS\": 0.0, \"AUS_MUNICIPAL_BONDS\": 0.0, \"INFLATION_PROTECTED_BONDS\": 0.0, \"AUS_LARGE_CAP_VALUE_STOCKS\": 0.25, \"AUS_GOVT_BONDS\": 0.0, \"EUR_TOTAL_MARKET_STOCKS\": 0.48, \"AUS_CORPORATE_BONDS\": 0.0, \"CN_TOTAL_MARKET_STOCKS\": 0.0, \"EMERGING_MARKETS_STOCKS\": 0.0, \"AUS_TOTAL_MARKET_STOCKS\": 0.0}", "risk": 0.73}}, {"pk": 7615, "model": "portfolios.portfoliobyrisk", "fields": {"volatility": 8.0053, "expected_return": 1.22, "portfolio_set": 1, "allocations": "{\"UK_TOTAL_MARKET_BONDS\": 0.0, \"CN_TOTAL_MARKET_BONDS\": 0.26, \"AUS_SMALL_CAP_VALUE_STOCKS\": 0.0, \"ASIA_EXJAP_TOTAL_MARKET_BONDS\": 0.0, \"US_TOTAL_MARKET_STOCKS\": 0.0, \"JAP_TOTAL_MARKET_STOCKS\": 0.49, \"ASIA_EXJAP_TOTAL_MARKET_STOCKS\": 0.0, \"EMERGING_MARKETS_BONDS\": 0.0, \"EUR_TOTAL_MARKET_BONDS\": 0.0, \"INTERNATIONAL_BONDS\": 0.0, \"UK_TOTAL_MARKET_STOCKS\": 0.0, \"GLOBAL_MARKETS_STOCKS\": 0.0, \"US_TOTAL_MARKET_BONDS\": 0.0, \"AUS_HIGH_YIELD_STOCKS\": 0.064, \"AUS_MUNICIPAL_BONDS\": 0.0, \"INFLATION_PROTECTED_BONDS\": 0.0, \"AUS_LARGE_CAP_VALUE_STOCKS\": 0.186, \"AUS_GOVT_BONDS\": 0.0, \"EUR_TOTAL_MARKET_STOCKS\": 0.0, \"AUS_CORPORATE_BONDS\": 0.0, \"CN_TOTAL_MARKET_STOCKS\": 0.0, \"EMERGING_MARKETS_STOCKS\": 0.0, \"AUS_TOTAL_MARKET_STOCKS\": 0.0}", "risk": 0.74}}, {"pk": 7616, "model": "portfolios.portfoliobyrisk", "fields": {"volatility": 8.1276, "expected_return": 1.23, "portfolio_set": 1, "allocations": "{\"UK_TOTAL_MARKET_BONDS\": 0.25, \"CN_TOTAL_MARKET_BONDS\": 0.0, \"AUS_SMALL_CAP_VALUE_STOCKS\": 0.0, \"ASIA_EXJAP_TOTAL_MARKET_BONDS\": 0.0, \"US_TOTAL_MARKET_STOCKS\": 0.0, \"JAP_TOTAL_MARKET_STOCKS\": 0.0, \"ASIA_EXJAP_TOTAL_MARKET_STOCKS\": 0.0, \"EMERGING_MARKETS_BONDS\": 0.0, \"EUR_TOTAL_MARKET_BONDS\": 0.0, \"INTERNATIONAL_BONDS\": 0.0, \"UK_TOTAL_MARKET_STOCKS\": 0.0, \"GLOBAL_MARKETS_STOCKS\": 0.0, \"US_TOTAL_MARKET_BONDS\": 0.0, \"AUS_HIGH_YIELD_STOCKS\": 0.0, \"AUS_MUNICIPAL_BONDS\": 0.0, \"INFLATION_PROTECTED_BONDS\": 0.0, \"AUS_LARGE_CAP_VALUE_STOCKS\": 0.25, \"AUS_GOVT_BONDS\": 0.0, \"EUR_TOTAL_MARKET_STOCKS\": 0.5, \"AUS_CORPORATE_BONDS\": 0.0, \"CN_TOTAL_MARKET_STOCKS\": 0.0, \"EMERGING_MARKETS_STOCKS\": 0.0, \"AUS_TOTAL_MARKET_STOCKS\": 0.0}", "risk": 0.75}}, {"pk": 7617, "model": "portfolios.portfoliobyrisk", "fields": {"volatility": 8.2504, "expected_return": 1.24, "portfolio_set": 1, "allocations": "{\"UK_TOTAL_MARKET_BONDS\": 0.0742, \"CN_TOTAL_MARKET_BONDS\": 0.0, \"AUS_SMALL_CAP_VALUE_STOCKS\": 0.0, \"ASIA_EXJAP_TOTAL_MARKET_BONDS\": 0.0, \"US_TOTAL_MARKET_STOCKS\": 0.0, \"JAP_TOTAL_MARKET_STOCKS\": 0.0, \"ASIA_EXJAP_TOTAL_MARKET_STOCKS\": 0.0, \"EMERGING_MARKETS_BONDS\": 0.0, \"EUR_TOTAL_MARKET_BONDS\": 0.0, \"INTERNATIONAL_BONDS\": 0.0, \"UK_TOTAL_MARKET_STOCKS\": 0.0, \"GLOBAL_MARKETS_STOCKS\": 0.0, \"US_TOTAL_MARKET_BONDS\": 0.0, \"AUS_HIGH_YIELD_STOCKS\": 0.0, \"AUS_MUNICIPAL_BONDS\": 0.0094, \"INFLATION_PROTECTED_BONDS\": 0.0, \"AUS_LARGE_CAP_VALUE_STOCKS\": 0.0842, \"AUS_GOVT_BONDS\": 0.0, \"EUR_TOTAL_MARKET_STOCKS\": 0.6758, \"AUS_CORPORATE_BONDS\": 0.1564, \"CN_TOTAL_MARKET_STOCKS\": 0.0, \"EMERGING_MARKETS_STOCKS\": 0.0, \"AUS_TOTAL_MARKET_STOCKS\": 0.0}", "risk": 0.76}}, {"pk": 7618, "model": "portfolios.portfoliobyrisk", "fields": {"volatility": 8.3677, "expected_return": 1.19, "portfolio_set": 1, "allocations": "{\"UK_TOTAL_MARKET_BONDS\": 0.0, \"CN_TOTAL_MARKET_BONDS\": 0.23, \"AUS_SMALL_CAP_VALUE_STOCKS\": 0.0, \"ASIA_EXJAP_TOTAL_MARKET_BONDS\": 0.0, \"US_TOTAL_MARKET_STOCKS\": 0.0, \"JAP_TOTAL_MARKET_STOCKS\": 0.3325, \"ASIA_EXJAP_TOTAL_MARKET_STOCKS\": 0.1875, \"EMERGING_MARKETS_BONDS\": 0.0, \"EUR_TOTAL_MARKET_BONDS\": 0.0, \"INTERNATIONAL_BONDS\": 0.0, \"UK_TOTAL_MARKET_STOCKS\": 0.0, \"GLOBAL_MARKETS_STOCKS\": 0.0, \"US_TOTAL_MARKET_BONDS\": 0.0, \"AUS_HIGH_YIELD_STOCKS\": 0.25, \"AUS_MUNICIPAL_BONDS\": 0.0, \"INFLATION_PROTECTED_BONDS\": 0.0, \"AUS_LARGE_CAP_VALUE_STOCKS\": 0.0, \"AUS_GOVT_BONDS\": 0.0, \"EUR_TOTAL_MARKET_STOCKS\": 0.0, \"AUS_CORPORATE_BONDS\": 0.0, \"CN_TOTAL_MARKET_STOCKS\": 0.0, \"EMERGING_MARKETS_STOCKS\": 0.0, \"AUS_TOTAL_MARKET_STOCKS\": 0.0}", "risk": 0.77}}, {"pk": 7619, "model": "portfolios.portfoliobyrisk", "fields": {"volatility": 8.4998, "expected_return": 1.38, "portfolio_set": 1, "allocations": "{\"UK_TOTAL_MARKET_BONDS\": 0.0, \"CN_TOTAL_MARKET_BONDS\": 0.22, \"AUS_SMALL_CAP_VALUE_STOCKS\": 0.25, \"ASIA_EXJAP_TOTAL_MARKET_BONDS\": 0.0, \"US_TOTAL_MARKET_STOCKS\": 0.0, \"JAP_TOTAL_MARKET_STOCKS\": 0.0, \"ASIA_EXJAP_TOTAL_MARKET_STOCKS\": 0.0, \"EMERGING_MARKETS_BONDS\": 0.0, \"EUR_TOTAL_MARKET_BONDS\": 0.0, \"INTERNATIONAL_BONDS\": 0.0, \"UK_TOTAL_MARKET_STOCKS\": 0.0, \"GLOBAL_MARKETS_STOCKS\": 0.4262, \"US_TOTAL_MARKET_BONDS\": 0.0, \"AUS_HIGH_YIELD_STOCKS\": 0.0, \"AUS_MUNICIPAL_BONDS\": 0.0, \"INFLATION_PROTECTED_BONDS\": 0.0, \"AUS_LARGE_CAP_VALUE_STOCKS\": 0.0, \"AUS_GOVT_BONDS\": 0.0, \"EUR_TOTAL_MARKET_STOCKS\": 0.1031, \"AUS_CORPORATE_BONDS\": 0.0, \"CN_TOTAL_MARKET_STOCKS\": 0.0, \"EMERGING_MARKETS_STOCKS\": 0.0008, \"AUS_TOTAL_MARKET_STOCKS\": 0.0}", "risk": 0.78}}, {"pk": 7620, "model": "portfolios.portfoliobyrisk", "fields": {"volatility": 8.6364, "expected_return": 1.56, "portfolio_set": 1, "allocations": "{\"UK_TOTAL_MARKET_BONDS\": 0.0, \"CN_TOTAL_MARKET_BONDS\": 0.21, \"AUS_SMALL_CAP_VALUE_STOCKS\": 0.0, \"ASIA_EXJAP_TOTAL_MARKET_BONDS\": 0.0, \"US_TOTAL_MARKET_STOCKS\": 0.0, \"JAP_TOTAL_MARKET_STOCKS\": 0.0, \"ASIA_EXJAP_TOTAL_MARKET_STOCKS\": 0.0, \"EMERGING_MARKETS_BONDS\": 0.0, \"EUR_TOTAL_MARKET_BONDS\": 0.0, \"INTERNATIONAL_BONDS\": 0.0, \"UK_TOTAL_MARKET_STOCKS\": 0.0, \"GLOBAL_MARKETS_STOCKS\": 0.0, \"US_TOTAL_MARKET_BONDS\": 0.0, \"AUS_HIGH_YIELD_STOCKS\": 0.25, \"AUS_MUNICIPAL_BONDS\": 0.0, \"INFLATION_PROTECTED_BONDS\": 0.0, \"AUS_LARGE_CAP_VALUE_STOCKS\": 0.0, \"AUS_GOVT_BONDS\": 0.0, \"EUR_TOTAL_MARKET_STOCKS\": 0.0, \"AUS_CORPORATE_BONDS\": 0.0, \"CN_TOTAL_MARKET_STOCKS\": 0.54, \"EMERGING_MARKETS_STOCKS\": 0.0, \"AUS_TOTAL_MARKET_STOCKS\": 0.0}", "risk": 0.79}}, {"pk": 7621, "model": "portfolios.portfoliobyrisk", "fields": {"volatility": 8.7049, "expected_return": 0.93, "portfolio_set": 1, "allocations": "{\"UK_TOTAL_MARKET_BONDS\": 0.0, \"CN_TOTAL_MARKET_BONDS\": 0.2, \"AUS_SMALL_CAP_VALUE_STOCKS\": 0.387, \"ASIA_EXJAP_TOTAL_MARKET_BONDS\": 0.0, \"US_TOTAL_MARKET_STOCKS\": 0.0, \"JAP_TOTAL_MARKET_STOCKS\": 0.0, \"ASIA_EXJAP_TOTAL_MARKET_STOCKS\": 0.0, \"EMERGING_MARKETS_BONDS\": 0.0, \"EUR_TOTAL_MARKET_BONDS\": 0.0, \"INTERNATIONAL_BONDS\": 0.0, \"UK_TOTAL_MARKET_STOCKS\": 0.0, \"GLOBAL_MARKETS_STOCKS\": 0.1561, \"US_TOTAL_MARKET_BONDS\": 0.0, \"AUS_HIGH_YIELD_STOCKS\": 0.0, \"AUS_MUNICIPAL_BONDS\": 0.0, \"INFLATION_PROTECTED_BONDS\": 0.0, \"AUS_LARGE_CAP_VALUE_STOCKS\": 0.0, \"AUS_GOVT_BONDS\": 0.0, \"EUR_TOTAL_MARKET_STOCKS\": 0.0, \"AUS_CORPORATE_BONDS\": 0.0, \"CN_TOTAL_MARKET_STOCKS\": 0.2569, \"EMERGING_MARKETS_STOCKS\": 0.0, \"AUS_TOTAL_MARKET_STOCKS\": 0.0}", "risk": 0.8}}, {"pk": 7622, "model": "portfolios.portfoliobyrisk", "fields": {"volatility": 8.8421, "expected_return": 1.06, "portfolio_set": 1, "allocations": "{\"UK_TOTAL_MARKET_BONDS\": 0.0, \"CN_TOTAL_MARKET_BONDS\": 0.185, \"AUS_SMALL_CAP_VALUE_STOCKS\": 0.0, \"ASIA_EXJAP_TOTAL_MARKET_BONDS\": 0.0, \"US_TOTAL_MARKET_STOCKS\": 0.0, \"JAP_TOTAL_MARKET_STOCKS\": 0.0, \"ASIA_EXJAP_TOTAL_MARKET_STOCKS\": 0.0, \"EMERGING_MARKETS_BONDS\": 0.0, \"EUR_TOTAL_MARKET_BONDS\": 0.0, \"INTERNATIONAL_BONDS\": 0.0, \"UK_TOTAL_MARKET_STOCKS\": 0.0, \"GLOBAL_MARKETS_STOCKS\": 0.0, \"US_TOTAL_MARKET_BONDS\": 0.0, \"AUS_HIGH_YIELD_STOCKS\": 0.245, \"AUS_MUNICIPAL_BONDS\": 0.005, \"INFLATION_PROTECTED_BONDS\": 0.0, \"AUS_LARGE_CAP_VALUE_STOCKS\": 0.0, \"AUS_GOVT_BONDS\": 0.0, \"EUR_TOTAL_MARKET_STOCKS\": 0.0, \"AUS_CORPORATE_BONDS\": 0.0, \"CN_TOTAL_MARKET_STOCKS\": 0.565, \"EMERGING_MARKETS_STOCKS\": 0.0, \"AUS_TOTAL_MARKET_STOCKS\": 0.0}", "risk": 0.81}}, {"pk": 7623, "model": "portfolios.portfoliobyrisk", "fields": {"volatility": 8.978, "expected_return": 1.13, "portfolio_set": 1, "allocations": "{\"UK_TOTAL_MARKET_BONDS\": 0.18, \"CN_TOTAL_MARKET_BONDS\": 0.0, \"AUS_SMALL_CAP_VALUE_STOCKS\": 0.0, \"ASIA_EXJAP_TOTAL_MARKET_BONDS\": 0.0, \"US_TOTAL_MARKET_STOCKS\": 0.0, \"JAP_TOTAL_MARKET_STOCKS\": 0.0, \"ASIA_EXJAP_TOTAL_MARKET_STOCKS\": 0.0, \"EMERGING_MARKETS_BONDS\": 0.0, \"EUR_TOTAL_MARKET_BONDS\": 0.0, \"INTERNATIONAL_BONDS\": 0.0, \"UK_TOTAL_MARKET_STOCKS\": 0.0, \"GLOBAL_MARKETS_STOCKS\": 0.0, \"US_TOTAL_MARKET_BONDS\": 0.0, \"AUS_HIGH_YIELD_STOCKS\": 0.0, \"AUS_MUNICIPAL_BONDS\": 0.0, \"INFLATION_PROTECTED_BONDS\": 0.0, \"AUS_LARGE_CAP_VALUE_STOCKS\": 0.25, \"AUS_GOVT_BONDS\": 0.0, \"EUR_TOTAL_MARKET_STOCKS\": 0.57, \"AUS_CORPORATE_BONDS\": 0.0, \"CN_TOTAL_MARKET_STOCKS\": 0.0, \"EMERGING_MARKETS_STOCKS\": 0.0, \"AUS_TOTAL_MARKET_STOCKS\": 0.0}", "risk": 0.82}}, {"pk": 7624, "model": "portfolios.portfoliobyrisk", "fields": {"volatility": 9.1173, "expected_return": 1.25, "portfolio_set": 1, "allocations": "{\"UK_TOTAL_MARKET_BONDS\": 0.17, \"CN_TOTAL_MARKET_BONDS\": 0.0, \"AUS_SMALL_CAP_VALUE_STOCKS\": 0.0, \"ASIA_EXJAP_TOTAL_MARKET_BONDS\": 0.0, \"US_TOTAL_MARKET_STOCKS\": 0.0, \"JAP_TOTAL_MARKET_STOCKS\": 0.0, \"ASIA_EXJAP_TOTAL_MARKET_STOCKS\": 0.0, \"EMERGING_MARKETS_BONDS\": 0.0, \"EUR_TOTAL_MARKET_BONDS\": 0.0, \"INTERNATIONAL_BONDS\": 0.0, \"UK_TOTAL_MARKET_STOCKS\": 0.0, \"GLOBAL_MARKETS_STOCKS\": 0.0, \"US_TOTAL_MARKET_BONDS\": 0.0, \"AUS_HIGH_YIELD_STOCKS\": 0.0, \"AUS_MUNICIPAL_BONDS\": 0.0, \"INFLATION_PROTECTED_BONDS\": 0.0, \"AUS_LARGE_CAP_VALUE_STOCKS\": 0.25, \"AUS_GOVT_BONDS\": 0.0, \"EUR_TOTAL_MARKET_STOCKS\": 0.58, \"AUS_CORPORATE_BONDS\": 0.0, \"CN_TOTAL_MARKET_STOCKS\": 0.0, \"EMERGING_MARKETS_STOCKS\": 0.0, \"AUS_TOTAL_MARKET_STOCKS\": 0.0}", "risk": 0.83}}, {"pk": 7625, "model": "portfolios.portfoliobyrisk", "fields": {"volatility": 9.2426, "expected_return": 1.28, "portfolio_set": 1, "allocations": "{\"UK_TOTAL_MARKET_BONDS\": 0.16, \"CN_TOTAL_MARKET_BONDS\": 0.0, \"AUS_SMALL_CAP_VALUE_STOCKS\": 0.0, \"ASIA_EXJAP_TOTAL_MARKET_BONDS\": 0.0, \"US_TOTAL_MARKET_STOCKS\": 0.0, \"JAP_TOTAL_MARKET_STOCKS\": 0.0, \"ASIA_EXJAP_TOTAL_MARKET_STOCKS\": 0.0, \"EMERGING_MARKETS_BONDS\": 0.0, \"EUR_TOTAL_MARKET_BONDS\": 0.0, \"INTERNATIONAL_BONDS\": 0.0, \"UK_TOTAL_MARKET_STOCKS\": 0.0, \"GLOBAL_MARKETS_STOCKS\": 0.0, \"US_TOTAL_MARKET_BONDS\": 0.0, \"AUS_HIGH_YIELD_STOCKS\": 0.0, \"AUS_MUNICIPAL_BONDS\": 0.0, \"INFLATION_PROTECTED_BONDS\": 0.0, \"AUS_LARGE_CAP_VALUE_STOCKS\": 0.25, \"AUS_GOVT_BONDS\": 0.0, \"EUR_TOTAL_MARKET_STOCKS\": 0.59, \"AUS_CORPORATE_BONDS\": 0.0, \"CN_TOTAL_MARKET_STOCKS\": 0.0, \"EMERGING_MARKETS_STOCKS\": 0.0, \"AUS_TOTAL_MARKET_STOCKS\": 0.0}", "risk": 0.84}}, {"pk": 7626, "model": "portfolios.portfoliobyrisk", "fields": {"volatility": 9.3718, "expected_return": 1.31, "portfolio_set": 1, "allocations": "{\"UK_TOTAL_MARKET_BONDS\": 0.15, \"CN_TOTAL_MARKET_BONDS\": 0.0, \"AUS_SMALL_CAP_VALUE_STOCKS\": 0.0, \"ASIA_EXJAP_TOTAL_MARKET_BONDS\": 0.0, \"US_TOTAL_MARKET_STOCKS\": 0.0, \"JAP_TOTAL_MARKET_STOCKS\": 0.0, \"ASIA_EXJAP_TOTAL_MARKET_STOCKS\": 0.0, \"EMERGING_MARKETS_BONDS\": 0.0, \"EUR_TOTAL_MARKET_BONDS\": 0.0, \"INTERNATIONAL_BONDS\": 0.0, \"UK_TOTAL_MARKET_STOCKS\": 0.0, \"GLOBAL_MARKETS_STOCKS\": 0.0, \"US_TOTAL_MARKET_BONDS\": 0.0, \"AUS_HIGH_YIELD_STOCKS\": 0.0, \"AUS_MUNICIPAL_BONDS\": 0.0, \"INFLATION_PROTECTED_BONDS\": 0.0, \"AUS_LARGE_CAP_VALUE_STOCKS\": 0.25, \"AUS_GOVT_BONDS\": 0.0, \"EUR_TOTAL_MARKET_STOCKS\": 0.6, \"AUS_CORPORATE_BONDS\": 0.0, \"CN_TOTAL_MARKET_STOCKS\": 0.0, \"EMERGING_MARKETS_STOCKS\": 0.0, \"AUS_TOTAL_MARKET_STOCKS\": 0.0}", "risk": 0.85}}, {"pk": 7627, "model": "portfolios.portfoliobyrisk", "fields": {"volatility": 9.495, "expected_return": 1.32, "portfolio_set": 1, "allocations": "{\"UK_TOTAL_MARKET_BONDS\": 0.1298, \"CN_TOTAL_MARKET_BONDS\": 0.0, \"AUS_SMALL_CAP_VALUE_STOCKS\": 0.0, \"ASIA_EXJAP_TOTAL_MARKET_BONDS\": 0.0, \"US_TOTAL_MARKET_STOCKS\": 0.0, \"JAP_TOTAL_MARKET_STOCKS\": 0.0, \"ASIA_EXJAP_TOTAL_MARKET_STOCKS\": 0.0, \"EMERGING_MARKETS_BONDS\": 0.0, \"EUR_TOTAL_MARKET_BONDS\": 0.0, \"INTERNATIONAL_BONDS\": 0.0, \"UK_TOTAL_MARKET_STOCKS\": 0.0, \"GLOBAL_MARKETS_STOCKS\": 0.0, \"US_TOTAL_MARKET_BONDS\": 0.0, \"AUS_HIGH_YIELD_STOCKS\": 0.0, \"AUS_MUNICIPAL_BONDS\": 0.0, \"INFLATION_PROTECTED_BONDS\": 0.0, \"AUS_LARGE_CAP_VALUE_STOCKS\": 0.2398, \"AUS_GOVT_BONDS\": 0.0, \"EUR_TOTAL_MARKET_STOCKS\": 0.6202, \"AUS_CORPORATE_BONDS\": 0.0102, \"CN_TOTAL_MARKET_STOCKS\": 0.0, \"EMERGING_MARKETS_STOCKS\": 0.0, \"AUS_TOTAL_MARKET_STOCKS\": 0.0}", "risk": 0.86}}, {"pk": 7628, "model": "portfolios.portfoliobyrisk", "fields": {"volatility": 9.6165, "expected_return": 1.31, "portfolio_set": 1, "allocations": "{\"UK_TOTAL_MARKET_BONDS\": 0.0, \"CN_TOTAL_MARKET_BONDS\": 0.0091, \"AUS_SMALL_CAP_VALUE_STOCKS\": 0.0, \"ASIA_EXJAP_TOTAL_MARKET_BONDS\": 0.0, \"US_TOTAL_MARKET_STOCKS\": 0.0, \"JAP_TOTAL_MARKET_STOCKS\": 0.0, \"ASIA_EXJAP_TOTAL_MARKET_STOCKS\": 0.0, \"EMERGING_MARKETS_BONDS\": 0.0, \"EUR_TOTAL_MARKET_BONDS\": 0.0, \"INTERNATIONAL_BONDS\": 0.0, \"UK_TOTAL_MARKET_STOCKS\": 0.0, \"GLOBAL_MARKETS_STOCKS\": 0.0, \"US_TOTAL_MARKET_BONDS\": 0.0, \"AUS_HIGH_YIELD_STOCKS\": 0.1291, \"AUS_MUNICIPAL_BONDS\": 0.1209, \"INFLATION_PROTECTED_BONDS\": 0.0, \"AUS_LARGE_CAP_VALUE_STOCKS\": 0.0, \"AUS_GOVT_BONDS\": 0.0, \"EUR_TOTAL_MARKET_STOCKS\": 0.0, \"AUS_CORPORATE_BONDS\": 0.0, \"CN_TOTAL_MARKET_STOCKS\": 0.7409, \"EMERGING_MARKETS_STOCKS\": 0.0, \"AUS_TOTAL_MARKET_STOCKS\": 0.0}", "risk": 0.87}}, {"pk": 7629, "model": "portfolios.portfoliobyrisk", "fields": {"volatility": 9.7422, "expected_return": 1.33, "portfolio_set": 1, "allocations": "{\"UK_TOTAL_MARKET_BONDS\": 0.0, \"CN_TOTAL_MARKET_BONDS\": 0.0, \"AUS_SMALL_CAP_VALUE_STOCKS\": 0.13, \"ASIA_EXJAP_TOTAL_MARKET_BONDS\": 0.0, \"US_TOTAL_MARKET_STOCKS\": 0.0, \"JAP_TOTAL_MARKET_STOCKS\": 0.0, \"ASIA_EXJAP_TOTAL_MARKET_STOCKS\": 0.0, \"EMERGING_MARKETS_BONDS\": 0.0, \"EUR_TOTAL_MARKET_BONDS\": 0.0, \"INTERNATIONAL_BONDS\": 0.0, \"UK_TOTAL_MARKET_STOCKS\": 0.0, \"GLOBAL_MARKETS_STOCKS\": 0.0, \"US_TOTAL_MARKET_BONDS\": 0.0, \"AUS_HIGH_YIELD_STOCKS\": 0.0, \"AUS_MUNICIPAL_BONDS\": 0.12, \"INFLATION_PROTECTED_BONDS\": 0.0, \"AUS_LARGE_CAP_VALUE_STOCKS\": 0.0, \"AUS_GOVT_BONDS\": 0.0, \"EUR_TOTAL_MARKET_STOCKS\": 0.0, \"AUS_CORPORATE_BONDS\": 0.0, \"CN_TOTAL_MARKET_STOCKS\": 0.75, \"EMERGING_MARKETS_STOCKS\": 0.0, \"AUS_TOTAL_MARKET_STOCKS\": 0.0}", "risk": 0.88}}, {"pk": 7630, "model": "portfolios.portfoliobyrisk", "fields": {"volatility": 9.8653, "expected_return": 1.33, "portfolio_set": 1, "allocations": "{\"UK_TOTAL_MARKET_BONDS\": 0.11, \"CN_TOTAL_MARKET_BONDS\": 0.0, \"AUS_SMALL_CAP_VALUE_STOCKS\": 0.0, \"ASIA_EXJAP_TOTAL_MARKET_BONDS\": 0.0, \"US_TOTAL_MARKET_STOCKS\": 0.0, \"JAP_TOTAL_MARKET_STOCKS\": 0.5323, \"ASIA_EXJAP_TOTAL_MARKET_STOCKS\": 0.0, \"EMERGING_MARKETS_BONDS\": 0.0, \"EUR_TOTAL_MARKET_BONDS\": 0.0, \"INTERNATIONAL_BONDS\": 0.0, \"UK_TOTAL_MARKET_STOCKS\": 0.0, \"GLOBAL_MARKETS_STOCKS\": 0.1077, \"US_TOTAL_MARKET_BONDS\": 0.0, \"AUS_HIGH_YIELD_STOCKS\": 0.0, \"AUS_MUNICIPAL_BONDS\": 0.0, \"INFLATION_PROTECTED_BONDS\": 0.0, \"AUS_LARGE_CAP_VALUE_STOCKS\": 0.25, \"AUS_GOVT_BONDS\": 0.0, \"EUR_TOTAL_MARKET_STOCKS\": 0.0, \"AUS_CORPORATE_BONDS\": 0.0, \"CN_TOTAL_MARKET_STOCKS\": 0.0, \"EMERGING_MARKETS_STOCKS\": 0.0, \"AUS_TOTAL_MARKET_STOCKS\": 0.0}", "risk": 0.89}}, {"pk": 7631, "model": "portfolios.portfoliobyrisk", "fields": {"volatility": 9.9889, "expected_return": 1.33, "portfolio_set": 1, "allocations": "{\"UK_TOTAL_MARKET_BONDS\": 0.1, \"CN_TOTAL_MARKET_BONDS\": 0.0, \"AUS_SMALL_CAP_VALUE_STOCKS\": 0.0, \"ASIA_EXJAP_TOTAL_MARKET_BONDS\": 0.0, \"US_TOTAL_MARKET_STOCKS\": 0.0, \"JAP_TOTAL_MARKET_STOCKS\": 0.3366, \"ASIA_EXJAP_TOTAL_MARKET_STOCKS\": 0.0, \"EMERGING_MARKETS_BONDS\": 0.0, \"EUR_TOTAL_MARKET_BONDS\": 0.0, \"INTERNATIONAL_BONDS\": 0.0, \"UK_TOTAL_MARKET_STOCKS\": 0.0, \"GLOBAL_MARKETS_STOCKS\": 0.0, \"US_TOTAL_MARKET_BONDS\": 0.0, \"AUS_HIGH_YIELD_STOCKS\": 0.0, \"AUS_MUNICIPAL_BONDS\": 0.0, \"INFLATION_PROTECTED_BONDS\": 0.0, \"AUS_LARGE_CAP_VALUE_STOCKS\": 0.25, \"AUS_GOVT_BONDS\": 0.0, \"EUR_TOTAL_MARKET_STOCKS\": 0.3134, \"AUS_CORPORATE_BONDS\": 0.0, \"CN_TOTAL_MARKET_STOCKS\": 0.0, \"EMERGING_MARKETS_STOCKS\": 0.0, \"AUS_TOTAL_MARKET_STOCKS\": 0.0}", "risk": 0.9}}, {"pk": 7632, "model": "portfolios.portfoliobyrisk", "fields": {"volatility": 10.1127, "expected_return": 1.33, "portfolio_set": 1, "allocations": "{\"UK_TOTAL_MARKET_BONDS\": 0.0, \"CN_TOTAL_MARKET_BONDS\": 0.082, \"AUS_SMALL_CAP_VALUE_STOCKS\": 0.0, \"ASIA_EXJAP_TOTAL_MARKET_BONDS\": 0.008, \"US_TOTAL_MARKET_STOCKS\": 0.0, \"JAP_TOTAL_MARKET_STOCKS\": 0.2569, \"ASIA_EXJAP_TOTAL_MARKET_STOCKS\": 0.0, \"EMERGING_MARKETS_BONDS\": 0.0, \"EUR_TOTAL_MARKET_BONDS\": 0.0, \"INTERNATIONAL_BONDS\": 0.0, \"UK_TOTAL_MARKET_STOCKS\": 0.0, \"GLOBAL_MARKETS_STOCKS\": 0.0, \"US_TOTAL_MARKET_BONDS\": 0.0, \"AUS_HIGH_YIELD_STOCKS\": 0.0, \"AUS_MUNICIPAL_BONDS\": 0.0, \"INFLATION_PROTECTED_BONDS\": 0.0, \"AUS_LARGE_CAP_VALUE_STOCKS\": 0.0, \"AUS_GOVT_BONDS\": 0.0, \"EUR_TOTAL_MARKET_STOCKS\": 0.0, \"AUS_CORPORATE_BONDS\": 0.0, \"CN_TOTAL_MARKET_STOCKS\": 0.4031, \"EMERGING_MARKETS_STOCKS\": 0.0, \"AUS_TOTAL_MARKET_STOCKS\": 0.25}", "risk": 0.91}}, {"pk": 7633, "model": "portfolios.portfoliobyrisk", "fields": {"volatility": 10.2301, "expected_return": 1.27, "portfolio_set": 1, "allocations": "{\"UK_TOTAL_MARKET_BONDS\": 0.08, \"CN_TOTAL_MARKET_BONDS\": 0.0, \"AUS_SMALL_CAP_VALUE_STOCKS\": 0.0, \"ASIA_EXJAP_TOTAL_MARKET_BONDS\": 0.0, \"US_TOTAL_MARKET_STOCKS\": 0.0, \"JAP_TOTAL_MARKET_STOCKS\": 0.0, \"ASIA_EXJAP_TOTAL_MARKET_STOCKS\": 0.0, \"EMERGING_MARKETS_BONDS\": 0.0, \"EUR_TOTAL_MARKET_BONDS\": 0.0, \"INTERNATIONAL_BONDS\": 0.0, \"UK_TOTAL_MARKET_STOCKS\": 0.0, \"GLOBAL_MARKETS_STOCKS\": 0.0, \"US_TOTAL_MARKET_BONDS\": 0.0, \"AUS_HIGH_YIELD_STOCKS\": 0.0, \"AUS_MUNICIPAL_BONDS\": 0.0, \"INFLATION_PROTECTED_BONDS\": 0.0, \"AUS_LARGE_CAP_VALUE_STOCKS\": 0.25, \"AUS_GOVT_BONDS\": 0.0, \"EUR_TOTAL_MARKET_STOCKS\": 0.67, \"AUS_CORPORATE_BONDS\": 0.0, \"CN_TOTAL_MARKET_STOCKS\": 0.0, \"EMERGING_MARKETS_STOCKS\": 0.0, \"AUS_TOTAL_MARKET_STOCKS\": 0.0}", "risk": 0.92}}, {"pk": 7634, "model": "portfolios.portfoliobyrisk", "fields": {"volatility": 10.3644, "expected_return": 1.51, "portfolio_set": 1, "allocations": "{\"UK_TOTAL_MARKET_BONDS\": 0.0, \"CN_TOTAL_MARKET_BONDS\": 0.07, \"AUS_SMALL_CAP_VALUE_STOCKS\": 0.0, \"ASIA_EXJAP_TOTAL_MARKET_BONDS\": 0.0, \"US_TOTAL_MARKET_STOCKS\": 0.0, \"JAP_TOTAL_MARKET_STOCKS\": 0.0, \"ASIA_EXJAP_TOTAL_MARKET_STOCKS\": 0.0, \"EMERGING_MARKETS_BONDS\": 0.0, \"EUR_TOTAL_MARKET_BONDS\": 0.0, \"INTERNATIONAL_BONDS\": 0.0, \"UK_TOTAL_MARKET_STOCKS\": 0.0, \"GLOBAL_MARKETS_STOCKS\": 0.0, \"US_TOTAL_MARKET_BONDS\": 0.0, \"AUS_HIGH_YIELD_STOCKS\": 0.2386, \"AUS_MUNICIPAL_BONDS\": 0.0, \"INFLATION_PROTECTED_BONDS\": 0.0, \"AUS_LARGE_CAP_VALUE_STOCKS\": 0.0, \"AUS_GOVT_BONDS\": 0.0, \"EUR_TOTAL_MARKET_STOCKS\": 0.0, \"AUS_CORPORATE_BONDS\": 0.0, \"CN_TOTAL_MARKET_STOCKS\": 0.3266, \"EMERGING_MARKETS_STOCKS\": 0.0, \"AUS_TOTAL_MARKET_STOCKS\": 0.3648}", "risk": 0.93}}, {"pk": 7635, "model": "portfolios.portfoliobyrisk", "fields": {"volatility": 10.4921, "expected_return": 1.75, "portfolio_set": 1, "allocations": "{\"UK_TOTAL_MARKET_BONDS\": 0.06, \"CN_TOTAL_MARKET_BONDS\": 0.0, \"AUS_SMALL_CAP_VALUE_STOCKS\": 0.0, \"ASIA_EXJAP_TOTAL_MARKET_BONDS\": 0.0, \"US_TOTAL_MARKET_STOCKS\": 0.0, \"JAP_TOTAL_MARKET_STOCKS\": 0.0, \"ASIA_EXJAP_TOTAL_MARKET_STOCKS\": 0.0, \"EMERGING_MARKETS_BONDS\": 0.0, \"EUR_TOTAL_MARKET_BONDS\": 0.0, \"INTERNATIONAL_BONDS\": 0.0, \"UK_TOTAL_MARKET_STOCKS\": 0.0, \"GLOBAL_MARKETS_STOCKS\": 0.0, \"US_TOTAL_MARKET_BONDS\": 0.0, \"AUS_HIGH_YIELD_STOCKS\": 0.0, \"AUS_MUNICIPAL_BONDS\": 0.0, \"INFLATION_PROTECTED_BONDS\": 0.0, \"AUS_LARGE_CAP_VALUE_STOCKS\": 0.25, \"AUS_GOVT_BONDS\": 0.0, \"EUR_TOTAL_MARKET_STOCKS\": 0.69, \"AUS_CORPORATE_BONDS\": 0.0, \"CN_TOTAL_MARKET_STOCKS\": 0.0, \"EMERGING_MARKETS_STOCKS\": 0.0, \"AUS_TOTAL_MARKET_STOCKS\": 0.0}", "risk": 0.94}}, {"pk": 7636, "model": "portfolios.portfoliobyrisk", "fields": {"volatility": 10.6243, "expected_return": 2.0, "portfolio_set": 1, "allocations": "{\"UK_TOTAL_MARKET_BONDS\": 0.0, \"CN_TOTAL_MARKET_BONDS\": 0.0, \"AUS_SMALL_CAP_VALUE_STOCKS\": 0.0, \"ASIA_EXJAP_TOTAL_MARKET_BONDS\": 0.05, \"US_TOTAL_MARKET_STOCKS\": 0.0, \"JAP_TOTAL_MARKET_STOCKS\": 0.0, \"ASIA_EXJAP_TOTAL_MARKET_STOCKS\": 0.0, \"EMERGING_MARKETS_BONDS\": 0.0, \"EUR_TOTAL_MARKET_BONDS\": 0.0, \"INTERNATIONAL_BONDS\": 0.0, \"UK_TOTAL_MARKET_STOCKS\": 0.0, \"GLOBAL_MARKETS_STOCKS\": 0.0, \"US_TOTAL_MARKET_BONDS\": 0.0, \"AUS_HIGH_YIELD_STOCKS\": 0.3081, \"AUS_MUNICIPAL_BONDS\": 0.0, \"INFLATION_PROTECTED_BONDS\": 0.0, \"AUS_LARGE_CAP_VALUE_STOCKS\": 0.0, \"AUS_GOVT_BONDS\": 0.0, \"EUR_TOTAL_MARKET_STOCKS\": 0.0, \"AUS_CORPORATE_BONDS\": 0.0, \"CN_TOTAL_MARKET_STOCKS\": 0.4039, \"EMERGING_MARKETS_STOCKS\": 0.0, \"AUS_TOTAL_MARKET_STOCKS\": 0.238}", "risk": 0.95}}, {"pk": 7637, "model": "portfolios.portfoliobyrisk", "fields": {"volatility": 10.7432, "expected_return": 2.19, "portfolio_set": 1, "allocations": "{\"UK_TOTAL_MARKET_BONDS\": 0.0076, \"CN_TOTAL_MARKET_BONDS\": 0.0, \"AUS_SMALL_CAP_VALUE_STOCKS\": 0.0, \"ASIA_EXJAP_TOTAL_MARKET_BONDS\": 0.0, \"US_TOTAL_MARKET_STOCKS\": 0.0, \"JAP_TOTAL_MARKET_STOCKS\": 0.0, \"ASIA_EXJAP_TOTAL_MARKET_STOCKS\": 0.0, \"EMERGING_MARKETS_BONDS\": 0.0, \"EUR_TOTAL_MARKET_BONDS\": 0.0324, \"INTERNATIONAL_BONDS\": 0.0, \"UK_TOTAL_MARKET_STOCKS\": 0.0, \"GLOBAL_MARKETS_STOCKS\": 0.0, \"US_TOTAL_MARKET_BONDS\": 0.0, \"AUS_HIGH_YIELD_STOCKS\": 0.0, \"AUS_MUNICIPAL_BONDS\": 0.0, \"INFLATION_PROTECTED_BONDS\": 0.0, \"AUS_LARGE_CAP_VALUE_STOCKS\": 0.1918, \"AUS_GOVT_BONDS\": 0.0, \"EUR_TOTAL_MARKET_STOCKS\": 0.71, \"AUS_CORPORATE_BONDS\": 0.0, \"CN_TOTAL_MARKET_STOCKS\": 0.0, \"EMERGING_MARKETS_STOCKS\": 0.0, \"AUS_TOTAL_MARKET_STOCKS\": 0.0582}", "risk": 0.96}}, {"pk": 7638, "model": "portfolios.portfoliobyrisk", "fields": {"volatility": 10.8719, "expected_return": 2.37, "portfolio_set": 1, "allocations": "{\"UK_TOTAL_MARKET_BONDS\": 0.03, \"CN_TOTAL_MARKET_BONDS\": 0.0, \"AUS_SMALL_CAP_VALUE_STOCKS\": 0.0, \"ASIA_EXJAP_TOTAL_MARKET_BONDS\": 0.0, \"US_TOTAL_MARKET_STOCKS\": 0.0, \"JAP_TOTAL_MARKET_STOCKS\": 0.0, \"ASIA_EXJAP_TOTAL_MARKET_STOCKS\": 0.0, \"EMERGING_MARKETS_BONDS\": 0.0, \"EUR_TOTAL_MARKET_BONDS\": 0.0, \"INTERNATIONAL_BONDS\": 0.0, \"UK_TOTAL_MARKET_STOCKS\": 0.0, \"GLOBAL_MARKETS_STOCKS\": 0.0, \"US_TOTAL_MARKET_BONDS\": 0.0, \"AUS_HIGH_YIELD_STOCKS\": 0.0, \"AUS_MUNICIPAL_BONDS\": 0.0, \"INFLATION_PROTECTED_BONDS\": 0.0, \"AUS_LARGE_CAP_VALUE_STOCKS\": 0.25, \"AUS_GOVT_BONDS\": 0.0, \"EUR_TOTAL_MARKET_STOCKS\": 0.72, \"AUS_CORPORATE_BONDS\": 0.0, \"CN_TOTAL_MARKET_STOCKS\": 0.0, \"EMERGING_MARKETS_STOCKS\": 0.0, \"AUS_TOTAL_MARKET_STOCKS\": 0.0}", "risk": 0.97}}, {"pk": 7639, "model": "portfolios.portfoliobyrisk", "fields": {"volatility": 11.0072, "expected_return": 2.59, "portfolio_set": 1, "allocations": "{\"UK_TOTAL_MARKET_BONDS\": 0.02, \"CN_TOTAL_MARKET_BONDS\": 0.0, \"AUS_SMALL_CAP_VALUE_STOCKS\": 0.0, \"ASIA_EXJAP_TOTAL_MARKET_BONDS\": 0.0, \"US_TOTAL_MARKET_STOCKS\": 0.0, \"JAP_TOTAL_MARKET_STOCKS\": 0.0, \"ASIA_EXJAP_TOTAL_MARKET_STOCKS\": 0.0, \"EMERGING_MARKETS_BONDS\": 0.0, \"EUR_TOTAL_MARKET_BONDS\": 0.0, \"INTERNATIONAL_BONDS\": 0.0, \"UK_TOTAL_MARKET_STOCKS\": 0.0, \"GLOBAL_MARKETS_STOCKS\": 0.0, \"US_TOTAL_MARKET_BONDS\": 0.0, \"AUS_HIGH_YIELD_STOCKS\": 0.0, \"AUS_MUNICIPAL_BONDS\": 0.0, \"INFLATION_PROTECTED_BONDS\": 0.0, \"AUS_LARGE_CAP_VALUE_STOCKS\": 0.25, \"AUS_GOVT_BONDS\": 0.0, \"EUR_TOTAL_MARKET_STOCKS\": 0.73, \"AUS_CORPORATE_BONDS\": 0.0, \"CN_TOTAL_MARKET_STOCKS\": 0.0, \"EMERGING_MARKETS_STOCKS\": 0.0, \"AUS_TOTAL_MARKET_STOCKS\": 0.0}", "risk": 0.98}}, {"pk": 7640, "model": "portfolios.portfoliobyrisk", "fields": {"volatility": 11.0954, "expected_return": 2.43, "portfolio_set": 1, "allocations": "{\"UK_TOTAL_MARKET_BONDS\": 0.0, \"CN_TOTAL_MARKET_BONDS\": 0.0, \"AUS_SMALL_CAP_VALUE_STOCKS\": 0.0, \"ASIA_EXJAP_TOTAL_MARKET_BONDS\": 0.0, \"US_TOTAL_MARKET_STOCKS\": 0.0, \"JAP_TOTAL_MARKET_STOCKS\": 0.0, \"ASIA_EXJAP_TOTAL_MARKET_STOCKS\": 0.0, \"EMERGING_MARKETS_BONDS\": 0.0, \"EUR_TOTAL_MARKET_BONDS\": 0.0, \"INTERNATIONAL_BONDS\": 0.0, \"UK_TOTAL_MARKET_STOCKS\": 0.0, \"GLOBAL_MARKETS_STOCKS\": 0.0, \"US_TOTAL_MARKET_BONDS\": 0.0, \"AUS_HIGH_YIELD_STOCKS\": 0.0, \"AUS_MUNICIPAL_BONDS\": 0.0, \"INFLATION_PROTECTED_BONDS\": 0.0, \"AUS_LARGE_CAP_VALUE_STOCKS\": 0.24, \"AUS_GOVT_BONDS\": 0.0, \"EUR_TOTAL_MARKET_STOCKS\": 0.75, \"AUS_CORPORATE_BONDS\": 0.01, \"CN_TOTAL_MARKET_STOCKS\": 0.0, \"EMERGING_MARKETS_STOCKS\": 0.0, \"AUS_TOTAL_MARKET_STOCKS\": 0.0}", "risk": 0.99}}, {"pk": 7641, "model": "portfolios.portfoliobyrisk", "fields": {"volatility": 11.2417, "expected_return": 2.73, "portfolio_set": 1, "allocations": "{\"UK_TOTAL_MARKET_BONDS\": 0.0, \"CN_TOTAL_MARKET_BONDS\": 0.0, \"AUS_SMALL_CAP_VALUE_STOCKS\": 0.0, \"ASIA_EXJAP_TOTAL_MARKET_BONDS\": 0.0, \"US_TOTAL_MARKET_STOCKS\": 0.0, \"JAP_TOTAL_MARKET_STOCKS\": 0.0, \"ASIA_EXJAP_TOTAL_MARKET_STOCKS\": 0.0, \"EMERGING_MARKETS_BONDS\": 0.0, \"EUR_TOTAL_MARKET_BONDS\": 0.0, \"INTERNATIONAL_BONDS\": 0.0, \"UK_TOTAL_MARKET_STOCKS\": 0.0, \"GLOBAL_MARKETS_STOCKS\": 0.0, \"US_TOTAL_MARKET_BONDS\": 0.0, \"AUS_HIGH_YIELD_STOCKS\": 0.0, \"AUS_MUNICIPAL_BONDS\": 0.0, \"INFLATION_PROTECTED_BONDS\": 0.0, \"AUS_LARGE_CAP_VALUE_STOCKS\": 0.25, \"AUS_GOVT_BONDS\": 0.0, \"EUR_TOTAL_MARKET_STOCKS\": 0.75, \"AUS_CORPORATE_BONDS\": 0.0, \"CN_TOTAL_MARKET_STOCKS\": 0.0, \"EMERGING_MARKETS_STOCKS\": 0.0, \"AUS_TOTAL_MARKET_STOCKS\": 0.0}", "risk": 1.0}}, {"pk": 1, "model": "portfolios.view", "fields": {"assets": "VAS, ILB\r\n1, -1", "q": 0.01, "portfolio_set": 1}}, {"pk": 3, "model": "portfolios.view", "fields": {"assets": "VAS, VHY\r\n1, -1", "q": 0.01, "portfolio_set": 1}}, {"pk": 4, "model": "portfolios.view", "fields": {"assets": "VAS, RGB\r\n1, -1", "q": 0.01, "portfolio_set": 1}}, {"pk": 5, "model": "portfolios.view", "fields": {"assets": "VLC, VGS\r\n1, -1", "q": 0.01, "portfolio_set": 1}}, {"pk": 6, "model": "portfolios.view", "fields": {"assets": "VTS, VAS\r\n-1, 1", "q": 0.01, "portfolio_set": 1}}, {"pk": 1, "model": "main.user", "fields": {"is_superuser": true, "last_login": "2015-09-14T08:55:43.935Z", "date_joined": "2015-08-31T22:52:32.864Z", "password": "pbkdf2_sha256$20000$UWhfnhzn9qYn$624ImfWoaOkkqloUAU3xcyOMwwEHdtU42j1gIWZ/CDQ=", "groups": [], "first_name": "cristian", "username": "criloz", "is_active": true, "last_name": "lozano", "user_permissions": [], "is_staff": true, "email": "criscalovis@gmail.com", "middle_name": ""}}, {"pk": 2, "model": "main.user", "fields": {"is_superuser": false, "last_login": "2015-09-02T10:58:00.493Z", "date_joined": "2015-09-02T10:45:08.785Z", "password": "pbkdf2_sha256$20000$s4CrKBiiuwAr$0x90N7nE0qJC8pFEmUi+Ah+0nQvh/qov26PQv7ZiOqc=", "groups": [], "first_name": "Alberto", "username": "", "is_active": true, "last_name": "Santos", "user_permissions": [], "is_staff": false, "email": "criscalovis@hotmail.com", "middle_name": "N"}}, {"pk": 3, "model": "main.user", "fields": {"is_superuser": false, "last_login": "2015-09-14T14:03:14.421Z", "date_joined": "2015-09-02T15:08:53Z", "password": "pbkdf2_sha256$20000$s4CrKBiiuwAr$0x90N7nE0qJC8pFEmUi+Ah+0nQvh/qov26PQv7ZiOqc=", "groups": [], "first_name": "demo", "username": "", "is_active": true, "last_name": "advisor", "user_permissions": [], "is_staff": false, "email": "advisor@example.org", "middle_name": ""}}, {"pk": 4, "model": "main.user", "fields": {"is_superuser": false, "last_login": "2015-09-13T13:20:06.919Z", "date_joined": "2015-09-02T18:07:41Z", "password": "", "groups": [], "first_name": "Rhonda", "username": "", "is_active": true, "last_name": "Pearlman", "user_permissions": [], "is_staff": false, "email": "20825@example.com", "middle_name": ""}}, {"pk": 5, "model": "main.user", "fields": {"is_superuser": false, "last_login": null, "date_joined": "2015-09-03T03:43:15Z", "password": "", "groups": [], "first_name": "John", "username": "", "is_active": true, "last_name": "Adams", "user_permissions": [], "is_staff": false, "email": "6587@demo.org", "middle_name": ""}}, {"pk": 6, "model": "main.user", "fields": {"is_superuser": false, "last_login": "2015-09-14T14:41:55.147Z", "date_joined": "2015-09-03T11:16:36Z", "password": "", "groups": [], "first_name": "Barack", "username": "", "is_active": true, "last_name": "Obama", "user_permissions": [], "is_staff": false, "email": "obama@demo.org", "middle_name": ""}}, {"pk": 7, "model": "main.user", "fields": {"is_superuser": false, "last_login": "2015-09-06T22:54:43.610Z", "date_joined": "2015-09-04T08:10:59Z", "password": "pbkdf2_sha256$20000$s4CrKBiiuwAr$0x90N7nE0qJC8pFEmUi+Ah+0nQvh/qov26PQv7ZiOqc=", "groups": [], "first_name": "advisor 2", "username": "", "is_active": true, "last_name": "demo", "user_permissions": [], "is_staff": false, "email": "advisor2@example.org", "middle_name": ""}}, {"pk": 8, "model": "main.user", "fields": {"is_superuser": false, "last_login": null, "date_joined": "2015-09-04T08:21:43Z", "password": "", "groups": [], "first_name": "advisor 3", "username": "", "is_active": true, "last_name": "demo", "user_permissions": [], "is_staff": false, "email": "advisor3@example.org", "middle_name": ""}}, {"pk": 9, "model": "main.user", "fields": {"is_superuser": false, "last_login": null, "date_joined": "2015-09-07T07:29:19Z", "password": "pbkdf2_sha256$20000$33u3rIEY1z7M$tGR1g3rnnc2fO1xzMl1Q5uHkuwQ5DKH2sY6b8VEWpyk=", "groups": [], "first_name": "admin", "username": "", "is_active": true, "last_name": "demo", "user_permissions": [], "is_staff": false, "email": "admin@demo.com", "middle_name": ""}}, {"pk": 1, "model": "main.advisor", "fields": {"city": "Secret", "address_line_1": "Kr 55 No 5-41", "confirmation_key": null, "betasmartz_agreement": true, "phone_number": "1234567891", "address_line_2": "", "medicare_number": "121646a", "letter_of_authority": "./Change-of-Dealer-Group-form.pdf", "post_code": "1259", "is_accepted": true, "token": "12d8b193-0835-40b9-baa5-01f9a668b434", "security_answer_1": "aaa", "is_confirmed": true, "date_of_birth": "1987-10-15", "gender": "Male", "security_answer_2": "ccc", "state": "NT", "security_question_1": "What was the name of your elementary school?", "security_question_2": "What is your oldest sibling's birth month?", "user": 3, "firm": 1}}, {"pk": 2, "model": "main.advisor", "fields": {"city": "Ft. lorenzo", "address_line_1": "WXYZ", "confirmation_key": null, "betasmartz_agreement": true, "phone_number": "4582356871", "address_line_2": "PLDE", "medicare_number": "2583694", "letter_of_authority": "./pgadmin_ggskSUU.log", "post_code": "3658", "is_accepted": true, "token": null, "security_answer_1": "hoho", "is_confirmed": true, "date_of_birth": "1957-09-04", "gender": "Male", "security_answer_2": "hoho", "state": "NSW", "security_question_1": "What was the name of your elementary school?", "security_question_2": "What is your oldest sibling's birth month?", "user": 7, "firm": 1}}, {"pk": 3, "model": "main.advisor", "fields": {"city": "jjj", "address_line_1": "lkj", "confirmation_key": null, "betasmartz_agreement": true, "phone_number": "3214569875", "address_line_2": "bng", "medicare_number": "55454596", "letter_of_authority": "./pgadmin_gnUq2VU.log", "post_code": "2569", "is_accepted": false, "token": null, "security_answer_1": "mmmm", "is_confirmed": true, "date_of_birth": "1975-09-04", "gender": "Male", "security_answer_2": "mmmm", "state": "NT", "security_question_1": "What was the name of your favorite childhood friend?", "security_question_2": "In what city did your mother and father meet?", "user": 8, "firm": 1}}, {"pk": 1, "model": "main.client", "fields": {"city": "ACK", "confirmation_key": null, "tax_file_number": "656566", "post_code": "1259", "advisor": 1, "ten_percent_insider": false, "security_answer_1": "aaa", "address_line_2": "apt 01", "security_answer_2": "ccc", "provide_tfn": 0, "secondary_advisors": [], "user": 4, "associated_to_broker_dealer": false, "address_line_1": "Kr 55 No 5-41", "phone_number": "9874563248", "client_agreement": "./pgadmin.log", "is_accepted": true, "is_confirmed": true, "create_date": "2015-09-03T00:00:00Z", "date_of_birth": "1975-09-02", "gender": "Male", "state": "SA", "security_question_1": "What was the name of your elementary school?", "security_question_2": "What street did you live on in third grade?"}}, {"pk": 2, "model": "main.client", "fields": {"city": "aaa", "confirmation_key": null, "tax_file_number": "441513", "post_code": "8564", "advisor": 1, "ten_percent_insider": false, "security_answer_1": "pld", "address_line_2": "tbd", "security_answer_2": "zxy", "provide_tfn": 0, "secondary_advisors": [], "user": 5, "associated_to_broker_dealer": false, "address_line_1": "abc", "phone_number": "6549871236", "client_agreement": "./Change-of-Dealer-Group-form_byjTfb5.pdf", "is_accepted": true, "is_confirmed": true, "create_date": "2015-09-03T00:00:00Z", "date_of_birth": "1985-09-02", "gender": "Male", "state": "NSW", "security_question_1": "What was the name of your elementary school?", "security_question_2": "What street did you live on in third grade?"}}, {"pk": 3, "model": "main.client", "fields": {"city": "aaaa", "confirmation_key": null, "tax_file_number": "85755", "post_code": "6339", "advisor": 1, "ten_percent_insider": false, "security_answer_1": "232323", "address_line_2": "xwx", "security_answer_2": "00330", "provide_tfn": 0, "secondary_advisors": [], "user": 6, "associated_to_broker_dealer": false, "address_line_1": "xyz", "phone_number": "1234567893", "client_agreement": "./pgadmin_bsHD0jP.log", "is_accepted": true, "is_confirmed": true, "create_date": "2015-09-03T11:18:40.686Z", "date_of_birth": "1972-09-22", "gender": "Male", "state": "SA", "security_question_1": "What was the name of your favorite childhood friend?", "security_question_2": "What street did you live on in third grade?"}}]