[{"fields": {"token": "7b5e7cae-951d-4a43-aa37-7fbef39b0656", "knocked_out_logo_url": "./MSA_Logo.png", "client_agreement_url": "./pgadmin_yxCqN9n.log", "name": "Cristian Advisors", "slug": "cristian-advisors", "dealer_group_number": "", "logo_url": "", "form_adv_part2_url": "", "fee": 0}, "pk": 1, "model": "main.firm"}, {"fields": {"token": "c4305001-dab3-4185-9def-32aca6e99e2c", "knocked_out_logo_url": "", "client_agreement_url": "", "name": "Bancolombia", "slug": "bancolombia", "dealer_group_number": "", "logo_url": "", "form_adv_part2_url": "", "fee": 0}, "pk": 2, "model": "main.firm"}, {"fields": {"afsl_asic_document": "./Compa\u00f1\u00eda_de_Financiamiento_Tuya_S_ix37QXO.pdf", "fax_number": "2365896574", "fee_bank_account_bsb_number": "sdfsd", "postal_address_line_2": "lokjlk", "mobile_phone_number": "2365896574", "same_address": false, "postal_city": "Medellin", "alternate_email_address": "criscalovis@gmail.com", "postal_state": "NSW", "fee_bank_account_number": "54164164", "fee_bank_account_name": "Cristian Lozano", "office_post_code": "4454", "office_state": "NSW", "fee_bank_account_branch_name": "54545", "postal_post_code": "2512", "office_city": "Medellin", "postal_address_line_1": "Kr 55 No 5-41", "fee_bank_account_holder_name": "fsdfdsfsdfds", "daytime_phone_number": "2365896574", "afsl_asic": "546546446", "last_change": "2015-09-01", "office_address_line_1": "Kr 55 No 5-41", "firm": 2, "australian_business_number": "dsfsdfsdfsdfsd", "office_address_line_2": "sadfsdsdf"}, "pk": 1, "model": "main.firmdata"}, {"fields": {"name": "new household", "advisor": 1, "secondary_advisors": []}, "pk": 7, "model": "main.accountgroup"}, {"fields": {"name": "Rhonda Pearlman edition", "advisor": 1, "secondary_advisors": []}, "pk": 8, "model": "main.accountgroup"}, {"fields": {"primary_owner": 1, "account_type": "1", "account_group": 8, "custom_fee": 0, "created_at": "2015-09-04T10:57:57.210Z"}, "pk": 5, "model": "main.clientaccount"}, {"fields": {"primary_owner": 3, "account_type": "PERSONAL", "account_group": 7, "custom_fee": 33, "created_at": "2015-09-04T10:57:57.210Z"}, "pk": 6, "model": "main.clientaccount"}, {"fields": {"foreground_color": "#FFFFFF", "primary_color": "#50891E", "tickers_explanation": "VSO, ISO, and SSO are highly correlated options to gain Australian Small-Cap Value stock exposure. VSO is our primary choice with its low expenses and large asset base.", "drift_color": "#B9D0A5", "display_order": 2, "name": "AUS_SMALL_CAP_VALUE_STOCKS", "asset_class_explanation": "Australian Small-Cap Value stocks overlap with the Australian Total Stock Market, but are included to tilt the portfolio towards small size companies with generally low price-to-earnings ratios. Value-tilting has historically showed good results, and it in general increases the portfolio's dividend yield.", "display_name": "Australian Small-Cap Value", "super_asset_class": "EQUITY_AU", "investment_type": "STOCKS"}, "pk": 1, "model": "main.assetclass"}, {"fields": {"foreground_color": "#FFFFFF", "primary_color": "#035D0E", "tickers_explanation": "VHY, RDV, YMAX, SYI, RVL and IHD are all dependable avenues to gain exposure to Australian High Yield Stocks. VHY is our primary choice with its tight bid-ask spread and a low expense ratio.", "drift_color": "#9ABE9F", "display_order": 3, "name": "AUS_HIGH_YIELD_STOCKS", "asset_class_explanation": "Australian High Yield Stocks overlap with the Australian Total Stock Market, but are included to tilt the portfolio towards companies with higher forecast dividends relative to other companies. Value-tilting has historically showed good results, and generally increases the portfolio's dividend yield.", "display_name": "Australian High Yield Corporate", "super_asset_class": "EQUITY_AU", "investment_type": "STOCKS"}, "pk": 2, "model": "main.assetclass"}, {"fields": {"foreground_color": "#FFFFFF", "primary_color": "#AD0000", "tickers_explanation": "VGS and IOO are both dependable avenues to gain exposure to Global Market stocks. VGS is our primary choice with its tight bid-ask spread and a low expense ratio.", "drift_color": "#B34D4D", "display_order": 4, "name": "GLOBAL_MARKETS_STOCKS", "asset_class_explanation": "Global Markets stocks provide exposure to a diverse set of companies from international developed economies including the US, UK, Europe, Japan, and others, excluding Australia. It reflects global risk/return and has lower correlations to the Australian market.", "display_name": "Global Markets", "super_asset_class": "EQUITY_INT", "investment_type": "STOCKS"}, "pk": 3, "model": "main.assetclass"}, {"fields": {"foreground_color": "#FFFFFF", "primary_color": "#D6EBFF", "tickers_explanation": "RGB, GOVT, VGB and IGB offer broad exposure to the Australian Government Bond market. RGB is our primary choice due to its low expense ratio and high liquidity.", "drift_color": "#EFF7FF", "display_order": 13, "name": "AUS_GOVT_BONDS", "asset_class_explanation": "Australian Government Bonds are an extremely low-risk asset class as a cash alternative that generates nominal benefit through interest payments, and de-risks the portfolio at safer allocations.", "display_name": "Australian Government Bonds", "super_asset_class": "FIXED_INCOME_AU", "investment_type": "BONDS"}, "pk": 4, "model": "main.assetclass"}, {"fields": {"foreground_color": "#FFFFFF", "primary_color": "#409BF6", "tickers_explanation": "BOND, IAF, and RCB provide portfolio exposure to the Australian Corporate Bond market. BOND's tight bid-ask spread and stronger asset base make it our primary choice.", "drift_color": "#B3D7FB", "display_order": 12, "name": "AUS_CORPORATE_BONDS", "asset_class_explanation": "Australian Corporate Bonds are issued by corporations to finance business activities. Corporate bonds generally offer much more attractive yields and opportunity for capital appreciation to compensate investors for default risk. They also diversify the fixed-income portfolio, resulting in higher risk-adjusted returns.", "display_name": "Australian Corporate Bonds", "super_asset_class": "FIXED_INCOME_AU", "investment_type": "BONDS"}, "pk": 5, "model": "main.assetclass"}, {"fields": {"foreground_color": "#FFFFFF", "primary_color": "#BCE577", "tickers_explanation": "VAS, STW, and QOZ all offer exposure to the entire Australian Stock market and are highly correlated. They all have very low expense ratios. VAS has high liquidity and small bid-ask spreads so it is our primary choice.", "drift_color": "#E4F5C9", "display_order": 0, "name": "AUS_TOTAL_MARKET_STOCKS", "asset_class_explanation": "Australian Total Stock Market contains broad exposure to the entire Australian stock market, including growth and value companies of small, mid and large capitalizations. This asset class allows participation in the historically strong long-term growth of the Australian economy.", "display_name": "Australian Total Stock Market", "super_asset_class": "EQUITY_AU", "investment_type": "STOCKS"}, "pk": 6, "model": "main.assetclass"}, {"fields": {"foreground_color": "#FFFFFF", "primary_color": "#ADD6FF", "tickers_explanation": "ILB is the only offering to have a broad representation of Australian Government Inflation and has a low expense ratio.", "drift_color": "#DEEFFF", "display_order": 14, "name": "INFLATION_PROTECTED_BONDS", "asset_class_explanation": "Australian Government Inflation includes Australian Government Bonds issued by the Australian Commonwealth Government and Australian State-Governments which are supposed to provide a hedge against inflation. This allocation serves to insulate a part of the portfolio from the depreciating effects of inflation while also having historically relatively low correlation with other asset classes.", "display_name": "Australian Government Inflation", "super_asset_class": "FIXED_INCOME_AU", "investment_type": "BONDS"}, "pk": 7, "model": "main.assetclass"}, {"fields": {"foreground_color": "#FFFFFF", "primary_color": "#B86200", "tickers_explanation": "RIGS (NYSE) provides exposure to the whole international fixed-income market. It carries a competitive expense ratio and robust asset base.", "drift_color": "#E3CAAA", "display_order": 16, "name": "INTERNATIONAL_BONDS", "asset_class_explanation": "International Bonds are issued by non-Australian developed and emerging market governments, semi-governments and corporates. They have high credit quality and provide interest rate diversification for a bond portfolio, generally resulting in higher risk-adjusted returns.", "display_name": "International Bonds", "super_asset_class": "FIXED_INCOME_INT", "investment_type": "BONDS"}, "pk": 8, "model": "main.assetclass"}, {"fields": {"foreground_color": "#FFFFFF", "primary_color": "#96D363", "tickers_explanation": "VLC, ILC and SFY all offer broad Australian Large-Cap Value Stock exposure and are highly correlated. VLC and ILC have the lowest expense ratios. VLC is our primary choice due to its high liquidity.", "drift_color": "#D5EDC1", "display_order": 1, "name": "AUS_LARGE_CAP_VALUE_STOCKS", "asset_class_explanation": "Australian Large-Cap Value stocks overlap with the Australian Total Stock Market, but are included to tilt the portfolio toward large size companies with generally low price-to-earnings ratios. Value-tilting has historically showed good performance, and also in general increases the portfolio's dividend yield.", "display_name": "Australian Large-Cap Value", "super_asset_class": "EQUITY_AU", "investment_type": "STOCKS"}, "pk": 9, "model": "main.assetclass"}, {"fields": {"foreground_color": "#FFFFFF", "primary_color": "#8BC5FF", "tickers_explanation": "RSM offers broad exposure to the Australian Semi-Government Bond market. RSM is our primary choice due to its low expense ratio and high liquidity.", "drift_color": "#DAEDFF", "display_order": 15, "name": "AUS_MUNICIPAL_BONDS", "asset_class_explanation": "Australian Semi-Government Bonds are issue by State Government, State Treasury Corporations and Municipalities to finance capital expenditures. While Semi-Government Bond credit risk is slightly higher than Australian Government Bonds, it is still quite low and makes them an excellent addition to portfolios.", "display_name": "Australian Semi-Government Bonds", "super_asset_class": "FIXED_INCOME_AU", "investment_type": "BONDS"}, "pk": 10, "model": "main.assetclass"}, {"fields": {"foreground_color": "#FFFFFF", "primary_color": "#870F0F", "tickers_explanation": "VTS, VTI:NY, SCHB:NY, and ITOT:NY all offer exposure to the entire US Stock market and are highly correlated. They all have very low expense ratios. VTS offers exposure in Australian Dollars. It has a very low expense ratio, high liquidity and small bid-ask spreads so it is our primary choice.", "drift_color": "#B34646", "display_order": 5, "name": "US_TOTAL_MARKET_STOCKS", "asset_class_explanation": "US Total Stock Market contains broad exposure to the entire US stock market, including growth and value companies of small, mid and large capitalizations. This asset class allows participation in the historically strong long-term growth of the US economy.", "display_name": "US Total Stock Market", "super_asset_class": "EQUITY_US", "investment_type": "STOCKS"}, "pk": 11, "model": "main.assetclass"}, {"fields": {"foreground_color": "#FFFFFF", "primary_color": "#BD6640", "tickers_explanation": "IUSB:NY provides portfolio exposure to the US dollar-denominated bond market and provides access to potentially higher yielding bond categories not included in a US aggregate bond ETF making it our primary choice.", "drift_color": "#DEB78A", "display_order": 17, "name": "US_TOTAL_MARKET_BONDS", "asset_class_explanation": "US Total Bond Market contains broad exposure to the entire US dollar denominated bonds market, including government and corporate issued bonds that are rated either investment grade or high-yield. Corporate bonds generally offer much more attractive yields and opportunity for capital appreciation to compensate investors for default risk while government bonds are an extremely low-risk asset class as a cash alternative that generates nominal benefit through interest payments.", "display_name": "US Total Bond Market", "super_asset_class": "FIXED_INCOME_US", "investment_type": "BONDS"}, "pk": 12, "model": "main.assetclass"}, {"fields": {"foreground_color": "#FFFFFF", "primary_color": "#BF3F3F", "tickers_explanation": "FTAL:L offers exposure to the entire UK Stock market. It has a very low expense ratio, high liquidity and small bid-ask spreads so it is our primary choice.", "drift_color": "#BF6F6F", "display_order": 6, "name": "UK_TOTAL_MARKET_STOCKS", "asset_class_explanation": "UK Total Stock Market contains broad exposure to the entire UK stock market, including growth and value companies of small, mid and large capitalizations. This asset class allows participation in the historically strong long-term growth of the UK economy.", "display_name": "UK Total Stock Market", "super_asset_class": "EQUITY_UK", "investment_type": "STOCKS"}, "pk": 13, "model": "main.assetclass"}, {"fields": {"foreground_color": "#FFFFFF", "primary_color": "#BF730F", "tickers_explanation": "SLXX:L provides portfolio exposure to Sterling denominated corporate bond market making it our primary choice.", "drift_color": "#DE9750", "display_order": 18, "name": "UK_TOTAL_MARKET_BONDS", "asset_class_explanation": "UK Total Bond Market contains broad exposure to Sterling denominated investment grade bonds across sectors including industrials, utilities and financial companies. Corporate bonds generally offer much more attractive yields and opportunity for capital appreciation to compensate investors for default risk.", "display_name": "UK Total Bond Market", "super_asset_class": "FIXED_INCOME_UK", "investment_type": "BONDS"}, "pk": 14, "model": "main.assetclass"}, {"fields": {"foreground_color": "#FFFFFF", "primary_color": "#BA2222", "tickers_explanation": "IJP offers exposure to the entire Japanese Stock market. It has a very low expense ratio, high liquidity and small bid-ask spreads so it is our primary choice.", "drift_color": "#C25D5D", "display_order": 7, "name": "JAP_TOTAL_MARKET_STOCKS", "asset_class_explanation": "Japan Total Stock Market contains broad exposure to the entire Japanese stock market, including growth and value companies of small, mid and large capitalizations. This asset class allows participation in the historically strong long-term growth of the Japanese economy.", "display_name": "Japan Total Stock Market", "super_asset_class": "EQUITY_JAPAN", "investment_type": "STOCKS"}, "pk": 15, "model": "main.assetclass"}, {"fields": {"foreground_color": "#FFFFFF", "primary_color": "#B84D49", "tickers_explanation": "IEU offers exposure to the entire European Stock markets. It has a very low expense ratio, high liquidity and small bid-ask spreads so it is our primary choice.", "drift_color": "#C26767", "display_order": 8, "name": "EUR_TOTAL_MARKET_STOCKS", "asset_class_explanation": "Europe Total Stock Markets contains broad exposure to the entire European stock markets, including growth and value companies of mid and large capitalizations. This asset class allows participation in the long-term growth of the European economy. ", "display_name": "Europe Total Stock Markets", "super_asset_class": "EQUITY_EU", "investment_type": "STOCKS"}, "pk": 16, "model": "main.assetclass"}, {"fields": {"foreground_color": "#FFFFFF", "primary_color": "#B06443", "tickers_explanation": "IEAG:L provides portfolio exposure to the Euro denominated bond market making it our primary choice.", "drift_color": "#E09867", "display_order": 19, "name": "EUR_TOTAL_MARKET_BONDS", "asset_class_explanation": "Europe Total Bonds contains broad exposure to the entire Euro denominated investment grade bond market, including government, government-related, corporate and securitised bonds. Corporate bonds generally offer much more attractive yields and opportunity for capital appreciation to compensate investors for default risk while government bonds are an extremely low-risk asset class as a cash alternative that generates nominal benefit through interest payments.", "display_name": "Europe Total Bond Markets", "super_asset_class": "FIXED_INCOME_EU", "investment_type": "BONDS"}, "pk": 17, "model": "main.assetclass"}, {"fields": {"foreground_color": "#FFFFFF", "primary_color": "#854242", "tickers_explanation": "AAXJ:NY offers Asia ex Japan market stock exposure. AAXJ is our primary choice due to its lower expense ratio and tight bid-ask spread.", "drift_color": "#E89B9B", "display_order": 9, "name": "ASIA_EXJAP_TOTAL_MARKET_STOCKS", "asset_class_explanation": "Asia ex Japan Stocks contain broad exposure to growth and value companies of mid and large capitalizations in emerging and developed Asian countries (excluding Japan), however it comes with higher risk compared to Australian or International Developed stocks. This asset helps your portfolio to grow with developing nations as they modernise and become wealthier.", "display_name": "Asia (Ex Jap) Total Stock Markets", "super_asset_class": "EQUITY_AS", "investment_type": "STOCKS"}, "pk": 18, "model": "main.assetclass"}, {"fields": {"foreground_color": "#FFFFFF", "primary_color": "#BA7923", "tickers_explanation": "ALD:NY provides portfolio exposure to the Asia ex Japan bond markets making it our primary choice.", "drift_color": "#FFA630", "display_order": 20, "name": "ASIA_EXJAP_TOTAL_MARKET_BONDS", "asset_class_explanation": "Asia ex Japan Bonds contains broad exposure to local debt denominated in the currencies of Asia Pacific ex Japan countries including government and corporate issued bonds. Corporate bonds generally offer much more attractive yields and opportunity for capital appreciation to compensate investors for default risk while government bonds are an extremely low-risk asset class as a cash alternative that generates nominal benefit through interest payments.", "display_name": "Asia (Ex Jap) Total Bond Markets", "super_asset_class": "FIXED_INCOME_AS", "investment_type": "BONDS"}, "pk": 19, "model": "main.assetclass"}, {"fields": {"foreground_color": "#FFFFFF", "primary_color": "#9E4F4F", "tickers_explanation": "MCHI:NY offers China market stock exposure. MCHI is our primary choice due to its lower expense ratio and tight bid-ask spread.", "drift_color": "#D6716D", "display_order": 10, "name": "CN_TOTAL_MARKET_STOCKS", "asset_class_explanation": "China Total Stock Market contains broad exposure to the entire Chinese stock market, including growth and value companies of mid and large capitalizations available to international investors and provides higher return potential and diversification, however it comes with higher risk compared to Australian or International Developed stocks. This asset helps your portfolio to grow with developing nations as they modernise and become wealthier.", "display_name": "China Total Stock Market", "super_asset_class": "EQUITY_INT", "investment_type": "STOCKS"}, "pk": 20, "model": "main.assetclass"}, {"fields": {"foreground_color": "#FFFFFF", "primary_color": "#D97B3D", "tickers_explanation": "DSUM:NY provides portfolio exposure to the RMB-denominated bond market making it our primary choice.", "drift_color": "#FFA66B", "display_order": 21, "name": "CN_TOTAL_MARKET_BONDS", "asset_class_explanation": "China Total Bond Market contains broad exposure to the entire Chinese Renminbi (RMB)-denominated bonds market, including government, agency, supranational and corporate issued bonds. Corporate bonds generally offer much more attractive yields and opportunity for capital appreciation to compensate investors for default risk while government bonds are an extremely low-risk asset class as a cash alternative that generates nominal benefit through interest payments.", "display_name": "China Total Bond Market", "super_asset_class": "FIXED_INCOME_CN", "investment_type": "BONDS"}, "pk": 21, "model": "main.assetclass"}, {"fields": {"foreground_color": "#FFFFFF", "primary_color": "#9E3529", "tickers_explanation": "VGE:NY, VWO:NY, IEMG:NY, and EEM:NY all offer Emerging Market stock exposure. VGE is our primary choice due to its lower expense ratio and tight bid-ask spread.", "drift_color": "#C25F34", "display_order": 11, "name": "EMERGING_MARKETS_STOCKS", "asset_class_explanation": "Emerging Market Stocks provide higher return potential and diversification, however it comes with higher risk compared to Australian or International Developed stocks. This asset helps your portfolio to grow with developing nations as they modernise and become wealthier.", "display_name": "Emerging Markets Stocks", "super_asset_class": "EQUITY_EM", "investment_type": "STOCKS"}, "pk": 22, "model": "main.assetclass"}, {"fields": {"foreground_color": "#FFFFFF", "primary_color": "#FF8138", "tickers_explanation": "EMB:NY, VWOB:NY and PCY:NY provide exposure to Emerging Market Bonds. They are all highly correlated, and EMB is our primary choice due to its lower expense ratio.", "drift_color": "#FFC273", "display_order": 22, "name": "EMERGING_MARKETS_BONDS", "asset_class_explanation": "Emerging Market Bonds are US dollar-denominated bonds issued by governments with economies that are rapidly growing and industrializing. This asset class is higher risk but also offers a higher expected return than developed markets' bonds or Government Bonds. Their unusually low correlation with other bonds result in higher risk-adjusted performance for the portfolio.", "display_name": "Emerging Markets Bonds", "super_asset_class": "FIXED_INCOME_EM", "investment_type": "BONDS"}, "pk": 23, "model": "main.assetclass"}, {"fields": {"description": "Australian Small-Cap Value", "unit_price": 40.95, "asset_class": 1, "currency": "AUD", "display_name": "Vanguard MSCI Australian Small Companies Index ETF", "url": "https://www.vanguardinvestments.com.au/retail/ret/investments/etfdetailVASCIE.jsp", "symbol": "VSO", "ordering": 0}, "pk": 1, "model": "main.ticker"}, {"fields": {"description": "Australian High Yield Corporate", "unit_price": 58.23, "asset_class": 2, "currency": "AUD", "display_name": "Vanguard Australian Shares High Yield ETF", "url": "https://www.vanguardinvestments.com.au/retail/ret/investments/etfdetailVASHYE.jsp", "symbol": "VHY", "ordering": 0}, "pk": 3, "model": "main.ticker"}, {"fields": {"description": "Global Markets", "unit_price": 58.57, "asset_class": 3, "currency": "AUD", "display_name": "Vanguard MSCI Index International Shares ETF", "url": "https://www.vanguardinvestments.com.au/retail/ret/investments/etfdetailVISIFE.jsp", "symbol": "VGS", "ordering": 0}, "pk": 5, "model": "main.ticker"}, {"fields": {"description": "Australian Government Bonds", "unit_price": 21.38, "asset_class": 4, "currency": "AUD", "display_name": "Russell Australian Government Bond ETF", "url": "http://www.russell.com/au/solutions/exchange-traded-funds/data.aspx?id=RAGBETF", "symbol": "RGB", "ordering": 0}, "pk": 7, "model": "main.ticker"}, {"fields": {"description": "Australian Corporate Bonds", "unit_price": 26.14, "asset_class": 5, "currency": "AUD", "display_name": "SPDR S&P/ASX Australian Bond Fund", "url": "https://www.spdrs.com.au/etf/fund/fund_detail_BOND.html", "symbol": "BOND", "ordering": 0}, "pk": 8, "model": "main.ticker"}, {"fields": {"description": "Australian Total Stock Market", "unit_price": 65.8, "asset_class": 6, "currency": "AUD", "display_name": "Vanguard Australian Shares Index ETF", "url": "https://www.vanguardinvestments.com.au/retail/ret/investments/etfdetailVASIFE.jsp", "symbol": "VAS", "ordering": 0}, "pk": 10, "model": "main.ticker"}, {"fields": {"description": "Australian Government Inflation", "unit_price": 114.11, "asset_class": 7, "currency": "AUD", "display_name": "iShares Government Inflation ETF", "url": "https://www.blackrock.com/au/individual/products/251978/ishares-government-inflation-etf", "symbol": "ILB", "ordering": 0}, "pk": 12, "model": "main.ticker"}, {"fields": {"description": "International Bonds", "unit_price": 34.8461430377968, "asset_class": 8, "currency": "USD", "display_name": "RiverFront Strategic Income Fund ETF", "url": "http://www.alpsfunds.com/overview/RIGS", "symbol": "RIGS", "ordering": 0}, "pk": 13, "model": "main.ticker"}, {"fields": {"description": "Australian Large-Cap Value", "unit_price": 56.93, "asset_class": 9, "currency": "AUD", "display_name": "Vanguard Value ETF", "url": "https://www.vanguardinvestments.com.au/retail/ret/investments/etfdetailVALCIE.jsp", "symbol": "VLC", "ordering": 0}, "pk": 14, "model": "main.ticker"}, {"fields": {"description": "Australian Semi-Government Bonds", "unit_price": 20.71, "asset_class": 10, "currency": "AUD", "display_name": "Russell Australian Semi-Govt Bd ETF", "url": "http://www.russell.com/au/solutions/exchange-traded-funds/data.aspx?id=RASGBETF", "symbol": "RSM", "ordering": 0}, "pk": 16, "model": "main.ticker"}, {"fields": {"description": "US Total Stock Market", "unit_price": 144.2, "asset_class": 11, "currency": "AUD", "display_name": "Vanguard US Total Market Shares Index ETF", "url": "https://www.vanguardinvestments.com.au/retail/ret/investments/etfdetailVTS.jsp", "symbol": "VTS", "ordering": 0}, "pk": 17, "model": "main.ticker"}, {"fields": {"description": "US Total Bond Market", "unit_price": 141.000421525924, "asset_class": 12, "currency": "USD", "display_name": "iShares Core Total USD Bond Market", "url": "https://www.ishares.com/us/products/264615/ishares-core-total-usd-bond-market-etf", "symbol": "IUSB", "ordering": 0}, "pk": 18, "model": "main.ticker"}, {"fields": {"description": "UK Total Stock Market", "unit_price": 81.136107, "asset_class": 13, "currency": "GBP", "display_name": "SPDR FTSE UK All Share UCITS ETF", "url": "https://www.spdrseurope.com/product/fund.seam?ticker=SPYF%20GY", "symbol": "FTAL", "ordering": 0}, "pk": 19, "model": "main.ticker"}, {"fields": {"description": "UK Total Bond Market", "unit_price": 286.494988, "asset_class": 14, "currency": "GBP", "display_name": "iShares Core \u00a3 Corporate Bond UCITS ETF", "url": "https://www.ishares.com/uk/individual/en/products/251839/ishares-corporate-bond-ucits-etf", "symbol": "SLXX", "ordering": 0}, "pk": 20, "model": "main.ticker"}, {"fields": {"description": "Japan Total Stock Market", "unit_price": 16.49, "asset_class": 15, "currency": "AUD", "display_name": "iShares MSCI Japan ETF", "url": "https://www.blackrock.com/au/individual/products/273434/ishares-msci-japan-etf", "symbol": "IJP", "ordering": 0}, "pk": 21, "model": "main.ticker"}, {"fields": {"description": "Europe Total Stock Markets", "unit_price": 58.75, "asset_class": 16, "currency": "AUD", "display_name": "iShares Europe ETF", "url": "https://www.blackrock.com/au/individual/products/273427/ishares-europe-etf", "symbol": "IEU", "ordering": 0}, "pk": 22, "model": "main.ticker"}, {"fields": {"description": "Europe Total Bond Markets", "unit_price": 258.260574, "asset_class": 17, "currency": "GBP", "display_name": "iShares Euro Aggregate Bond UCITS ETF", "url": "https://www.ishares.com/uk/individual/en/products/251725/ishares-euro-aggregate-bond-ucits-etf", "symbol": "IEAG", "ordering": 0}, "pk": 23, "model": "main.ticker"}, {"fields": {"description": "Asia (Ex Jap) Total Stock Markets", "unit_price": 74.9894618519039, "asset_class": 18, "currency": "USD", "display_name": "iShares MSCI All Country Asia ex Japan", "url": "https://www.ishares.com/us/products/239601/ishares-msci-all-country-asia-ex-japan-etf", "symbol": "AAXJ", "ordering": 0}, "pk": 24, "model": "main.ticker"}, {"fields": {"description": "Asia (Ex Jap) Total Bond Markets", "unit_price": 59.3508500772798, "asset_class": 19, "currency": "USD", "display_name": "WisdomTree Asia Local Debt ETF", "url": "http://www.wisdomtree.com/etfs/fund-details-fixed-income.aspx?etfid=77", "symbol": "ALD", "ordering": 0}, "pk": 25, "model": "main.ticker"}, {"fields": {"description": "China Total Stock Market", "unit_price": 62.1891246311648, "asset_class": 20, "currency": "USD", "display_name": "iShares MSCI China ETF", "url": "https://www.ishares.com/us/products/239619/ishares-msci-china-etf", "symbol": "MCHI", "ordering": 0}, "pk": 26, "model": "main.ticker"}, {"fields": {"description": "China Total Bond Market", "unit_price": 32.7525642827034, "asset_class": 21, "currency": "USD", "display_name": "PowerShares Chinese Yuan Dim Sum Bond ETF", "url": "https://www.invesco.com/portal/site/us/investors/etfs/product-detail?productId=DSUM", "symbol": "DSUM", "ordering": 0}, "pk": 27, "model": "main.ticker"}, {"fields": {"description": "Emerging Markets Stocks", "unit_price": 54.0, "asset_class": 22, "currency": "AUD", "display_name": "Vanguard FTSE Emerging Markets Shares ETF", "url": "https://www.vanguardinvestments.com.au/retail/ret/investments/etfdetailVGEMSE.jsp", "symbol": "VGE", "ordering": 0}, "pk": 28, "model": "main.ticker"}, {"fields": {"description": "Emerging Markets Bonds", "unit_price": 151.496417029647, "asset_class": 23, "currency": "USD", "display_name": "iShares J.P. Morgan USD Emerging Markets Bond", "url": "https://www.ishares.com/us/products/239572/ishares-jp-morgan-usd-emerging-markets-bond-etf", "symbol": "EMB", "ordering": 0}, "pk": 29, "model": "main.ticker"}, {"fields": {"status": 1, "send_count": 14, "email": "criscalovis@yahoo.com", "send_date": "2015-09-01T06:13:25.443Z", "invitation_type": 1, "inviter_id": 2, "inviter_type": 7}, "pk": 24, "model": "main.emailinvitation"}, {"fields": {"status": 0, "send_count": 1, "email": "criscalovis@hotmail.com", "send_date": "2015-09-01T06:19:04.827Z", "invitation_type": 1, "inviter_id": 2, "inviter_type": 7}, "pk": 25, "model": "main.emailinvitation"}, {"fields": {"status": 0, "send_count": 1, "email": "criscalovis@yahoo.com", "send_date": "2015-09-01T08:02:56.351Z", "invitation_type": 1, "inviter_id": 1, "inviter_type": 7}, "pk": 26, "model": "main.emailinvitation"}, {"fields": {"status": 0, "send_count": 4, "email": "criscalovis@gmail.com", "send_date": "2015-09-01T08:16:27.015Z", "invitation_type": 1, "inviter_id": 1, "inviter_type": 7}, "pk": 27, "model": "main.emailinvitation"}, {"fields": {"status": 0, "send_count": 2, "email": "criscalovis@gmail.com", "send_date": "2015-09-01T17:54:28.627Z", "invitation_type": 2, "inviter_id": 2, "inviter_type": 7}, "pk": 28, "model": "main.emailinvitation"}, {"fields": {"status": 0, "send_count": 1, "email": "criscalovis@gmail.com", "send_date": "2015-09-01T17:56:57.539Z", "invitation_type": 0, "inviter_id": 2, "inviter_type": 7}, "pk": 29, "model": "main.emailinvitation"}, {"fields": {"status": 3, "send_count": 1, "email": "criscalovis@hotmail.com", "send_date": "2015-09-02T12:38:40.524Z", "invitation_type": 1, "inviter_id": 1, "inviter_type": 7}, "pk": 30, "model": "main.emailinvitation"}, {"fields": {"status": 0, "send_count": 1, "email": "democlient@demo.com", "send_date": "2015-09-02T17:19:37.373Z", "invitation_type": 3, "inviter_id": 1, "inviter_type": 9}, "pk": 31, "model": "main.emailinvitation"}, {"fields": {"status": 0, "send_count": 1, "email": "criscalovis@hotmail.com", "send_date": "2015-09-02T17:19:47.936Z", "invitation_type": 3, "inviter_id": 1, "inviter_type": 9}, "pk": 32, "model": "main.emailinvitation"}, {"fields": {"api": "YAHOO", "fee": 25, "portfolio_set": 1}, "pk": 1, "model": "main.platform"}, {"fields": {"type": "RETIREMENT", "target": 320000.0, "allocation": 0.77, "created_date": "2015-09-09T05:54:03.919Z", "name": "Retirement62", "account_type": "INVESTING", "account": 6, "completion_date": "2032-09-12T12:14:24Z"}, "pk": 1, "model": "main.goal"}, {"fields": {"type": "EDUCATION", "target": 70000.0, "allocation": 0.87, "created_date": "2015-09-09T06:09:24.387Z", "name": "Wealth Protection", "account_type": "INVESTING", "account": 6, "completion_date": "2028-09-13T22:41:25Z"}, "pk": 4, "model": "main.goal"}, {"fields": {"type": "HOUSE", "target": 542000.0, "allocation": 0.65, "created_date": "2015-09-11T14:56:59.912Z", "name": "House Fund", "account_type": "INVESTING", "account": 5, "completion_date": "2027-09-12T22:20:34Z"}, "pk": 9, "model": "main.goal"}, {"fields": {"share": 713.0152, "goal": 9, "ticker": 5}, "pk": 89, "model": "main.position"}, {"fields": {"share": 79.2103, "goal": 9, "ticker": 7}, "pk": 90, "model": "main.position"}, {"fields": {"share": 946.1028, "goal": 9, "ticker": 16}, "pk": 91, "model": "main.position"}, {"fields": {"share": 378.0175, "goal": 9, "ticker": 8}, "pk": 92, "model": "main.position"}, {"fields": {"share": 290.061, "goal": 9, "ticker": 3}, "pk": 93, "model": "main.position"}, {"fields": {"share": 283.4, "goal": 9, "ticker": 1}, "pk": 94, "model": "main.position"}, {"fields": {"share": 559.1551, "goal": 9, "ticker": 13}, "pk": 95, "model": "main.position"}, {"fields": {"share": 98.5693, "goal": 9, "ticker": 10}, "pk": 96, "model": "main.position"}, {"fields": {"share": 474.0377, "goal": 1, "ticker": 24}, "pk": 192, "model": "main.position"}, {"fields": {"share": 1331.3566, "goal": 1, "ticker": 27}, "pk": 193, "model": "main.position"}, {"fields": {"share": 813.9638, "goal": 1, "ticker": 3}, "pk": 194, "model": "main.position"}, {"fields": {"share": -9.95904747558285e-15, "goal": 1, "ticker": 13}, "pk": 195, "model": "main.position"}, {"fields": {"share": 3822.8112, "goal": 1, "ticker": 21}, "pk": 196, "model": "main.position"}, {"fields": {"share": 9.999999999109e-05, "goal": 1, "ticker": 8}, "pk": 197, "model": "main.position"}, {"fields": {"share": 170.125, "goal": 4, "ticker": 16}, "pk": 198, "model": "main.position"}, {"fields": {"share": 8.09690000000001, "goal": 4, "ticker": 27}, "pk": 199, "model": "main.position"}, {"fields": {"share": 64.6102, "goal": 4, "ticker": 3}, "pk": 200, "model": "main.position"}, {"fields": {"share": 347.1898, "goal": 4, "ticker": 26}, "pk": 201, "model": "main.position"}, {"fields": {"created_date": "2015-09-09T07:22:36.466Z", "amount": 7536.0017706192, "type": "DEPOSIT", "status": "EXECUTED", "from_account": null, "to_account": null, "account": 4, "executed_date": "2015-09-12T20:00:31.629Z"}, "pk": 21, "model": "main.transaction"}, {"fields": {"created_date": "2015-09-11T08:53:44.747Z", "amount": 97787.7446913113, "type": "DEPOSIT", "status": "EXECUTED", "from_account": null, "to_account": null, "account": 1, "executed_date": "2015-09-12T19:59:22.305Z"}, "pk": 22, "model": "main.transaction"}, {"fields": {"created_date": "2015-09-11T11:43:19.532Z", "amount": 102348.913979792, "type": "DEPOSIT", "status": "EXECUTED", "from_account": null, "to_account": null, "account": 1, "executed_date": "2015-09-12T20:08:04.810Z"}, "pk": 37, "model": "main.transaction"}, {"fields": {"created_date": "2015-09-11T12:52:35.108Z", "amount": 300.0, "type": "DEPOSIT", "status": "PENDING", "from_account": null, "to_account": null, "account": 1, "executed_date": null}, "pk": 39, "model": "main.transaction"}, {"fields": {"created_date": "2015-09-11T14:21:31.331Z", "amount": 188.398532499938, "type": "DEPOSIT", "status": "EXECUTED", "from_account": null, "to_account": null, "account": 1, "executed_date": "2015-09-14T13:40:28.472Z"}, "pk": 40, "model": "main.transaction"}, {"fields": {"created_date": "2015-09-11T14:57:00.049Z", "amount": 116999.993311333, "type": "DEPOSIT", "status": "EXECUTED", "from_account": null, "to_account": null, "account": 9, "executed_date": "2015-09-13T06:56:30.310Z"}, "pk": 42, "model": "main.transaction"}, {"fields": {"created_date": "2015-09-11T18:48:47.581Z", "amount": -5366.2258378463, "type": "WITHDRAWAL", "status": "EXECUTED", "from_account": null, "to_account": null, "account": 1, "executed_date": "2015-09-12T19:45:16.743Z"}, "pk": 46, "model": "main.transaction"}, {"fields": {"created_date": "2015-09-12T19:40:22.693Z", "amount": 97993.5507124301, "type": "DEPOSIT", "status": "EXECUTED", "from_account": null, "to_account": null, "account": 1, "executed_date": "2015-09-12T19:40:55.905Z"}, "pk": 48, "model": "main.transaction"}, {"fields": {"created_date": "2015-09-12T19:40:55.909Z", "amount": 6033.57296, "type": "FEE", "status": "EXECUTED", "from_account": null, "to_account": null, "account": 1, "executed_date": "2015-09-12T19:40:55.908Z"}, "pk": 49, "model": "main.transaction"}, {"fields": {"created_date": "2015-09-12T19:45:16.747Z", "amount": 5666.2258378463, "type": "FEE", "status": "EXECUTED", "from_account": null, "to_account": null, "account": 1, "executed_date": "2015-09-12T19:45:16.746Z"}, "pk": 50, "model": "main.transaction"}, {"fields": {"created_date": "2015-09-12T19:59:22.308Z", "amount": 5.8, "type": "FEE", "status": "EXECUTED", "from_account": null, "to_account": null, "account": 1, "executed_date": "2015-09-12T19:59:22.308Z"}, "pk": 51, "model": "main.transaction"}, {"fields": {"created_date": "2015-09-12T20:00:31.632Z", "amount": 464.0, "type": "FEE", "status": "EXECUTED", "from_account": null, "to_account": null, "account": 4, "executed_date": "2015-09-12T20:00:31.632Z"}, "pk": 52, "model": "main.transaction"}, {"fields": {"created_date": "2015-09-12T20:08:04.813Z", "amount": 280.836, "type": "FEE", "status": "EXECUTED", "from_account": null, "to_account": null, "account": 1, "executed_date": "2015-09-12T20:08:04.813Z"}, "pk": 53, "model": "main.transaction"}, {"fields": {"created_date": "2015-09-12T20:14:42.163Z", "amount": 12049.7674820916, "type": "WITHDRAWAL", "status": "EXECUTED", "from_account": null, "to_account": null, "account": 1, "executed_date": "2015-09-12T20:16:36.532Z"}, "pk": 57, "model": "main.transaction"}, {"fields": {"created_date": "2015-09-12T20:16:36.536Z", "amount": 4950.23251790838, "type": "FEE", "status": "EXECUTED", "from_account": null, "to_account": null, "account": 1, "executed_date": "2015-09-12T20:16:36.536Z"}, "pk": 58, "model": "main.transaction"}, {"fields": {"created_date": "2015-09-12T20:18:26.623Z", "amount": 339.767212146849, "type": "WITHDRAWAL", "status": "EXECUTED", "from_account": null, "to_account": null, "account": 1, "executed_date": "2015-09-12T20:19:07.930Z"}, "pk": 59, "model": "main.transaction"}, {"fields": {"created_date": "2015-09-12T20:19:07.935Z", "amount": 4660.23278785315, "type": "FEE", "status": "EXECUTED", "from_account": null, "to_account": null, "account": 1, "executed_date": "2015-09-12T20:19:07.934Z"}, "pk": 60, "model": "main.transaction"}, {"fields": {"created_date": "2015-09-12T20:21:57.270Z", "amount": 123684.598185881, "type": "WITHDRAWAL", "status": "EXECUTED", "from_account": null, "to_account": null, "account": 1, "executed_date": "2015-09-12T20:27:26.046Z"}, "pk": 61, "model": "main.transaction"}, {"fields": {"created_date": "2015-09-12T20:26:09.794Z", "amount": 141299.995097151, "type": "DEPOSIT", "status": "EXECUTED", "from_account": null, "to_account": null, "account": 1, "executed_date": "2015-09-12T20:26:34.782Z"}, "pk": 62, "model": "main.transaction"}, {"fields": {"created_date": "2015-09-12T20:26:34.785Z", "amount": 8700.0, "type": "FEE", "status": "EXECUTED", "from_account": null, "to_account": null, "account": 1, "executed_date": "2015-09-12T20:26:34.785Z"}, "pk": 63, "model": "main.transaction"}, {"fields": {"created_date": "2015-09-12T20:27:26.051Z", "amount": 7615.39988830266, "type": "FEE", "status": "EXECUTED", "from_account": null, "to_account": null, "account": 1, "executed_date": "2015-09-12T20:27:26.051Z"}, "pk": 64, "model": "main.transaction"}, {"fields": {"created_date": "2015-09-13T06:56:30.321Z", "amount": 3000.0, "type": "FEE", "status": "EXECUTED", "from_account": null, "to_account": null, "account": 9, "executed_date": "2015-09-13T06:56:30.321Z"}, "pk": 65, "model": "main.transaction"}, {"fields": {"created_date": "2015-09-13T06:59:18.544Z", "amount": -4710.00470660627, "type": "WITHDRAWAL", "status": "EXECUTED", "from_account": null, "to_account": null, "account": 1, "executed_date": "2015-09-13T06:59:43.770Z"}, "pk": 66, "model": "main.transaction"}, {"fields": {"created_date": "2015-09-13T06:59:43.776Z", "amount": -290.000289791044, "type": "FEE", "status": "EXECUTED", "from_account": null, "to_account": null, "account": 1, "executed_date": "2015-09-13T06:59:43.775Z"}, "pk": 67, "model": "main.transaction"}, {"fields": {"created_date": "2015-09-13T07:03:19.383Z", "amount": 32969.9968810524, "type": "WITHDRAWAL", "status": "EXECUTED", "from_account": null, "to_account": null, "account": 1, "executed_date": "2015-09-13T07:03:45.192Z"}, "pk": 68, "model": "main.transaction"}, {"fields": {"created_date": "2015-09-13T07:03:45.196Z", "amount": 2029.99980796289, "type": "FEE", "status": "EXECUTED", "from_account": null, "to_account": null, "account": 1, "executed_date": "2015-09-13T07:03:45.196Z"}, "pk": 69, "model": "main.transaction"}, {"fields": {"created_date": "2015-09-13T07:05:20.463Z", "amount": 0.86, "type": "ALLOCATION", "status": "EXECUTED", "from_account": null, "to_account": null, "account": 1, "executed_date": "2015-09-13T07:40:08.624Z"}, "pk": 70, "model": "main.transaction"}, {"fields": {"created_date": "2015-09-13T07:40:08.631Z", "amount": 0.0, "type": "FEE", "status": "EXECUTED", "from_account": null, "to_account": null, "account": 1, "executed_date": "2015-09-13T07:40:08.630Z"}, "pk": 71, "model": "main.transaction"}, {"fields": {"created_date": "2015-09-13T07:40:56.535Z", "amount": 0.23, "type": "ALLOCATION", "status": "EXECUTED", "from_account": null, "to_account": null, "account": 4, "executed_date": "2015-09-13T07:43:28.788Z"}, "pk": 72, "model": "main.transaction"}, {"fields": {"created_date": "2015-09-13T13:14:24.473Z", "amount": 106446.000357779, "type": "DEPOSIT", "status": "EXECUTED", "from_account": null, "to_account": null, "account": 1, "executed_date": "2015-09-13T13:15:56.760Z"}, "pk": 73, "model": "main.transaction"}, {"fields": {"created_date": "2015-09-13T13:15:56.763Z", "amount": 6554.0, "type": "FEE", "status": "EXECUTED", "from_account": null, "to_account": null, "account": 1, "executed_date": "2015-09-13T13:15:56.763Z"}, "pk": 75, "model": "main.transaction"}, {"fields": {"created_date": "2015-09-13T13:17:11.407Z", "amount": 0.75, "type": "ALLOCATION", "status": "EXECUTED", "from_account": null, "to_account": null, "account": 1, "executed_date": "2015-09-13T13:17:52.952Z"}, "pk": 76, "model": "main.transaction"}, {"fields": {"created_date": "2015-09-13T13:24:46.253Z", "amount": 0.32, "type": "ALLOCATION", "status": "EXECUTED", "from_account": null, "to_account": null, "account": 4, "executed_date": "2015-09-13T13:25:44.027Z"}, "pk": 77, "model": "main.transaction"}, {"fields": {"created_date": "2015-09-13T14:02:16.889Z", "amount": 0.58, "type": "ALLOCATION", "status": "EXECUTED", "from_account": null, "to_account": null, "account": 1, "executed_date": "2015-09-14T10:42:52.581Z"}, "pk": 78, "model": "main.transaction"}, {"fields": {"created_date": "2015-09-14T13:22:56.679Z", "amount": 20037.1336221617, "type": "DEPOSIT", "status": "EXECUTED", "from_account": null, "to_account": null, "account": 4, "executed_date": "2015-09-14T13:31:52.530Z"}, "pk": 82, "model": "main.transaction"}, {"fields": {"created_date": "2015-09-14T13:23:42.384Z", "amount": 0.4, "type": "ALLOCATION", "status": "EXECUTED", "from_account": null, "to_account": null, "account": 4, "executed_date": "2015-09-14T13:31:43.971Z"}, "pk": 83, "model": "main.transaction"}, {"fields": {"created_date": "2015-09-14T13:24:32.138Z", "amount": 66690.2592197298, "type": "DEPOSIT", "status": "EXECUTED", "from_account": null, "to_account": null, "account": 1, "executed_date": "2015-09-14T13:31:34.057Z"}, "pk": 84, "model": "main.transaction"}, {"fields": {"created_date": "2015-09-14T13:25:08.584Z", "amount": 0.77, "type": "ALLOCATION", "status": "EXECUTED", "from_account": null, "to_account": null, "account": 1, "executed_date": "2015-09-14T13:31:14.594Z"}, "pk": 86, "model": "main.transaction"}, {"fields": {"created_date": "2015-09-14T13:31:34.061Z", "amount": 4106.1941, "type": "FEE", "status": "EXECUTED", "from_account": null, "to_account": null, "account": 1, "executed_date": "2015-09-14T13:31:34.061Z"}, "pk": 87, "model": "main.transaction"}, {"fields": {"created_date": "2015-09-14T13:31:52.533Z", "amount": 1233.70872, "type": "FEE", "status": "EXECUTED", "from_account": null, "to_account": null, "account": 4, "executed_date": "2015-09-14T13:31:52.533Z"}, "pk": 88, "model": "main.transaction"}, {"fields": {"created_date": "2015-09-14T13:33:31.204Z", "amount": 7536.00435902513, "type": "DEPOSIT", "status": "EXECUTED", "from_account": null, "to_account": null, "account": 1, "executed_date": "2015-09-14T13:40:18.688Z"}, "pk": 89, "model": "main.transaction"}, {"fields": {"created_date": "2015-09-14T13:33:55.730Z", "amount": 1046.5556531648, "type": "DEPOSIT", "status": "EXECUTED", "from_account": null, "to_account": null, "account": 1, "executed_date": "2015-09-14T13:40:13.208Z"}, "pk": 90, "model": "main.transaction"}, {"fields": {"created_date": "2015-09-14T13:34:20.550Z", "amount": 4281.3876279979, "type": "DEPOSIT", "status": "EXECUTED", "from_account": null, "to_account": null, "account": 1, "executed_date": "2015-09-14T13:40:07.671Z"}, "pk": 91, "model": "main.transaction"}, {"fields": {"created_date": "2015-09-14T13:39:08.397Z", "amount": 512.445522847687, "type": "DEPOSIT", "status": "EXECUTED", "from_account": null, "to_account": null, "account": 4, "executed_date": "2015-09-14T13:40:02.439Z"}, "pk": 92, "model": "main.transaction"}, {"fields": {"created_date": "2015-09-14T13:39:36.895Z", "amount": 172.199149657019, "type": "DEPOSIT", "status": "EXECUTED", "from_account": null, "to_account": null, "account": 4, "executed_date": "2015-09-14T13:39:55.570Z"}, "pk": 93, "model": "main.transaction"}, {"fields": {"created_date": "2015-09-14T13:39:55.574Z", "amount": 10.6024, "type": "FEE", "status": "EXECUTED", "from_account": null, "to_account": null, "account": 4, "executed_date": "2015-09-14T13:39:55.574Z"}, "pk": 94, "model": "main.transaction"}, {"fields": {"created_date": "2015-09-14T13:40:02.443Z", "amount": 31.552, "type": "FEE", "status": "EXECUTED", "from_account": null, "to_account": null, "account": 4, "executed_date": "2015-09-14T13:40:02.442Z"}, "pk": 95, "model": "main.transaction"}, {"fields": {"created_date": "2015-09-14T13:40:07.675Z", "amount": 263.61, "type": "FEE", "status": "EXECUTED", "from_account": null, "to_account": null, "account": 1, "executed_date": "2015-09-14T13:40:07.674Z"}, "pk": 96, "model": "main.transaction"}, {"fields": {"created_date": "2015-09-14T13:40:13.211Z", "amount": 64.438, "type": "FEE", "status": "EXECUTED", "from_account": null, "to_account": null, "account": 1, "executed_date": "2015-09-14T13:40:13.211Z"}, "pk": 97, "model": "main.transaction"}, {"fields": {"created_date": "2015-09-14T13:40:18.692Z", "amount": 464.0, "type": "FEE", "status": "EXECUTED", "from_account": null, "to_account": null, "account": 1, "executed_date": "2015-09-14T13:40:18.691Z"}, "pk": 98, "model": "main.transaction"}, {"fields": {"created_date": "2015-09-14T13:40:28.475Z", "amount": 11.6, "type": "FEE", "status": "EXECUTED", "from_account": null, "to_account": null, "account": 1, "executed_date": "2015-09-14T13:40:28.475Z"}, "pk": 99, "model": "main.transaction"}, {"fields": {"created_date": "2015-09-14T13:41:25.897Z", "amount": 0.87, "type": "ALLOCATION", "status": "EXECUTED", "from_account": null, "to_account": null, "account": 4, "executed_date": "2015-09-14T13:41:55.682Z"}, "pk": 100, "model": "main.transaction"}, {"fields": {"category": "unspecified", "transaction": 46, "transaction_type": "WITHDRAWAL", "comment": "jjjjh"}, "pk": 5, "model": "main.transactionmemo"}, {"fields": {"category": "unspecified", "transaction": 78, "transaction_type": "ALLOCATION_CHANGE", "comment": ""}, "pk": 6, "model": "main.transactionmemo"}, {"fields": {"category": "unspecified", "transaction": 86, "transaction_type": "ALLOCATION_CHANGE", "comment": ""}, "pk": 7, "model": "main.transactionmemo"}, {"fields": {"created_at": "2015-09-11T13:46:06.170Z", "amount": 77.28, "enabled": true, "transaction_date_time_2": "2015-09-21T08:00:00Z", "transaction_date_time_1": "2015-09-07T08:00:00Z", "last_plan_change": "2015-09-14T13:33:13.162Z", "account": 1, "frequency": "TWICE_A_MONTH"}, "pk": 1, "model": "main.automaticdeposit"}, {"fields": {"created_at": "2015-09-11T14:57:33.808Z", "amount": 834.76, "enabled": true, "transaction_date_time_2": null, "transaction_date_time_1": "2015-09-15T14:00:00Z", "last_plan_change": "2015-09-11T14:57:33.808Z", "account": 9, "frequency": "MONTHLY"}, "pk": 3, "model": "main.automaticdeposit"}, {"fields": {"created_at": "2015-09-11T14:59:10.391Z", "amount": 181.91, "enabled": true, "transaction_date_time_2": null, "transaction_date_time_1": "2015-09-25T12:00:00Z", "last_plan_change": "2015-09-14T13:41:25.915Z", "account": 4, "frequency": "MONTHLY"}, "pk": 4, "model": "main.automaticdeposit"}, {"fields": {"name": "Can add permission", "content_type": 1, "codename": "add_permission"}, "pk": 1, "model": "auth.permission"}, {"fields": {"name": "Can change permission", "content_type": 1, "codename": "change_permission"}, "pk": 2, "model": "auth.permission"}, {"fields": {"name": "Can delete permission", "content_type": 1, "codename": "delete_permission"}, "pk": 3, "model": "auth.permission"}, {"fields": {"name": "Can add group", "content_type": 2, "codename": "add_group"}, "pk": 4, "model": "auth.permission"}, {"fields": {"name": "Can change group", "content_type": 2, "codename": "change_group"}, "pk": 5, "model": "auth.permission"}, {"fields": {"name": "Can delete group", "content_type": 2, "codename": "delete_group"}, "pk": 6, "model": "auth.permission"}, {"fields": {"name": "Can add content type", "content_type": 3, "codename": "add_contenttype"}, "pk": 7, "model": "auth.permission"}, {"fields": {"name": "Can change content type", "content_type": 3, "codename": "change_contenttype"}, "pk": 8, "model": "auth.permission"}, {"fields": {"name": "Can delete content type", "content_type": 3, "codename": "delete_contenttype"}, "pk": 9, "model": "auth.permission"}, {"fields": {"name": "Can add session", "content_type": 4, "codename": "add_session"}, "pk": 10, "model": "auth.permission"}, {"fields": {"name": "Can change session", "content_type": 4, "codename": "change_session"}, "pk": 11, "model": "auth.permission"}, {"fields": {"name": "Can delete session", "content_type": 4, "codename": "delete_session"}, "pk": 12, "model": "auth.permission"}, {"fields": {"name": "Can add log entry", "content_type": 5, "codename": "add_logentry"}, "pk": 13, "model": "auth.permission"}, {"fields": {"name": "Can change log entry", "content_type": 5, "codename": "change_logentry"}, "pk": 14, "model": "auth.permission"}, {"fields": {"name": "Can delete log entry", "content_type": 5, "codename": "delete_logentry"}, "pk": 15, "model": "auth.permission"}, {"fields": {"name": "Can add user", "content_type": 6, "codename": "add_user"}, "pk": 16, "model": "auth.permission"}, {"fields": {"name": "Can change user", "content_type": 6, "codename": "change_user"}, "pk": 17, "model": "auth.permission"}, {"fields": {"name": "Can delete user", "content_type": 6, "codename": "delete_user"}, "pk": 18, "model": "auth.permission"}, {"fields": {"name": "Can add firm", "content_type": 7, "codename": "add_firm"}, "pk": 19, "model": "auth.permission"}, {"fields": {"name": "Can change firm", "content_type": 7, "codename": "change_firm"}, "pk": 20, "model": "auth.permission"}, {"fields": {"name": "Can delete firm", "content_type": 7, "codename": "delete_firm"}, "pk": 21, "model": "auth.permission"}, {"fields": {"name": "Can add firm data", "content_type": 8, "codename": "add_firmdata"}, "pk": 22, "model": "auth.permission"}, {"fields": {"name": "Can change firm data", "content_type": 8, "codename": "change_firmdata"}, "pk": 23, "model": "auth.permission"}, {"fields": {"name": "Can delete firm data", "content_type": 8, "codename": "delete_firmdata"}, "pk": 24, "model": "auth.permission"}, {"fields": {"name": "Can add advisor", "content_type": 9, "codename": "add_advisor"}, "pk": 25, "model": "auth.permission"}, {"fields": {"name": "Can change advisor", "content_type": 9, "codename": "change_advisor"}, "pk": 26, "model": "auth.permission"}, {"fields": {"name": "Can delete advisor", "content_type": 9, "codename": "delete_advisor"}, "pk": 27, "model": "auth.permission"}, {"fields": {"name": "Can add client", "content_type": 10, "codename": "add_client"}, "pk": 28, "model": "auth.permission"}, {"fields": {"name": "Can change client", "content_type": 10, "codename": "change_client"}, "pk": 29, "model": "auth.permission"}, {"fields": {"name": "Can delete client", "content_type": 10, "codename": "delete_client"}, "pk": 30, "model": "auth.permission"}, {"fields": {"name": "Can add asset class", "content_type": 11, "codename": "add_assetclass"}, "pk": 31, "model": "auth.permission"}, {"fields": {"name": "Can change asset class", "content_type": 11, "codename": "change_assetclass"}, "pk": 32, "model": "auth.permission"}, {"fields": {"name": "Can delete asset class", "content_type": 11, "codename": "delete_assetclass"}, "pk": 33, "model": "auth.permission"}, {"fields": {"name": "Can add ticker", "content_type": 12, "codename": "add_ticker"}, "pk": 34, "model": "auth.permission"}, {"fields": {"name": "Can change ticker", "content_type": 12, "codename": "change_ticker"}, "pk": 35, "model": "auth.permission"}, {"fields": {"name": "Can delete ticker", "content_type": 12, "codename": "delete_ticker"}, "pk": 36, "model": "auth.permission"}, {"fields": {"name": "Can add Asset class", "content_type": 11, "codename": "add_proxyassetclass"}, "pk": 40, "model": "auth.permission"}, {"fields": {"name": "Can change Asset class", "content_type": 11, "codename": "change_proxyassetclass"}, "pk": 41, "model": "auth.permission"}, {"fields": {"name": "Can delete Asset class", "content_type": 11, "codename": "delete_proxyassetclass"}, "pk": 42, "model": "auth.permission"}, {"fields": {"name": "Can add Tickers", "content_type": 12, "codename": "add_proxyticker"}, "pk": 43, "model": "auth.permission"}, {"fields": {"name": "Can change Tickers", "content_type": 12, "codename": "change_proxyticker"}, "pk": 44, "model": "auth.permission"}, {"fields": {"name": "Can delete Tickers", "content_type": 12, "codename": "delete_proxyticker"}, "pk": 45, "model": "auth.permission"}, {"fields": {"name": "Can add email invitation", "content_type": 16, "codename": "add_emailinvitation"}, "pk": 46, "model": "auth.permission"}, {"fields": {"name": "Can change email invitation", "content_type": 16, "codename": "change_emailinvitation"}, "pk": 47, "model": "auth.permission"}, {"fields": {"name": "Can delete email invitation", "content_type": 16, "codename": "delete_emailinvitation"}, "pk": 48, "model": "auth.permission"}, {"fields": {"name": "Can add account group", "content_type": 18, "codename": "add_accountgroup"}, "pk": 52, "model": "auth.permission"}, {"fields": {"name": "Can change account group", "content_type": 18, "codename": "change_accountgroup"}, "pk": 53, "model": "auth.permission"}, {"fields": {"name": "Can delete account group", "content_type": 18, "codename": "delete_accountgroup"}, "pk": 54, "model": "auth.permission"}, {"fields": {"name": "Can add client account", "content_type": 19, "codename": "add_clientaccount"}, "pk": 55, "model": "auth.permission"}, {"fields": {"name": "Can change client account", "content_type": 19, "codename": "change_clientaccount"}, "pk": 56, "model": "auth.permission"}, {"fields": {"name": "Can delete client account", "content_type": 19, "codename": "delete_clientaccount"}, "pk": 57, "model": "auth.permission"}, {"fields": {"name": "Can add goal", "content_type": 21, "codename": "add_goal"}, "pk": 61, "model": "auth.permission"}, {"fields": {"name": "Can change goal", "content_type": 21, "codename": "change_goal"}, "pk": 62, "model": "auth.permission"}, {"fields": {"name": "Can delete goal", "content_type": 21, "codename": "delete_goal"}, "pk": 63, "model": "auth.permission"}, {"fields": {"name": "Can add authorised representative", "content_type": 22, "codename": "add_authorisedrepresentative"}, "pk": 64, "model": "auth.permission"}, {"fields": {"name": "Can change authorised representative", "content_type": 22, "codename": "change_authorisedrepresentative"}, "pk": 65, "model": "auth.permission"}, {"fields": {"name": "Can delete authorised representative", "content_type": 22, "codename": "delete_authorisedrepresentative"}, "pk": 66, "model": "auth.permission"}, {"fields": {"name": "Can add platform", "content_type": 23, "codename": "add_platform"}, "pk": 67, "model": "auth.permission"}, {"fields": {"name": "Can change platform", "content_type": 23, "codename": "change_platform"}, "pk": 68, "model": "auth.permission"}, {"fields": {"name": "Can delete platform", "content_type": 23, "codename": "delete_platform"}, "pk": 69, "model": "auth.permission"}, {"fields": {"name": "Can add portfolio set", "content_type": 24, "codename": "add_portfolioset"}, "pk": 70, "model": "auth.permission"}, {"fields": {"name": "Can change portfolio set", "content_type": 24, "codename": "change_portfolioset"}, "pk": 71, "model": "auth.permission"}, {"fields": {"name": "Can delete portfolio set", "content_type": 24, "codename": "delete_portfolioset"}, "pk": 72, "model": "auth.permission"}, {"fields": {"name": "Can add transaction", "content_type": 25, "codename": "add_transaction"}, "pk": 73, "model": "auth.permission"}, {"fields": {"name": "Can change transaction", "content_type": 25, "codename": "change_transaction"}, "pk": 74, "model": "auth.permission"}, {"fields": {"name": "Can delete transaction", "content_type": 25, "codename": "delete_transaction"}, "pk": 75, "model": "auth.permission"}, {"fields": {"name": "Can add position", "content_type": 26, "codename": "add_position"}, "pk": 76, "model": "auth.permission"}, {"fields": {"name": "Can change position", "content_type": 26, "codename": "change_position"}, "pk": 77, "model": "auth.permission"}, {"fields": {"name": "Can delete position", "content_type": 26, "codename": "delete_position"}, "pk": 78, "model": "auth.permission"}, {"fields": {"name": "Can add portfolio by risk", "content_type": 27, "codename": "add_portfoliobyrisk"}, "pk": 79, "model": "auth.permission"}, {"fields": {"name": "Can change portfolio by risk", "content_type": 27, "codename": "change_portfoliobyrisk"}, "pk": 80, "model": "auth.permission"}, {"fields": {"name": "Can delete portfolio by risk", "content_type": 27, "codename": "delete_portfoliobyrisk"}, "pk": 81, "model": "auth.permission"}, {"fields": {"name": "Can add view", "content_type": 28, "codename": "add_view"}, "pk": 82, "model": "auth.permission"}, {"fields": {"name": "Can change view", "content_type": 28, "codename": "change_view"}, "pk": 83, "model": "auth.permission"}, {"fields": {"name": "Can delete view", "content_type": 28, "codename": "delete_view"}, "pk": 84, "model": "auth.permission"}, {"fields": {"name": "Can add transaction memo", "content_type": 29, "codename": "add_transactionmemo"}, "pk": 85, "model": "auth.permission"}, {"fields": {"name": "Can change transaction memo", "content_type": 29, "codename": "change_transactionmemo"}, "pk": 86, "model": "auth.permission"}, {"fields": {"name": "Can delete transaction memo", "content_type": 29, "codename": "delete_transactionmemo"}, "pk": 87, "model": "auth.permission"}, {"fields": {"name": "Can add automatic deposit", "content_type": 30, "codename": "add_automaticdeposit"}, "pk": 88, "model": "auth.permission"}, {"fields": {"name": "Can change automatic deposit", "content_type": 30, "codename": "change_automaticdeposit"}, "pk": 89, "model": "auth.permission"}, {"fields": {"name": "Can delete automatic deposit", "content_type": 30, "codename": "delete_automaticdeposit"}, "pk": 90, "model": "auth.permission"}, {"fields": {"name": "Traders", "permissions": [56]}, "pk": 1, "model": "auth.group"}, {"fields": {"name": "default", "risk_free_rate": 0.025, "asset_classes": [1, 2, 3, 5, 7, 6, 4, 8, 10, 15, 20, 12, 18, 16, 17, 19, 9, 11, 13, 22, 23, 21, 14], "tau": 0.07}, "pk": 1, "model": "portfolios.portfolioset"}, {"fields": {"volatility": 6.0187, "risk": 0.0, "portfolio_set": 1, "allocations": "{\"UK_TOTAL_MARKET_BONDS\": 0.0, \"CN_TOTAL_MARKET_BONDS\": 0.75, \"AUS_SMALL_CAP_VALUE_STOCKS\": 0.0, \"ASIA_EXJAP_TOTAL_MARKET_BONDS\": 0.0, \"US_TOTAL_MARKET_STOCKS\": 0.0, \"JAP_TOTAL_MARKET_STOCKS\": 0.0, \"ASIA_EXJAP_TOTAL_MARKET_STOCKS\": 0.0, \"EMERGING_MARKETS_BONDS\": 0.0, \"EUR_TOTAL_MARKET_BONDS\": 0.0, \"INTERNATIONAL_BONDS\": 0.0, \"UK_TOTAL_MARKET_STOCKS\": 0.0, \"GLOBAL_MARKETS_STOCKS\": 0.0, \"US_TOTAL_MARKET_BONDS\": 0.0, \"AUS_HIGH_YIELD_STOCKS\": 0.0, \"AUS_MUNICIPAL_BONDS\": 0.25, \"INFLATION_PROTECTED_BONDS\": 0.0, \"AUS_LARGE_CAP_VALUE_STOCKS\": 0.0, \"AUS_GOVT_BONDS\": 0.0, \"EUR_TOTAL_MARKET_STOCKS\": 0.0, \"AUS_CORPORATE_BONDS\": 0.0, \"CN_TOTAL_MARKET_STOCKS\": 0.0, \"EMERGING_MARKETS_STOCKS\": 0.0, \"AUS_TOTAL_MARKET_STOCKS\": 0.0}", "expected_return": -7.3}, "pk": 7541, "model": "portfolios.portfoliobyrisk"}, {"fields": {"volatility": 5.919, "risk": 0.01, "portfolio_set": 1, "allocations": "{\"UK_TOTAL_MARKET_BONDS\": 0.75, \"CN_TOTAL_MARKET_BONDS\": 0.0, \"AUS_SMALL_CAP_VALUE_STOCKS\": 0.0, \"ASIA_EXJAP_TOTAL_MARKET_BONDS\": 0.0, \"US_TOTAL_MARKET_STOCKS\": 0.0, \"JAP_TOTAL_MARKET_STOCKS\": 0.0, \"ASIA_EXJAP_TOTAL_MARKET_STOCKS\": 0.0, \"EMERGING_MARKETS_BONDS\": 0.0, \"EUR_TOTAL_MARKET_BONDS\": 0.0, \"INTERNATIONAL_BONDS\": 0.0, \"UK_TOTAL_MARKET_STOCKS\": 0.0, \"GLOBAL_MARKETS_STOCKS\": 0.0, \"US_TOTAL_MARKET_BONDS\": 0.0, \"AUS_HIGH_YIELD_STOCKS\": 0.0, \"AUS_MUNICIPAL_BONDS\": 0.0, \"INFLATION_PROTECTED_BONDS\": 0.0, \"AUS_LARGE_CAP_VALUE_STOCKS\": 0.01, \"AUS_GOVT_BONDS\": 0.0, \"EUR_TOTAL_MARKET_STOCKS\": 0.0, \"AUS_CORPORATE_BONDS\": 0.24, \"CN_TOTAL_MARKET_STOCKS\": 0.0, \"EMERGING_MARKETS_STOCKS\": 0.0, \"AUS_TOTAL_MARKET_STOCKS\": 0.0}", "expected_return": -7.04}, "pk": 7542, "model": "portfolios.portfoliobyrisk"}, {"fields": {"volatility": 5.8223, "risk": 0.02, "portfolio_set": 1, "allocations": "{\"UK_TOTAL_MARKET_BONDS\": 0.3127, \"CN_TOTAL_MARKET_BONDS\": 0.4373, \"AUS_SMALL_CAP_VALUE_STOCKS\": 0.02, \"ASIA_EXJAP_TOTAL_MARKET_BONDS\": 0.0, \"US_TOTAL_MARKET_STOCKS\": 0.0, \"JAP_TOTAL_MARKET_STOCKS\": 0.0, \"ASIA_EXJAP_TOTAL_MARKET_STOCKS\": 0.0, \"EMERGING_MARKETS_BONDS\": 0.0, \"EUR_TOTAL_MARKET_BONDS\": 0.0, \"INTERNATIONAL_BONDS\": 0.0, \"UK_TOTAL_MARKET_STOCKS\": 0.0, \"GLOBAL_MARKETS_STOCKS\": 0.0, \"US_TOTAL_MARKET_BONDS\": 0.0, \"AUS_HIGH_YIELD_STOCKS\": 0.0, \"AUS_MUNICIPAL_BONDS\": 0.0, \"INFLATION_PROTECTED_BONDS\": 0.0, \"AUS_LARGE_CAP_VALUE_STOCKS\": 0.0, \"AUS_GOVT_BONDS\": 0.0, \"EUR_TOTAL_MARKET_STOCKS\": 0.0, \"AUS_CORPORATE_BONDS\": 0.23, \"CN_TOTAL_MARKET_STOCKS\": 0.0, \"EMERGING_MARKETS_STOCKS\": 0.0, \"AUS_TOTAL_MARKET_STOCKS\": 0.0}", "expected_return": -6.78}, "pk": 7543, "model": "portfolios.portfoliobyrisk"}, {"fields": {"volatility": 5.7277, "risk": 0.03, "portfolio_set": 1, "allocations": "{\"UK_TOTAL_MARKET_BONDS\": 0.75, \"CN_TOTAL_MARKET_BONDS\": 0.0, \"AUS_SMALL_CAP_VALUE_STOCKS\": 0.0, \"ASIA_EXJAP_TOTAL_MARKET_BONDS\": 0.0, \"US_TOTAL_MARKET_STOCKS\": 0.0, \"JAP_TOTAL_MARKET_STOCKS\": 0.0, \"ASIA_EXJAP_TOTAL_MARKET_STOCKS\": 0.0, \"EMERGING_MARKETS_BONDS\": 0.0, \"EUR_TOTAL_MARKET_BONDS\": 0.0, \"INTERNATIONAL_BONDS\": 0.0, \"UK_TOTAL_MARKET_STOCKS\": 0.0, \"GLOBAL_MARKETS_STOCKS\": 0.0, \"US_TOTAL_MARKET_BONDS\": 0.0, \"AUS_HIGH_YIELD_STOCKS\": 0.0, \"AUS_MUNICIPAL_BONDS\": 0.0, \"INFLATION_PROTECTED_BONDS\": 0.22, \"AUS_LARGE_CAP_VALUE_STOCKS\": 0.03, \"AUS_GOVT_BONDS\": 0.0, \"EUR_TOTAL_MARKET_STOCKS\": 0.0, \"AUS_CORPORATE_BONDS\": 0.0, \"CN_TOTAL_MARKET_STOCKS\": 0.0, \"EMERGING_MARKETS_STOCKS\": 0.0, \"AUS_TOTAL_MARKET_STOCKS\": 0.0}", "expected_return": -6.53}, "pk": 7544, "model": "portfolios.portfoliobyrisk"}, {"fields": {"volatility": 5.6336, "risk": 0.04, "portfolio_set": 1, "allocations": "{\"UK_TOTAL_MARKET_BONDS\": 0.0, \"CN_TOTAL_MARKET_BONDS\": 0.71, \"AUS_SMALL_CAP_VALUE_STOCKS\": 0.0, \"ASIA_EXJAP_TOTAL_MARKET_BONDS\": 0.0, \"US_TOTAL_MARKET_STOCKS\": 0.0, \"JAP_TOTAL_MARKET_STOCKS\": 0.0, \"ASIA_EXJAP_TOTAL_MARKET_STOCKS\": 0.0, \"EMERGING_MARKETS_BONDS\": 0.0, \"EUR_TOTAL_MARKET_BONDS\": 0.0, \"INTERNATIONAL_BONDS\": 0.0, \"UK_TOTAL_MARKET_STOCKS\": 0.0, \"GLOBAL_MARKETS_STOCKS\": 0.0, \"US_TOTAL_MARKET_BONDS\": 0.0, \"AUS_HIGH_YIELD_STOCKS\": 0.0, \"AUS_MUNICIPAL_BONDS\": 0.25, \"INFLATION_PROTECTED_BONDS\": 0.0, \"AUS_LARGE_CAP_VALUE_STOCKS\": 0.0, \"AUS_GOVT_BONDS\": 0.0, \"EUR_TOTAL_MARKET_STOCKS\": 0.0, \"AUS_CORPORATE_BONDS\": 0.0, \"CN_TOTAL_MARKET_STOCKS\": 0.04, \"EMERGING_MARKETS_STOCKS\": 0.0, \"AUS_TOTAL_MARKET_STOCKS\": 0.0}", "expected_return": -6.3}, "pk": 7545, "model": "portfolios.portfoliobyrisk"}, {"fields": {"volatility": 5.5374, "risk": 0.05, "portfolio_set": 1, "allocations": "{\"UK_TOTAL_MARKET_BONDS\": 0.4965, \"CN_TOTAL_MARKET_BONDS\": 0.0, \"AUS_SMALL_CAP_VALUE_STOCKS\": 0.0, \"ASIA_EXJAP_TOTAL_MARKET_BONDS\": 0.2535, \"US_TOTAL_MARKET_STOCKS\": 0.0, \"JAP_TOTAL_MARKET_STOCKS\": 0.0, \"ASIA_EXJAP_TOTAL_MARKET_STOCKS\": 0.0, \"EMERGING_MARKETS_BONDS\": 0.0, \"EUR_TOTAL_MARKET_BONDS\": 0.0, \"INTERNATIONAL_BONDS\": 0.0, \"UK_TOTAL_MARKET_STOCKS\": 0.0, \"GLOBAL_MARKETS_STOCKS\": 0.0, \"US_TOTAL_MARKET_BONDS\": 0.0, \"AUS_HIGH_YIELD_STOCKS\": 0.0, \"AUS_MUNICIPAL_BONDS\": 0.0, \"INFLATION_PROTECTED_BONDS\": 0.2, \"AUS_LARGE_CAP_VALUE_STOCKS\": 0.05, \"AUS_GOVT_BONDS\": 0.0, \"EUR_TOTAL_MARKET_STOCKS\": 0.0, \"AUS_CORPORATE_BONDS\": 0.0, \"CN_TOTAL_MARKET_STOCKS\": 0.0, \"EMERGING_MARKETS_STOCKS\": 0.0, \"AUS_TOTAL_MARKET_STOCKS\": 0.0}", "expected_return": -6.1}, "pk": 7546, "model": "portfolios.portfoliobyrisk"}, {"fields": {"volatility": 5.4372, "risk": 0.06, "portfolio_set": 1, "allocations": "{\"UK_TOTAL_MARKET_BONDS\": 0.75, \"CN_TOTAL_MARKET_BONDS\": 0.0, \"AUS_SMALL_CAP_VALUE_STOCKS\": 0.0, \"ASIA_EXJAP_TOTAL_MARKET_BONDS\": 0.0, \"US_TOTAL_MARKET_STOCKS\": 0.0, \"JAP_TOTAL_MARKET_STOCKS\": 0.0, \"ASIA_EXJAP_TOTAL_MARKET_STOCKS\": 0.0, \"EMERGING_MARKETS_BONDS\": 0.0, \"EUR_TOTAL_MARKET_BONDS\": 0.0, \"INTERNATIONAL_BONDS\": 0.0, \"UK_TOTAL_MARKET_STOCKS\": 0.0, \"GLOBAL_MARKETS_STOCKS\": 0.0, \"US_TOTAL_MARKET_BONDS\": 0.0, \"AUS_HIGH_YIELD_STOCKS\": 0.0, \"AUS_MUNICIPAL_BONDS\": 0.0, \"INFLATION_PROTECTED_BONDS\": 0.0, \"AUS_LARGE_CAP_VALUE_STOCKS\": 0.06, \"AUS_GOVT_BONDS\": 0.0, \"EUR_TOTAL_MARKET_STOCKS\": 0.0, \"AUS_CORPORATE_BONDS\": 0.19, \"CN_TOTAL_MARKET_STOCKS\": 0.0, \"EMERGING_MARKETS_STOCKS\": 0.0, \"AUS_TOTAL_MARKET_STOCKS\": 0.0}", "expected_return": -5.94}, "pk": 7547, "model": "portfolios.portfoliobyrisk"}, {"fields": {"volatility": 5.3349, "risk": 0.07, "portfolio_set": 1, "allocations": "{\"UK_TOTAL_MARKET_BONDS\": 0.75, \"CN_TOTAL_MARKET_BONDS\": 0.0, \"AUS_SMALL_CAP_VALUE_STOCKS\": 0.0, \"ASIA_EXJAP_TOTAL_MARKET_BONDS\": 0.0, \"US_TOTAL_MARKET_STOCKS\": 0.0, \"JAP_TOTAL_MARKET_STOCKS\": 0.0, \"ASIA_EXJAP_TOTAL_MARKET_STOCKS\": 0.0, \"EMERGING_MARKETS_BONDS\": 0.0, \"EUR_TOTAL_MARKET_BONDS\": 0.0, \"INTERNATIONAL_BONDS\": 0.0, \"UK_TOTAL_MARKET_STOCKS\": 0.0, \"GLOBAL_MARKETS_STOCKS\": 0.0, \"US_TOTAL_MARKET_BONDS\": 0.0, \"AUS_HIGH_YIELD_STOCKS\": 0.0, \"AUS_MUNICIPAL_BONDS\": 0.0, \"INFLATION_PROTECTED_BONDS\": 0.0, \"AUS_LARGE_CAP_VALUE_STOCKS\": 0.07, \"AUS_GOVT_BONDS\": 0.0, \"EUR_TOTAL_MARKET_STOCKS\": 0.0, \"AUS_CORPORATE_BONDS\": 0.18, \"CN_TOTAL_MARKET_STOCKS\": 0.0, \"EMERGING_MARKETS_STOCKS\": 0.0, \"AUS_TOTAL_MARKET_STOCKS\": 0.0}", "expected_return": -5.82}, "pk": 7548, "model": "portfolios.portfoliobyrisk"}, {"fields": {"volatility": 5.241, "risk": 0.08, "portfolio_set": 1, "allocations": "{\"UK_TOTAL_MARKET_BONDS\": 0.75, \"CN_TOTAL_MARKET_BONDS\": 0.0, \"AUS_SMALL_CAP_VALUE_STOCKS\": 0.0, \"ASIA_EXJAP_TOTAL_MARKET_BONDS\": 0.0, \"US_TOTAL_MARKET_STOCKS\": 0.0, \"JAP_TOTAL_MARKET_STOCKS\": 0.0, \"ASIA_EXJAP_TOTAL_MARKET_STOCKS\": 0.0, \"EMERGING_MARKETS_BONDS\": 0.0, \"EUR_TOTAL_MARKET_BONDS\": 0.0, \"INTERNATIONAL_BONDS\": 0.0, \"UK_TOTAL_MARKET_STOCKS\": 0.0, \"GLOBAL_MARKETS_STOCKS\": 0.0, \"US_TOTAL_MARKET_BONDS\": 0.0, \"AUS_HIGH_YIELD_STOCKS\": 0.0, \"AUS_MUNICIPAL_BONDS\": 0.0, \"INFLATION_PROTECTED_BONDS\": 0.0, \"AUS_LARGE_CAP_VALUE_STOCKS\": 0.08, \"AUS_GOVT_BONDS\": 0.0, \"EUR_TOTAL_MARKET_STOCKS\": 0.0, \"AUS_CORPORATE_BONDS\": 0.17, \"CN_TOTAL_MARKET_STOCKS\": 0.0, \"EMERGING_MARKETS_STOCKS\": 0.0, \"AUS_TOTAL_MARKET_STOCKS\": 0.0}", "expected_return": -5.65}, "pk": 7549, "model": "portfolios.portfoliobyrisk"}, {"fields": {"volatility": 5.1507, "risk": 0.09, "portfolio_set": 1, "allocations": "{\"UK_TOTAL_MARKET_BONDS\": 0.66, \"CN_TOTAL_MARKET_BONDS\": 0.0, \"AUS_SMALL_CAP_VALUE_STOCKS\": 0.0, \"ASIA_EXJAP_TOTAL_MARKET_BONDS\": 0.0, \"US_TOTAL_MARKET_STOCKS\": 0.0, \"JAP_TOTAL_MARKET_STOCKS\": 0.0, \"ASIA_EXJAP_TOTAL_MARKET_STOCKS\": 0.0, \"EMERGING_MARKETS_BONDS\": 0.0, \"EUR_TOTAL_MARKET_BONDS\": 0.0, \"INTERNATIONAL_BONDS\": 0.0, \"UK_TOTAL_MARKET_STOCKS\": 0.0, \"GLOBAL_MARKETS_STOCKS\": 0.0, \"US_TOTAL_MARKET_BONDS\": 0.0, \"AUS_HIGH_YIELD_STOCKS\": 0.0, \"AUS_MUNICIPAL_BONDS\": 0.0, \"INFLATION_PROTECTED_BONDS\": 0.0, \"AUS_LARGE_CAP_VALUE_STOCKS\": 0.0, \"AUS_GOVT_BONDS\": 0.0, \"EUR_TOTAL_MARKET_STOCKS\": 0.09, \"AUS_CORPORATE_BONDS\": 0.25, \"CN_TOTAL_MARKET_STOCKS\": 0.0, \"EMERGING_MARKETS_STOCKS\": 0.0, \"AUS_TOTAL_MARKET_STOCKS\": 0.0}", "expected_return": -5.49}, "pk": 7550, "model": "portfolios.portfoliobyrisk"}, {"fields": {"volatility": 5.0604, "risk": 0.1, "portfolio_set": 1, "allocations": "{\"UK_TOTAL_MARKET_BONDS\": 0.75, \"CN_TOTAL_MARKET_BONDS\": 0.0, \"AUS_SMALL_CAP_VALUE_STOCKS\": 0.0, \"ASIA_EXJAP_TOTAL_MARKET_BONDS\": 0.0, \"US_TOTAL_MARKET_STOCKS\": 0.0, \"JAP_TOTAL_MARKET_STOCKS\": 0.0, \"ASIA_EXJAP_TOTAL_MARKET_STOCKS\": 0.0, \"EMERGING_MARKETS_BONDS\": 0.0, \"EUR_TOTAL_MARKET_BONDS\": 0.0, \"INTERNATIONAL_BONDS\": 0.0, \"UK_TOTAL_MARKET_STOCKS\": 0.0, \"GLOBAL_MARKETS_STOCKS\": 0.0, \"US_TOTAL_MARKET_BONDS\": 0.0, \"AUS_HIGH_YIELD_STOCKS\": 0.0, \"AUS_MUNICIPAL_BONDS\": 0.0, \"INFLATION_PROTECTED_BONDS\": 0.15, \"AUS_LARGE_CAP_VALUE_STOCKS\": 0.1, \"AUS_GOVT_BONDS\": 0.0, \"EUR_TOTAL_MARKET_STOCKS\": 0.0, \"AUS_CORPORATE_BONDS\": 0.0, \"CN_TOTAL_MARKET_STOCKS\": 0.0, \"EMERGING_MARKETS_STOCKS\": 0.0, \"AUS_TOTAL_MARKET_STOCKS\": 0.0}", "expected_return": -5.34}, "pk": 7551, "model": "portfolios.portfoliobyrisk"}, {"fields": {"volatility": 4.9711, "risk": 0.11, "portfolio_set": 1, "allocations": "{\"UK_TOTAL_MARKET_BONDS\": 0.64, \"CN_TOTAL_MARKET_BONDS\": 0.0, \"AUS_SMALL_CAP_VALUE_STOCKS\": 0.0, \"ASIA_EXJAP_TOTAL_MARKET_BONDS\": 0.0, \"US_TOTAL_MARKET_STOCKS\": 0.0, \"JAP_TOTAL_MARKET_STOCKS\": 0.0, \"ASIA_EXJAP_TOTAL_MARKET_STOCKS\": 0.0, \"EMERGING_MARKETS_BONDS\": 0.0, \"EUR_TOTAL_MARKET_BONDS\": 0.0, \"INTERNATIONAL_BONDS\": 0.0, \"UK_TOTAL_MARKET_STOCKS\": 0.0, \"GLOBAL_MARKETS_STOCKS\": 0.0, \"US_TOTAL_MARKET_BONDS\": 0.0, \"AUS_HIGH_YIELD_STOCKS\": 0.0, \"AUS_MUNICIPAL_BONDS\": 0.0, \"INFLATION_PROTECTED_BONDS\": 0.0, \"AUS_LARGE_CAP_VALUE_STOCKS\": 0.0, \"AUS_GOVT_BONDS\": 0.0, \"EUR_TOTAL_MARKET_STOCKS\": 0.11, \"AUS_CORPORATE_BONDS\": 0.25, \"CN_TOTAL_MARKET_STOCKS\": 0.0, \"EMERGING_MARKETS_STOCKS\": 0.0, \"AUS_TOTAL_MARKET_STOCKS\": 0.0}", "expected_return": -5.21}, "pk": 7552, "model": "portfolios.portfoliobyrisk"}, {"fields": {"volatility": 4.8816, "risk": 0.12, "portfolio_set": 1, "allocations": "{\"UK_TOTAL_MARKET_BONDS\": 0.0, \"CN_TOTAL_MARKET_BONDS\": 0.0, \"AUS_SMALL_CAP_VALUE_STOCKS\": 0.0, \"ASIA_EXJAP_TOTAL_MARKET_BONDS\": 0.63, \"US_TOTAL_MARKET_STOCKS\": 0.0, \"JAP_TOTAL_MARKET_STOCKS\": 0.0, \"ASIA_EXJAP_TOTAL_MARKET_STOCKS\": 0.0, \"EMERGING_MARKETS_BONDS\": 0.0, \"EUR_TOTAL_MARKET_BONDS\": 0.0, \"INTERNATIONAL_BONDS\": 0.0, \"UK_TOTAL_MARKET_STOCKS\": 0.0, \"GLOBAL_MARKETS_STOCKS\": 0.0, \"US_TOTAL_MARKET_BONDS\": 0.0, \"AUS_HIGH_YIELD_STOCKS\": 0.0, \"AUS_MUNICIPAL_BONDS\": 0.25, \"INFLATION_PROTECTED_BONDS\": 0.0, \"AUS_LARGE_CAP_VALUE_STOCKS\": 0.0, \"AUS_GOVT_BONDS\": 0.0, \"EUR_TOTAL_MARKET_STOCKS\": 0.0, \"AUS_CORPORATE_BONDS\": 0.0, \"CN_TOTAL_MARKET_STOCKS\": 0.12, \"EMERGING_MARKETS_STOCKS\": 0.0, \"AUS_TOTAL_MARKET_STOCKS\": 0.0}", "expected_return": -5.09}, "pk": 7553, "model": "portfolios.portfoliobyrisk"}, {"fields": {"volatility": 4.7959, "risk": 0.13, "portfolio_set": 1, "allocations": "{\"UK_TOTAL_MARKET_BONDS\": 0.0, \"CN_TOTAL_MARKET_BONDS\": 0.62, \"AUS_SMALL_CAP_VALUE_STOCKS\": 0.0, \"ASIA_EXJAP_TOTAL_MARKET_BONDS\": 0.0, \"US_TOTAL_MARKET_STOCKS\": 0.0, \"JAP_TOTAL_MARKET_STOCKS\": 0.0, \"ASIA_EXJAP_TOTAL_MARKET_STOCKS\": 0.0, \"EMERGING_MARKETS_BONDS\": 0.0, \"EUR_TOTAL_MARKET_BONDS\": 0.0, \"INTERNATIONAL_BONDS\": 0.0, \"UK_TOTAL_MARKET_STOCKS\": 0.0, \"GLOBAL_MARKETS_STOCKS\": 0.0, \"US_TOTAL_MARKET_BONDS\": 0.0, \"AUS_HIGH_YIELD_STOCKS\": 0.0, \"AUS_MUNICIPAL_BONDS\": 0.25, \"INFLATION_PROTECTED_BONDS\": 0.0, \"AUS_LARGE_CAP_VALUE_STOCKS\": 0.0, \"AUS_GOVT_BONDS\": 0.0, \"EUR_TOTAL_MARKET_STOCKS\": 0.0, \"AUS_CORPORATE_BONDS\": 0.0, \"CN_TOTAL_MARKET_STOCKS\": 0.13, \"EMERGING_MARKETS_STOCKS\": 0.0, \"AUS_TOTAL_MARKET_STOCKS\": 0.0}", "expected_return": -4.97}, "pk": 7554, "model": "portfolios.portfoliobyrisk"}, {"fields": {"volatility": 4.7145, "risk": 0.14, "portfolio_set": 1, "allocations": "{\"UK_TOTAL_MARKET_BONDS\": 0.0, \"CN_TOTAL_MARKET_BONDS\": 0.61, \"AUS_SMALL_CAP_VALUE_STOCKS\": 0.0, \"ASIA_EXJAP_TOTAL_MARKET_BONDS\": 0.0, \"US_TOTAL_MARKET_STOCKS\": 0.0, \"JAP_TOTAL_MARKET_STOCKS\": 0.0, \"ASIA_EXJAP_TOTAL_MARKET_STOCKS\": 0.0, \"EMERGING_MARKETS_BONDS\": 0.0, \"EUR_TOTAL_MARKET_BONDS\": 0.0, \"INTERNATIONAL_BONDS\": 0.0, \"UK_TOTAL_MARKET_STOCKS\": 0.0, \"GLOBAL_MARKETS_STOCKS\": 0.0, \"US_TOTAL_MARKET_BONDS\": 0.0, \"AUS_HIGH_YIELD_STOCKS\": 0.0, \"AUS_MUNICIPAL_BONDS\": 0.25, \"INFLATION_PROTECTED_BONDS\": 0.0, \"AUS_LARGE_CAP_VALUE_STOCKS\": 0.0, \"AUS_GOVT_BONDS\": 0.0, \"EUR_TOTAL_MARKET_STOCKS\": 0.0, \"AUS_CORPORATE_BONDS\": 0.0, \"CN_TOTAL_MARKET_STOCKS\": 0.14, \"EMERGING_MARKETS_STOCKS\": 0.0, \"AUS_TOTAL_MARKET_STOCKS\": 0.0}", "expected_return": -4.85}, "pk": 7555, "model": "portfolios.portfoliobyrisk"}, {"fields": {"volatility": 4.6375, "risk": 0.15, "portfolio_set": 1, "allocations": "{\"UK_TOTAL_MARKET_BONDS\": 0.75, \"CN_TOTAL_MARKET_BONDS\": 0.0, \"AUS_SMALL_CAP_VALUE_STOCKS\": 0.0, \"ASIA_EXJAP_TOTAL_MARKET_BONDS\": 0.0, \"US_TOTAL_MARKET_STOCKS\": 0.0, \"JAP_TOTAL_MARKET_STOCKS\": 0.0, \"ASIA_EXJAP_TOTAL_MARKET_STOCKS\": 0.0, \"EMERGING_MARKETS_BONDS\": 0.0, \"EUR_TOTAL_MARKET_BONDS\": 0.0, \"INTERNATIONAL_BONDS\": 0.0, \"UK_TOTAL_MARKET_STOCKS\": 0.0, \"GLOBAL_MARKETS_STOCKS\": 0.0, \"US_TOTAL_MARKET_BONDS\": 0.0, \"AUS_HIGH_YIELD_STOCKS\": 0.0, \"AUS_MUNICIPAL_BONDS\": 0.0, \"INFLATION_PROTECTED_BONDS\": 0.0, \"AUS_LARGE_CAP_VALUE_STOCKS\": 0.15, \"AUS_GOVT_BONDS\": 0.0, \"EUR_TOTAL_MARKET_STOCKS\": 0.0, \"AUS_CORPORATE_BONDS\": 0.1, \"CN_TOTAL_MARKET_STOCKS\": 0.0, \"EMERGING_MARKETS_STOCKS\": 0.0, \"AUS_TOTAL_MARKET_STOCKS\": 0.0}", "expected_return": -4.73}, "pk": 7556, "model": "portfolios.portfoliobyrisk"}, {"fields": {"volatility": 4.5657, "risk": 0.16, "portfolio_set": 1, "allocations": "{\"UK_TOTAL_MARKET_BONDS\": 0.0, \"CN_TOTAL_MARKET_BONDS\": 0.59, \"AUS_SMALL_CAP_VALUE_STOCKS\": 0.0, \"ASIA_EXJAP_TOTAL_MARKET_BONDS\": 0.0, \"US_TOTAL_MARKET_STOCKS\": 0.0, \"JAP_TOTAL_MARKET_STOCKS\": 0.0, \"ASIA_EXJAP_TOTAL_MARKET_STOCKS\": 0.0, \"EMERGING_MARKETS_BONDS\": 0.0, \"EUR_TOTAL_MARKET_BONDS\": 0.0, \"INTERNATIONAL_BONDS\": 0.0, \"UK_TOTAL_MARKET_STOCKS\": 0.0, \"GLOBAL_MARKETS_STOCKS\": 0.0, \"US_TOTAL_MARKET_BONDS\": 0.0, \"AUS_HIGH_YIELD_STOCKS\": 0.0, \"AUS_MUNICIPAL_BONDS\": 0.25, \"INFLATION_PROTECTED_BONDS\": 0.0, \"AUS_LARGE_CAP_VALUE_STOCKS\": 0.0, \"AUS_GOVT_BONDS\": 0.0, \"EUR_TOTAL_MARKET_STOCKS\": 0.0, \"AUS_CORPORATE_BONDS\": 0.0, \"CN_TOTAL_MARKET_STOCKS\": 0.16, \"EMERGING_MARKETS_STOCKS\": 0.0, \"AUS_TOTAL_MARKET_STOCKS\": 0.0}", "expected_return": -4.59}, "pk": 7557, "model": "portfolios.portfoliobyrisk"}, {"fields": {"volatility": 4.5001, "risk": 0.17, "portfolio_set": 1, "allocations": "{\"UK_TOTAL_MARKET_BONDS\": 0.75, \"CN_TOTAL_MARKET_BONDS\": 0.0, \"AUS_SMALL_CAP_VALUE_STOCKS\": 0.0, \"ASIA_EXJAP_TOTAL_MARKET_BONDS\": 0.0, \"US_TOTAL_MARKET_STOCKS\": 0.0, \"JAP_TOTAL_MARKET_STOCKS\": 0.0, \"ASIA_EXJAP_TOTAL_MARKET_STOCKS\": 0.0, \"EMERGING_MARKETS_BONDS\": 0.0, \"EUR_TOTAL_MARKET_BONDS\": 0.0, \"INTERNATIONAL_BONDS\": 0.0, \"UK_TOTAL_MARKET_STOCKS\": 0.0, \"GLOBAL_MARKETS_STOCKS\": 0.0, \"US_TOTAL_MARKET_BONDS\": 0.0, \"AUS_HIGH_YIELD_STOCKS\": 0.0, \"AUS_MUNICIPAL_BONDS\": 0.0, \"INFLATION_PROTECTED_BONDS\": 0.08, \"AUS_LARGE_CAP_VALUE_STOCKS\": 0.17, \"AUS_GOVT_BONDS\": 0.0, \"EUR_TOTAL_MARKET_STOCKS\": 0.0, \"AUS_CORPORATE_BONDS\": 0.0, \"CN_TOTAL_MARKET_STOCKS\": 0.0, \"EMERGING_MARKETS_STOCKS\": 0.0, \"AUS_TOTAL_MARKET_STOCKS\": 0.0}", "expected_return": -4.44}, "pk": 7558, "model": "portfolios.portfoliobyrisk"}, {"fields": {"volatility": 4.4384, "risk": 0.18, "portfolio_set": 1, "allocations": "{\"UK_TOTAL_MARKET_BONDS\": 0.0, \"CN_TOTAL_MARKET_BONDS\": 0.0, \"AUS_SMALL_CAP_VALUE_STOCKS\": 0.0, \"ASIA_EXJAP_TOTAL_MARKET_BONDS\": 0.57, \"US_TOTAL_MARKET_STOCKS\": 0.0, \"JAP_TOTAL_MARKET_STOCKS\": 0.0, \"ASIA_EXJAP_TOTAL_MARKET_STOCKS\": 0.0, \"EMERGING_MARKETS_BONDS\": 0.0, \"EUR_TOTAL_MARKET_BONDS\": 0.0, \"INTERNATIONAL_BONDS\": 0.0, \"UK_TOTAL_MARKET_STOCKS\": 0.0, \"GLOBAL_MARKETS_STOCKS\": 0.0, \"US_TOTAL_MARKET_BONDS\": 0.0, \"AUS_HIGH_YIELD_STOCKS\": 0.0, \"AUS_MUNICIPAL_BONDS\": 0.25, \"INFLATION_PROTECTED_BONDS\": 0.0, \"AUS_LARGE_CAP_VALUE_STOCKS\": 0.0, \"AUS_GOVT_BONDS\": 0.0, \"EUR_TOTAL_MARKET_STOCKS\": 0.0, \"AUS_CORPORATE_BONDS\": 0.0, \"CN_TOTAL_MARKET_STOCKS\": 0.18, \"EMERGING_MARKETS_STOCKS\": 0.0, \"AUS_TOTAL_MARKET_STOCKS\": 0.0}", "expected_return": -4.3}, "pk": 7559, "model": "portfolios.portfoliobyrisk"}, {"fields": {"volatility": 4.3841, "risk": 0.19, "portfolio_set": 1, "allocations": "{\"UK_TOTAL_MARKET_BONDS\": 0.75, \"CN_TOTAL_MARKET_BONDS\": 0.0, \"AUS_SMALL_CAP_VALUE_STOCKS\": 0.0, \"ASIA_EXJAP_TOTAL_MARKET_BONDS\": 0.0, \"US_TOTAL_MARKET_STOCKS\": 0.0, \"JAP_TOTAL_MARKET_STOCKS\": 0.0, \"ASIA_EXJAP_TOTAL_MARKET_STOCKS\": 0.0, \"EMERGING_MARKETS_BONDS\": 0.0, \"EUR_TOTAL_MARKET_BONDS\": 0.0, \"INTERNATIONAL_BONDS\": 0.0, \"UK_TOTAL_MARKET_STOCKS\": 0.0, \"GLOBAL_MARKETS_STOCKS\": 0.0, \"US_TOTAL_MARKET_BONDS\": 0.0, \"AUS_HIGH_YIELD_STOCKS\": 0.0, \"AUS_MUNICIPAL_BONDS\": 0.0, \"INFLATION_PROTECTED_BONDS\": 0.0, \"AUS_LARGE_CAP_VALUE_STOCKS\": 0.19, \"AUS_GOVT_BONDS\": 0.0, \"EUR_TOTAL_MARKET_STOCKS\": 0.0, \"AUS_CORPORATE_BONDS\": 0.06, \"CN_TOTAL_MARKET_STOCKS\": 0.0, \"EMERGING_MARKETS_STOCKS\": 0.0, \"AUS_TOTAL_MARKET_STOCKS\": 0.0}", "expected_return": -4.13}, "pk": 7560, "model": "portfolios.portfoliobyrisk"}, {"fields": {"volatility": 4.3358, "risk": 0.2, "portfolio_set": 1, "allocations": "{\"UK_TOTAL_MARKET_BONDS\": 0.0, \"CN_TOTAL_MARKET_BONDS\": 0.55, \"AUS_SMALL_CAP_VALUE_STOCKS\": 0.0, \"ASIA_EXJAP_TOTAL_MARKET_BONDS\": 0.0, \"US_TOTAL_MARKET_STOCKS\": 0.0, \"JAP_TOTAL_MARKET_STOCKS\": 0.0, \"ASIA_EXJAP_TOTAL_MARKET_STOCKS\": 0.0, \"EMERGING_MARKETS_BONDS\": 0.0, \"EUR_TOTAL_MARKET_BONDS\": 0.0, \"INTERNATIONAL_BONDS\": 0.0, \"UK_TOTAL_MARKET_STOCKS\": 0.0, \"GLOBAL_MARKETS_STOCKS\": 0.0, \"US_TOTAL_MARKET_BONDS\": 0.0, \"AUS_HIGH_YIELD_STOCKS\": 0.0, \"AUS_MUNICIPAL_BONDS\": 0.25, \"INFLATION_PROTECTED_BONDS\": 0.0, \"AUS_LARGE_CAP_VALUE_STOCKS\": 0.0, \"AUS_GOVT_BONDS\": 0.0, \"EUR_TOTAL_MARKET_STOCKS\": 0.0, \"AUS_CORPORATE_BONDS\": 0.0, \"CN_TOTAL_MARKET_STOCKS\": 0.2, \"EMERGING_MARKETS_STOCKS\": 0.0, \"AUS_TOTAL_MARKET_STOCKS\": 0.0}", "expected_return": -3.96}, "pk": 7561, "model": "portfolios.portfoliobyrisk"}, {"fields": {"volatility": 4.2948, "risk": 0.21, "portfolio_set": 1, "allocations": "{\"UK_TOTAL_MARKET_BONDS\": 0.75, \"CN_TOTAL_MARKET_BONDS\": 0.0, \"AUS_SMALL_CAP_VALUE_STOCKS\": 0.0, \"ASIA_EXJAP_TOTAL_MARKET_BONDS\": 0.0, \"US_TOTAL_MARKET_STOCKS\": 0.0, \"JAP_TOTAL_MARKET_STOCKS\": 0.0, \"ASIA_EXJAP_TOTAL_MARKET_STOCKS\": 0.0, \"EMERGING_MARKETS_BONDS\": 0.0, \"EUR_TOTAL_MARKET_BONDS\": 0.0, \"INTERNATIONAL_BONDS\": 0.0, \"UK_TOTAL_MARKET_STOCKS\": 0.0, \"GLOBAL_MARKETS_STOCKS\": 0.0, \"US_TOTAL_MARKET_BONDS\": 0.0, \"AUS_HIGH_YIELD_STOCKS\": 0.0, \"AUS_MUNICIPAL_BONDS\": 0.0, \"INFLATION_PROTECTED_BONDS\": 0.04, \"AUS_LARGE_CAP_VALUE_STOCKS\": 0.21, \"AUS_GOVT_BONDS\": 0.0, \"EUR_TOTAL_MARKET_STOCKS\": 0.0, \"AUS_CORPORATE_BONDS\": 0.0, \"CN_TOTAL_MARKET_STOCKS\": 0.0, \"EMERGING_MARKETS_STOCKS\": 0.0, \"AUS_TOTAL_MARKET_STOCKS\": 0.0}", "expected_return": -3.78}, "pk": 7562, "model": "portfolios.portfoliobyrisk"}, {"fields": {"volatility": 4.2605, "risk": 0.22, "portfolio_set": 1, "allocations": "{\"UK_TOTAL_MARKET_BONDS\": 0.75, \"CN_TOTAL_MARKET_BONDS\": 0.0, \"AUS_SMALL_CAP_VALUE_STOCKS\": 0.0, \"ASIA_EXJAP_TOTAL_MARKET_BONDS\": 0.0, \"US_TOTAL_MARKET_STOCKS\": 0.0, \"JAP_TOTAL_MARKET_STOCKS\": 0.0, \"ASIA_EXJAP_TOTAL_MARKET_STOCKS\": 0.0, \"EMERGING_MARKETS_BONDS\": 0.0, \"EUR_TOTAL_MARKET_BONDS\": 0.0, \"INTERNATIONAL_BONDS\": 0.0, \"UK_TOTAL_MARKET_STOCKS\": 0.0, \"GLOBAL_MARKETS_STOCKS\": 0.0, \"US_TOTAL_MARKET_BONDS\": 0.0, \"AUS_HIGH_YIELD_STOCKS\": 0.0, \"AUS_MUNICIPAL_BONDS\": 0.0, \"INFLATION_PROTECTED_BONDS\": 0.0, \"AUS_LARGE_CAP_VALUE_STOCKS\": 0.22, \"AUS_GOVT_BONDS\": 0.0, \"EUR_TOTAL_MARKET_STOCKS\": 0.0, \"AUS_CORPORATE_BONDS\": 0.03, \"CN_TOTAL_MARKET_STOCKS\": 0.0, \"EMERGING_MARKETS_STOCKS\": 0.0, \"AUS_TOTAL_MARKET_STOCKS\": 0.0}", "expected_return": -3.59}, "pk": 7563, "model": "portfolios.portfoliobyrisk"}, {"fields": {"volatility": 4.2237, "risk": 0.23, "portfolio_set": 1, "allocations": "{\"UK_TOTAL_MARKET_BONDS\": 0.0, \"CN_TOTAL_MARKET_BONDS\": 0.0, \"AUS_SMALL_CAP_VALUE_STOCKS\": 0.0, \"ASIA_EXJAP_TOTAL_MARKET_BONDS\": 0.52, \"US_TOTAL_MARKET_STOCKS\": 0.0, \"JAP_TOTAL_MARKET_STOCKS\": 0.0, \"ASIA_EXJAP_TOTAL_MARKET_STOCKS\": 0.0, \"EMERGING_MARKETS_BONDS\": 0.0, \"EUR_TOTAL_MARKET_BONDS\": 0.0, \"INTERNATIONAL_BONDS\": 0.0, \"UK_TOTAL_MARKET_STOCKS\": 0.0, \"GLOBAL_MARKETS_STOCKS\": 0.0, \"US_TOTAL_MARKET_BONDS\": 0.0, \"AUS_HIGH_YIELD_STOCKS\": 0.0, \"AUS_MUNICIPAL_BONDS\": 0.25, \"INFLATION_PROTECTED_BONDS\": 0.0, \"AUS_LARGE_CAP_VALUE_STOCKS\": 0.0, \"AUS_GOVT_BONDS\": 0.0, \"EUR_TOTAL_MARKET_STOCKS\": 0.0, \"AUS_CORPORATE_BONDS\": 0.0, \"CN_TOTAL_MARKET_STOCKS\": 0.23, \"EMERGING_MARKETS_STOCKS\": 0.0, \"AUS_TOTAL_MARKET_STOCKS\": 0.0}", "expected_return": -3.44}, "pk": 7564, "model": "portfolios.portfoliobyrisk"}, {"fields": {"volatility": 4.1904, "risk": 0.24, "portfolio_set": 1, "allocations": "{\"UK_TOTAL_MARKET_BONDS\": 0.0, \"CN_TOTAL_MARKET_BONDS\": 0.0, \"AUS_SMALL_CAP_VALUE_STOCKS\": 0.0, \"ASIA_EXJAP_TOTAL_MARKET_BONDS\": 0.51, \"US_TOTAL_MARKET_STOCKS\": 0.0, \"JAP_TOTAL_MARKET_STOCKS\": 0.0, \"ASIA_EXJAP_TOTAL_MARKET_STOCKS\": 0.0, \"EMERGING_MARKETS_BONDS\": 0.0, \"EUR_TOTAL_MARKET_BONDS\": 0.0, \"INTERNATIONAL_BONDS\": 0.0, \"UK_TOTAL_MARKET_STOCKS\": 0.0, \"GLOBAL_MARKETS_STOCKS\": 0.0, \"US_TOTAL_MARKET_BONDS\": 0.0, \"AUS_HIGH_YIELD_STOCKS\": 0.0, \"AUS_MUNICIPAL_BONDS\": 0.25, \"INFLATION_PROTECTED_BONDS\": 0.0, \"AUS_LARGE_CAP_VALUE_STOCKS\": 0.0, \"AUS_GOVT_BONDS\": 0.0, \"EUR_TOTAL_MARKET_STOCKS\": 0.0, \"AUS_CORPORATE_BONDS\": 0.0, \"CN_TOTAL_MARKET_STOCKS\": 0.24, \"EMERGING_MARKETS_STOCKS\": 0.0, \"AUS_TOTAL_MARKET_STOCKS\": 0.0}", "expected_return": -3.3}, "pk": 7565, "model": "portfolios.portfoliobyrisk"}, {"fields": {"volatility": 4.1608, "risk": 0.25, "portfolio_set": 1, "allocations": "{\"UK_TOTAL_MARKET_BONDS\": 0.0, \"CN_TOTAL_MARKET_BONDS\": 0.0, \"AUS_SMALL_CAP_VALUE_STOCKS\": 0.0, \"ASIA_EXJAP_TOTAL_MARKET_BONDS\": 0.5, \"US_TOTAL_MARKET_STOCKS\": 0.0, \"JAP_TOTAL_MARKET_STOCKS\": 0.0, \"ASIA_EXJAP_TOTAL_MARKET_STOCKS\": 0.0, \"EMERGING_MARKETS_BONDS\": 0.0, \"EUR_TOTAL_MARKET_BONDS\": 0.0, \"INTERNATIONAL_BONDS\": 0.0, \"UK_TOTAL_MARKET_STOCKS\": 0.0, \"GLOBAL_MARKETS_STOCKS\": 0.0, \"US_TOTAL_MARKET_BONDS\": 0.0, \"AUS_HIGH_YIELD_STOCKS\": 0.0, \"AUS_MUNICIPAL_BONDS\": 0.25, \"INFLATION_PROTECTED_BONDS\": 0.0, \"AUS_LARGE_CAP_VALUE_STOCKS\": 0.0, \"AUS_GOVT_BONDS\": 0.0, \"EUR_TOTAL_MARKET_STOCKS\": 0.0, \"AUS_CORPORATE_BONDS\": 0.0, \"CN_TOTAL_MARKET_STOCKS\": 0.25, \"EMERGING_MARKETS_STOCKS\": 0.0, \"AUS_TOTAL_MARKET_STOCKS\": 0.0}", "expected_return": -3.17}, "pk": 7566, "model": "portfolios.portfoliobyrisk"}, {"fields": {"volatility": 4.126, "risk": 0.26, "portfolio_set": 1, "allocations": "{\"UK_TOTAL_MARKET_BONDS\": 0.74, \"CN_TOTAL_MARKET_BONDS\": 0.0, \"AUS_SMALL_CAP_VALUE_STOCKS\": 0.0, \"ASIA_EXJAP_TOTAL_MARKET_BONDS\": 0.0, \"US_TOTAL_MARKET_STOCKS\": 0.0, \"JAP_TOTAL_MARKET_STOCKS\": 0.0, \"ASIA_EXJAP_TOTAL_MARKET_STOCKS\": 0.0, \"EMERGING_MARKETS_BONDS\": 0.0, \"EUR_TOTAL_MARKET_BONDS\": 0.0, \"INTERNATIONAL_BONDS\": 0.0, \"UK_TOTAL_MARKET_STOCKS\": 0.0, \"GLOBAL_MARKETS_STOCKS\": 0.0, \"US_TOTAL_MARKET_BONDS\": 0.0, \"AUS_HIGH_YIELD_STOCKS\": 0.0, \"AUS_MUNICIPAL_BONDS\": 0.0, \"INFLATION_PROTECTED_BONDS\": 0.0, \"AUS_LARGE_CAP_VALUE_STOCKS\": 0.25, \"AUS_GOVT_BONDS\": 0.0, \"EUR_TOTAL_MARKET_STOCKS\": 0.01, \"AUS_CORPORATE_BONDS\": 0.0, \"CN_TOTAL_MARKET_STOCKS\": 0.0, \"EMERGING_MARKETS_STOCKS\": 0.0, \"AUS_TOTAL_MARKET_STOCKS\": 0.0}", "expected_return": -3.1}, "pk": 7567, "model": "portfolios.portfoliobyrisk"}, {"fields": {"volatility": 4.0977, "risk": 0.27, "portfolio_set": 1, "allocations": "{\"UK_TOTAL_MARKET_BONDS\": 0.0, \"CN_TOTAL_MARKET_BONDS\": 0.48, \"AUS_SMALL_CAP_VALUE_STOCKS\": 0.0, \"ASIA_EXJAP_TOTAL_MARKET_BONDS\": 0.0, \"US_TOTAL_MARKET_STOCKS\": 0.0, \"JAP_TOTAL_MARKET_STOCKS\": 0.0, \"ASIA_EXJAP_TOTAL_MARKET_STOCKS\": 0.0, \"EMERGING_MARKETS_BONDS\": 0.0, \"EUR_TOTAL_MARKET_BONDS\": 0.0, \"INTERNATIONAL_BONDS\": 0.0, \"UK_TOTAL_MARKET_STOCKS\": 0.0, \"GLOBAL_MARKETS_STOCKS\": 0.0, \"US_TOTAL_MARKET_BONDS\": 0.0, \"AUS_HIGH_YIELD_STOCKS\": 0.0, \"AUS_MUNICIPAL_BONDS\": 0.25, \"INFLATION_PROTECTED_BONDS\": 0.0, \"AUS_LARGE_CAP_VALUE_STOCKS\": 0.0, \"AUS_GOVT_BONDS\": 0.0, \"EUR_TOTAL_MARKET_STOCKS\": 0.0, \"AUS_CORPORATE_BONDS\": 0.0, \"CN_TOTAL_MARKET_STOCKS\": 0.27, \"EMERGING_MARKETS_STOCKS\": 0.0, \"AUS_TOTAL_MARKET_STOCKS\": 0.0}", "expected_return": -3.03}, "pk": 7568, "model": "portfolios.portfoliobyrisk"}, {"fields": {"volatility": 4.0754, "risk": 0.28, "portfolio_set": 1, "allocations": "{\"UK_TOTAL_MARKET_BONDS\": 0.0, \"CN_TOTAL_MARKET_BONDS\": 0.47, \"AUS_SMALL_CAP_VALUE_STOCKS\": 0.0, \"ASIA_EXJAP_TOTAL_MARKET_BONDS\": 0.0, \"US_TOTAL_MARKET_STOCKS\": 0.0, \"JAP_TOTAL_MARKET_STOCKS\": 0.0, \"ASIA_EXJAP_TOTAL_MARKET_STOCKS\": 0.0, \"EMERGING_MARKETS_BONDS\": 0.0, \"EUR_TOTAL_MARKET_BONDS\": 0.0, \"INTERNATIONAL_BONDS\": 0.0, \"UK_TOTAL_MARKET_STOCKS\": 0.0, \"GLOBAL_MARKETS_STOCKS\": 0.0, \"US_TOTAL_MARKET_BONDS\": 0.0, \"AUS_HIGH_YIELD_STOCKS\": 0.0, \"AUS_MUNICIPAL_BONDS\": 0.25, \"INFLATION_PROTECTED_BONDS\": 0.0, \"AUS_LARGE_CAP_VALUE_STOCKS\": 0.0, \"AUS_GOVT_BONDS\": 0.0, \"EUR_TOTAL_MARKET_STOCKS\": 0.0, \"AUS_CORPORATE_BONDS\": 0.0, \"CN_TOTAL_MARKET_STOCKS\": 0.28, \"EMERGING_MARKETS_STOCKS\": 0.0, \"AUS_TOTAL_MARKET_STOCKS\": 0.0}", "expected_return": -2.95}, "pk": 7569, "model": "portfolios.portfoliobyrisk"}, {"fields": {"volatility": 4.0611, "risk": 0.29, "portfolio_set": 1, "allocations": "{\"UK_TOTAL_MARKET_BONDS\": 0.71, \"CN_TOTAL_MARKET_BONDS\": 0.0, \"AUS_SMALL_CAP_VALUE_STOCKS\": 0.0, \"ASIA_EXJAP_TOTAL_MARKET_BONDS\": 0.0, \"US_TOTAL_MARKET_STOCKS\": 0.0, \"JAP_TOTAL_MARKET_STOCKS\": 0.0, \"ASIA_EXJAP_TOTAL_MARKET_STOCKS\": 0.0, \"EMERGING_MARKETS_BONDS\": 0.0, \"EUR_TOTAL_MARKET_BONDS\": 0.0, \"INTERNATIONAL_BONDS\": 0.0, \"UK_TOTAL_MARKET_STOCKS\": 0.0, \"GLOBAL_MARKETS_STOCKS\": 0.0, \"US_TOTAL_MARKET_BONDS\": 0.0, \"AUS_HIGH_YIELD_STOCKS\": 0.0, \"AUS_MUNICIPAL_BONDS\": 0.0, \"INFLATION_PROTECTED_BONDS\": 0.0, \"AUS_LARGE_CAP_VALUE_STOCKS\": 0.25, \"AUS_GOVT_BONDS\": 0.0, \"EUR_TOTAL_MARKET_STOCKS\": 0.04, \"AUS_CORPORATE_BONDS\": 0.0, \"CN_TOTAL_MARKET_STOCKS\": 0.0, \"EMERGING_MARKETS_STOCKS\": 0.0, \"AUS_TOTAL_MARKET_STOCKS\": 0.0}", "expected_return": -2.87}, "pk": 7570, "model": "portfolios.portfoliobyrisk"}, {"fields": {"volatility": 4.0478, "risk": 0.3, "portfolio_set": 1, "allocations": "{\"UK_TOTAL_MARKET_BONDS\": 0.7, \"CN_TOTAL_MARKET_BONDS\": 0.0, \"AUS_SMALL_CAP_VALUE_STOCKS\": 0.0, \"ASIA_EXJAP_TOTAL_MARKET_BONDS\": 0.0, \"US_TOTAL_MARKET_STOCKS\": 0.0, \"JAP_TOTAL_MARKET_STOCKS\": 0.05, \"ASIA_EXJAP_TOTAL_MARKET_STOCKS\": 0.0, \"EMERGING_MARKETS_BONDS\": 0.0, \"EUR_TOTAL_MARKET_BONDS\": 0.0, \"INTERNATIONAL_BONDS\": 0.0, \"UK_TOTAL_MARKET_STOCKS\": 0.0, \"GLOBAL_MARKETS_STOCKS\": 0.0, \"US_TOTAL_MARKET_BONDS\": 0.0, \"AUS_HIGH_YIELD_STOCKS\": 0.0, \"AUS_MUNICIPAL_BONDS\": 0.0, \"INFLATION_PROTECTED_BONDS\": 0.0, \"AUS_LARGE_CAP_VALUE_STOCKS\": 0.25, \"AUS_GOVT_BONDS\": 0.0, \"EUR_TOTAL_MARKET_STOCKS\": 0.0, \"AUS_CORPORATE_BONDS\": 0.0, \"CN_TOTAL_MARKET_STOCKS\": 0.0, \"EMERGING_MARKETS_STOCKS\": 0.0, \"AUS_TOTAL_MARKET_STOCKS\": 0.0}", "expected_return": -2.82}, "pk": 7571, "model": "portfolios.portfoliobyrisk"}, {"fields": {"volatility": 4.1251, "risk": 0.31, "portfolio_set": 1, "allocations": "{\"UK_TOTAL_MARKET_BONDS\": 0.69, \"CN_TOTAL_MARKET_BONDS\": 0.0, \"AUS_SMALL_CAP_VALUE_STOCKS\": 0.0, \"ASIA_EXJAP_TOTAL_MARKET_BONDS\": 0.0, \"US_TOTAL_MARKET_STOCKS\": 0.0, \"JAP_TOTAL_MARKET_STOCKS\": 0.06, \"ASIA_EXJAP_TOTAL_MARKET_STOCKS\": 0.0, \"EMERGING_MARKETS_BONDS\": 0.0, \"EUR_TOTAL_MARKET_BONDS\": 0.0, \"INTERNATIONAL_BONDS\": 0.0, \"UK_TOTAL_MARKET_STOCKS\": 0.0, \"GLOBAL_MARKETS_STOCKS\": 0.0, \"US_TOTAL_MARKET_BONDS\": 0.0, \"AUS_HIGH_YIELD_STOCKS\": 0.0, \"AUS_MUNICIPAL_BONDS\": 0.0, \"INFLATION_PROTECTED_BONDS\": 0.0, \"AUS_LARGE_CAP_VALUE_STOCKS\": 0.25, \"AUS_GOVT_BONDS\": 0.0, \"EUR_TOTAL_MARKET_STOCKS\": 0.0, \"AUS_CORPORATE_BONDS\": 0.0, \"CN_TOTAL_MARKET_STOCKS\": 0.0, \"EMERGING_MARKETS_STOCKS\": 0.0, \"AUS_TOTAL_MARKET_STOCKS\": 0.0}", "expected_return": -2.25}, "pk": 7572, "model": "portfolios.portfoliobyrisk"}, {"fields": {"volatility": 4.1391, "risk": 0.32, "portfolio_set": 1, "allocations": "{\"UK_TOTAL_MARKET_BONDS\": 0.68, \"CN_TOTAL_MARKET_BONDS\": 0.0, \"AUS_SMALL_CAP_VALUE_STOCKS\": 0.0, \"ASIA_EXJAP_TOTAL_MARKET_BONDS\": 0.0, \"US_TOTAL_MARKET_STOCKS\": 0.0, \"JAP_TOTAL_MARKET_STOCKS\": 0.0, \"ASIA_EXJAP_TOTAL_MARKET_STOCKS\": 0.0, \"EMERGING_MARKETS_BONDS\": 0.0, \"EUR_TOTAL_MARKET_BONDS\": 0.0, \"INTERNATIONAL_BONDS\": 0.0, \"UK_TOTAL_MARKET_STOCKS\": 0.0, \"GLOBAL_MARKETS_STOCKS\": 0.0, \"US_TOTAL_MARKET_BONDS\": 0.0, \"AUS_HIGH_YIELD_STOCKS\": 0.0, \"AUS_MUNICIPAL_BONDS\": 0.0, \"INFLATION_PROTECTED_BONDS\": 0.0, \"AUS_LARGE_CAP_VALUE_STOCKS\": 0.25, \"AUS_GOVT_BONDS\": 0.0, \"EUR_TOTAL_MARKET_STOCKS\": 0.07, \"AUS_CORPORATE_BONDS\": 0.0, \"CN_TOTAL_MARKET_STOCKS\": 0.0, \"EMERGING_MARKETS_STOCKS\": 0.0, \"AUS_TOTAL_MARKET_STOCKS\": 0.0}", "expected_return": -2.1}, "pk": 7573, "model": "portfolios.portfoliobyrisk"}, {"fields": {"volatility": 4.1586, "risk": 0.33, "portfolio_set": 1, "allocations": "{\"UK_TOTAL_MARKET_BONDS\": 0.0, \"CN_TOTAL_MARKET_BONDS\": 0.42, \"AUS_SMALL_CAP_VALUE_STOCKS\": 0.0, \"ASIA_EXJAP_TOTAL_MARKET_BONDS\": 0.0, \"US_TOTAL_MARKET_STOCKS\": 0.0, \"JAP_TOTAL_MARKET_STOCKS\": 0.0, \"ASIA_EXJAP_TOTAL_MARKET_STOCKS\": 0.0, \"EMERGING_MARKETS_BONDS\": 0.0, \"EUR_TOTAL_MARKET_BONDS\": 0.0, \"INTERNATIONAL_BONDS\": 0.0, \"UK_TOTAL_MARKET_STOCKS\": 0.0, \"GLOBAL_MARKETS_STOCKS\": 0.0, \"US_TOTAL_MARKET_BONDS\": 0.0, \"AUS_HIGH_YIELD_STOCKS\": 0.0, \"AUS_MUNICIPAL_BONDS\": 0.25, \"INFLATION_PROTECTED_BONDS\": 0.0, \"AUS_LARGE_CAP_VALUE_STOCKS\": 0.0, \"AUS_GOVT_BONDS\": 0.0, \"EUR_TOTAL_MARKET_STOCKS\": 0.0, \"AUS_CORPORATE_BONDS\": 0.0, \"CN_TOTAL_MARKET_STOCKS\": 0.33, \"EMERGING_MARKETS_STOCKS\": 0.0, \"AUS_TOTAL_MARKET_STOCKS\": 0.0}", "expected_return": -1.95}, "pk": 7574, "model": "portfolios.portfoliobyrisk"}, {"fields": {"volatility": 4.1837, "risk": 0.34, "portfolio_set": 1, "allocations": "{\"UK_TOTAL_MARKET_BONDS\": 0.0, \"CN_TOTAL_MARKET_BONDS\": 0.41, \"AUS_SMALL_CAP_VALUE_STOCKS\": 0.0, \"ASIA_EXJAP_TOTAL_MARKET_BONDS\": 0.0, \"US_TOTAL_MARKET_STOCKS\": 0.0, \"JAP_TOTAL_MARKET_STOCKS\": 0.0, \"ASIA_EXJAP_TOTAL_MARKET_STOCKS\": 0.0, \"EMERGING_MARKETS_BONDS\": 0.0, \"EUR_TOTAL_MARKET_BONDS\": 0.0, \"INTERNATIONAL_BONDS\": 0.0, \"UK_TOTAL_MARKET_STOCKS\": 0.0, \"GLOBAL_MARKETS_STOCKS\": 0.0, \"US_TOTAL_MARKET_BONDS\": 0.0, \"AUS_HIGH_YIELD_STOCKS\": 0.0, \"AUS_MUNICIPAL_BONDS\": 0.25, \"INFLATION_PROTECTED_BONDS\": 0.0, \"AUS_LARGE_CAP_VALUE_STOCKS\": 0.0, \"AUS_GOVT_BONDS\": 0.0, \"EUR_TOTAL_MARKET_STOCKS\": 0.0, \"AUS_CORPORATE_BONDS\": 0.0, \"CN_TOTAL_MARKET_STOCKS\": 0.34, \"EMERGING_MARKETS_STOCKS\": 0.0, \"AUS_TOTAL_MARKET_STOCKS\": 0.0}", "expected_return": -1.79}, "pk": 7575, "model": "portfolios.portfoliobyrisk"}, {"fields": {"volatility": 4.2141, "risk": 0.35, "portfolio_set": 1, "allocations": "{\"UK_TOTAL_MARKET_BONDS\": 0.0, \"CN_TOTAL_MARKET_BONDS\": 0.4, \"AUS_SMALL_CAP_VALUE_STOCKS\": 0.0, \"ASIA_EXJAP_TOTAL_MARKET_BONDS\": 0.0, \"US_TOTAL_MARKET_STOCKS\": 0.0, \"JAP_TOTAL_MARKET_STOCKS\": 0.0, \"ASIA_EXJAP_TOTAL_MARKET_STOCKS\": 0.0, \"EMERGING_MARKETS_BONDS\": 0.0, \"EUR_TOTAL_MARKET_BONDS\": 0.0, \"INTERNATIONAL_BONDS\": 0.0, \"UK_TOTAL_MARKET_STOCKS\": 0.0, \"GLOBAL_MARKETS_STOCKS\": 0.0, \"US_TOTAL_MARKET_BONDS\": 0.0, \"AUS_HIGH_YIELD_STOCKS\": 0.0, \"AUS_MUNICIPAL_BONDS\": 0.25, \"INFLATION_PROTECTED_BONDS\": 0.0, \"AUS_LARGE_CAP_VALUE_STOCKS\": 0.0, \"AUS_GOVT_BONDS\": 0.0, \"EUR_TOTAL_MARKET_STOCKS\": 0.0, \"AUS_CORPORATE_BONDS\": 0.0, \"CN_TOTAL_MARKET_STOCKS\": 0.35, \"EMERGING_MARKETS_STOCKS\": 0.0, \"AUS_TOTAL_MARKET_STOCKS\": 0.0}", "expected_return": -1.64}, "pk": 7576, "model": "portfolios.portfoliobyrisk"}, {"fields": {"volatility": 4.2498, "risk": 0.36, "portfolio_set": 1, "allocations": "{\"UK_TOTAL_MARKET_BONDS\": 0.64, \"CN_TOTAL_MARKET_BONDS\": 0.0, \"AUS_SMALL_CAP_VALUE_STOCKS\": 0.0, \"ASIA_EXJAP_TOTAL_MARKET_BONDS\": 0.0, \"US_TOTAL_MARKET_STOCKS\": 0.0, \"JAP_TOTAL_MARKET_STOCKS\": 0.0, \"ASIA_EXJAP_TOTAL_MARKET_STOCKS\": 0.0, \"EMERGING_MARKETS_BONDS\": 0.0, \"EUR_TOTAL_MARKET_BONDS\": 0.0, \"INTERNATIONAL_BONDS\": 0.0, \"UK_TOTAL_MARKET_STOCKS\": 0.0, \"GLOBAL_MARKETS_STOCKS\": 0.0, \"US_TOTAL_MARKET_BONDS\": 0.0, \"AUS_HIGH_YIELD_STOCKS\": 0.0, \"AUS_MUNICIPAL_BONDS\": 0.0, \"INFLATION_PROTECTED_BONDS\": 0.0, \"AUS_LARGE_CAP_VALUE_STOCKS\": 0.25, \"AUS_GOVT_BONDS\": 0.0, \"EUR_TOTAL_MARKET_STOCKS\": 0.11, \"AUS_CORPORATE_BONDS\": 0.0, \"CN_TOTAL_MARKET_STOCKS\": 0.0, \"EMERGING_MARKETS_STOCKS\": 0.0, \"AUS_TOTAL_MARKET_STOCKS\": 0.0}", "expected_return": -1.49}, "pk": 7577, "model": "portfolios.portfoliobyrisk"}, {"fields": {"volatility": 4.2918, "risk": 0.37, "portfolio_set": 1, "allocations": "{\"UK_TOTAL_MARKET_BONDS\": 0.0, \"CN_TOTAL_MARKET_BONDS\": 0.38, \"AUS_SMALL_CAP_VALUE_STOCKS\": 0.0, \"ASIA_EXJAP_TOTAL_MARKET_BONDS\": 0.0, \"US_TOTAL_MARKET_STOCKS\": 0.0, \"JAP_TOTAL_MARKET_STOCKS\": 0.0, \"ASIA_EXJAP_TOTAL_MARKET_STOCKS\": 0.0, \"EMERGING_MARKETS_BONDS\": 0.0, \"EUR_TOTAL_MARKET_BONDS\": 0.0, \"INTERNATIONAL_BONDS\": 0.0, \"UK_TOTAL_MARKET_STOCKS\": 0.0, \"GLOBAL_MARKETS_STOCKS\": 0.0, \"US_TOTAL_MARKET_BONDS\": 0.0, \"AUS_HIGH_YIELD_STOCKS\": 0.0, \"AUS_MUNICIPAL_BONDS\": 0.25, \"INFLATION_PROTECTED_BONDS\": 0.0, \"AUS_LARGE_CAP_VALUE_STOCKS\": 0.0, \"AUS_GOVT_BONDS\": 0.0, \"EUR_TOTAL_MARKET_STOCKS\": 0.0, \"AUS_CORPORATE_BONDS\": 0.0, \"CN_TOTAL_MARKET_STOCKS\": 0.37, \"EMERGING_MARKETS_STOCKS\": 0.0, \"AUS_TOTAL_MARKET_STOCKS\": 0.0}", "expected_return": -1.33}, "pk": 7578, "model": "portfolios.portfoliobyrisk"}, {"fields": {"volatility": 4.332, "risk": 0.38, "portfolio_set": 1, "allocations": "{\"UK_TOTAL_MARKET_BONDS\": 0.62, \"CN_TOTAL_MARKET_BONDS\": 0.0, \"AUS_SMALL_CAP_VALUE_STOCKS\": 0.0, \"ASIA_EXJAP_TOTAL_MARKET_BONDS\": 0.0, \"US_TOTAL_MARKET_STOCKS\": 0.0, \"JAP_TOTAL_MARKET_STOCKS\": 0.0, \"ASIA_EXJAP_TOTAL_MARKET_STOCKS\": 0.0, \"EMERGING_MARKETS_BONDS\": 0.0, \"EUR_TOTAL_MARKET_BONDS\": 0.0, \"INTERNATIONAL_BONDS\": 0.0, \"UK_TOTAL_MARKET_STOCKS\": 0.0, \"GLOBAL_MARKETS_STOCKS\": 0.0, \"US_TOTAL_MARKET_BONDS\": 0.0, \"AUS_HIGH_YIELD_STOCKS\": 0.0, \"AUS_MUNICIPAL_BONDS\": 0.0, \"INFLATION_PROTECTED_BONDS\": 0.0, \"AUS_LARGE_CAP_VALUE_STOCKS\": 0.25, \"AUS_GOVT_BONDS\": 0.0, \"EUR_TOTAL_MARKET_STOCKS\": 0.13, \"AUS_CORPORATE_BONDS\": 0.0, \"CN_TOTAL_MARKET_STOCKS\": 0.0, \"EMERGING_MARKETS_STOCKS\": 0.0, \"AUS_TOTAL_MARKET_STOCKS\": 0.0}", "expected_return": -1.2}, "pk": 7579, "model": "portfolios.portfoliobyrisk"}, {"fields": {"volatility": 4.3848, "risk": 0.39, "portfolio_set": 1, "allocations": "{\"UK_TOTAL_MARKET_BONDS\": 0.0, \"CN_TOTAL_MARKET_BONDS\": 0.0, \"AUS_SMALL_CAP_VALUE_STOCKS\": 0.0, \"ASIA_EXJAP_TOTAL_MARKET_BONDS\": 0.36, \"US_TOTAL_MARKET_STOCKS\": 0.0, \"JAP_TOTAL_MARKET_STOCKS\": 0.0, \"ASIA_EXJAP_TOTAL_MARKET_STOCKS\": 0.0, \"EMERGING_MARKETS_BONDS\": 0.0, \"EUR_TOTAL_MARKET_BONDS\": 0.0, \"INTERNATIONAL_BONDS\": 0.0, \"UK_TOTAL_MARKET_STOCKS\": 0.0, \"GLOBAL_MARKETS_STOCKS\": 0.0, \"US_TOTAL_MARKET_BONDS\": 0.0, \"AUS_HIGH_YIELD_STOCKS\": 0.0, \"AUS_MUNICIPAL_BONDS\": 0.25, \"INFLATION_PROTECTED_BONDS\": 0.0, \"AUS_LARGE_CAP_VALUE_STOCKS\": 0.0, \"AUS_GOVT_BONDS\": 0.0, \"EUR_TOTAL_MARKET_STOCKS\": 0.0, \"AUS_CORPORATE_BONDS\": 0.0, \"CN_TOTAL_MARKET_STOCKS\": 0.39, \"EMERGING_MARKETS_STOCKS\": 0.0, \"AUS_TOTAL_MARKET_STOCKS\": 0.0}", "expected_return": -1.04}, "pk": 7580, "model": "portfolios.portfoliobyrisk"}, {"fields": {"volatility": 4.4417, "risk": 0.4, "portfolio_set": 1, "allocations": "{\"UK_TOTAL_MARKET_BONDS\": 0.0, \"CN_TOTAL_MARKET_BONDS\": 0.35, \"AUS_SMALL_CAP_VALUE_STOCKS\": 0.0, \"ASIA_EXJAP_TOTAL_MARKET_BONDS\": 0.0, \"US_TOTAL_MARKET_STOCKS\": 0.0, \"JAP_TOTAL_MARKET_STOCKS\": 0.0, \"ASIA_EXJAP_TOTAL_MARKET_STOCKS\": 0.0, \"EMERGING_MARKETS_BONDS\": 0.0, \"EUR_TOTAL_MARKET_BONDS\": 0.0, \"INTERNATIONAL_BONDS\": 0.0, \"UK_TOTAL_MARKET_STOCKS\": 0.0, \"GLOBAL_MARKETS_STOCKS\": 0.0, \"US_TOTAL_MARKET_BONDS\": 0.0, \"AUS_HIGH_YIELD_STOCKS\": 0.0, \"AUS_MUNICIPAL_BONDS\": 0.25, \"INFLATION_PROTECTED_BONDS\": 0.0, \"AUS_LARGE_CAP_VALUE_STOCKS\": 0.0, \"AUS_GOVT_BONDS\": 0.0, \"EUR_TOTAL_MARKET_STOCKS\": 0.0, \"AUS_CORPORATE_BONDS\": 0.0, \"CN_TOTAL_MARKET_STOCKS\": 0.4, \"EMERGING_MARKETS_STOCKS\": 0.0, \"AUS_TOTAL_MARKET_STOCKS\": 0.0}", "expected_return": -0.88}, "pk": 7581, "model": "portfolios.portfoliobyrisk"}, {"fields": {"volatility": 4.4964, "risk": 0.41, "portfolio_set": 1, "allocations": "{\"UK_TOTAL_MARKET_BONDS\": 0.59, \"CN_TOTAL_MARKET_BONDS\": 0.0, \"AUS_SMALL_CAP_VALUE_STOCKS\": 0.0, \"ASIA_EXJAP_TOTAL_MARKET_BONDS\": 0.0, \"US_TOTAL_MARKET_STOCKS\": 0.0, \"JAP_TOTAL_MARKET_STOCKS\": 0.16, \"ASIA_EXJAP_TOTAL_MARKET_STOCKS\": 0.0, \"EMERGING_MARKETS_BONDS\": 0.0, \"EUR_TOTAL_MARKET_BONDS\": 0.0, \"INTERNATIONAL_BONDS\": 0.0, \"UK_TOTAL_MARKET_STOCKS\": 0.0, \"GLOBAL_MARKETS_STOCKS\": 0.0, \"US_TOTAL_MARKET_BONDS\": 0.0, \"AUS_HIGH_YIELD_STOCKS\": 0.0, \"AUS_MUNICIPAL_BONDS\": 0.0, \"INFLATION_PROTECTED_BONDS\": 0.0, \"AUS_LARGE_CAP_VALUE_STOCKS\": 0.25, \"AUS_GOVT_BONDS\": 0.0, \"EUR_TOTAL_MARKET_STOCKS\": 0.0, \"AUS_CORPORATE_BONDS\": 0.0, \"CN_TOTAL_MARKET_STOCKS\": 0.0, \"EMERGING_MARKETS_STOCKS\": 0.0, \"AUS_TOTAL_MARKET_STOCKS\": 0.0}", "expected_return": -0.75}, "pk": 7582, "model": "portfolios.portfoliobyrisk"}, {"fields": {"volatility": 4.567, "risk": 0.42, "portfolio_set": 1, "allocations": "{\"UK_TOTAL_MARKET_BONDS\": 0.0, \"CN_TOTAL_MARKET_BONDS\": 0.58, \"AUS_SMALL_CAP_VALUE_STOCKS\": 0.25, \"ASIA_EXJAP_TOTAL_MARKET_BONDS\": 0.0, \"US_TOTAL_MARKET_STOCKS\": 0.0, \"JAP_TOTAL_MARKET_STOCKS\": 0.0, \"ASIA_EXJAP_TOTAL_MARKET_STOCKS\": 0.0, \"EMERGING_MARKETS_BONDS\": 0.0, \"EUR_TOTAL_MARKET_BONDS\": 0.0, \"INTERNATIONAL_BONDS\": 0.0, \"UK_TOTAL_MARKET_STOCKS\": 0.0, \"GLOBAL_MARKETS_STOCKS\": 0.0, \"US_TOTAL_MARKET_BONDS\": 0.0, \"AUS_HIGH_YIELD_STOCKS\": 0.0, \"AUS_MUNICIPAL_BONDS\": 0.0, \"INFLATION_PROTECTED_BONDS\": 0.0, \"AUS_LARGE_CAP_VALUE_STOCKS\": 0.0, \"AUS_GOVT_BONDS\": 0.0, \"EUR_TOTAL_MARKET_STOCKS\": 0.0, \"AUS_CORPORATE_BONDS\": 0.0, \"CN_TOTAL_MARKET_STOCKS\": 0.17, \"EMERGING_MARKETS_STOCKS\": 0.0, \"AUS_TOTAL_MARKET_STOCKS\": 0.0}", "expected_return": -0.56}, "pk": 7583, "model": "portfolios.portfoliobyrisk"}, {"fields": {"volatility": 4.6219, "risk": 0.43, "portfolio_set": 1, "allocations": "{\"UK_TOTAL_MARKET_BONDS\": 0.57, \"CN_TOTAL_MARKET_BONDS\": 0.0, \"AUS_SMALL_CAP_VALUE_STOCKS\": 0.0, \"ASIA_EXJAP_TOTAL_MARKET_BONDS\": 0.0, \"US_TOTAL_MARKET_STOCKS\": 0.0, \"JAP_TOTAL_MARKET_STOCKS\": 0.18, \"ASIA_EXJAP_TOTAL_MARKET_STOCKS\": 0.0, \"EMERGING_MARKETS_BONDS\": 0.0, \"EUR_TOTAL_MARKET_BONDS\": 0.0, \"INTERNATIONAL_BONDS\": 0.0, \"UK_TOTAL_MARKET_STOCKS\": 0.0, \"GLOBAL_MARKETS_STOCKS\": 0.0, \"US_TOTAL_MARKET_BONDS\": 0.0, \"AUS_HIGH_YIELD_STOCKS\": 0.0, \"AUS_MUNICIPAL_BONDS\": 0.0, \"INFLATION_PROTECTED_BONDS\": 0.0, \"AUS_LARGE_CAP_VALUE_STOCKS\": 0.25, \"AUS_GOVT_BONDS\": 0.0, \"EUR_TOTAL_MARKET_STOCKS\": 0.0, \"AUS_CORPORATE_BONDS\": 0.0, \"CN_TOTAL_MARKET_STOCKS\": 0.0, \"EMERGING_MARKETS_STOCKS\": 0.0, \"AUS_TOTAL_MARKET_STOCKS\": 0.0}", "expected_return": -0.49}, "pk": 7584, "model": "portfolios.portfoliobyrisk"}, {"fields": {"volatility": 4.7078, "risk": 0.44, "portfolio_set": 1, "allocations": "{\"UK_TOTAL_MARKET_BONDS\": 0.56, \"CN_TOTAL_MARKET_BONDS\": 0.0, \"AUS_SMALL_CAP_VALUE_STOCKS\": 0.0, \"ASIA_EXJAP_TOTAL_MARKET_BONDS\": 0.0, \"US_TOTAL_MARKET_STOCKS\": 0.0, \"JAP_TOTAL_MARKET_STOCKS\": 0.0, \"ASIA_EXJAP_TOTAL_MARKET_STOCKS\": 0.0, \"EMERGING_MARKETS_BONDS\": 0.0, \"EUR_TOTAL_MARKET_BONDS\": 0.0, \"INTERNATIONAL_BONDS\": 0.0, \"UK_TOTAL_MARKET_STOCKS\": 0.0, \"GLOBAL_MARKETS_STOCKS\": 0.0, \"US_TOTAL_MARKET_BONDS\": 0.0, \"AUS_HIGH_YIELD_STOCKS\": 0.0, \"AUS_MUNICIPAL_BONDS\": 0.0, \"INFLATION_PROTECTED_BONDS\": 0.0, \"AUS_LARGE_CAP_VALUE_STOCKS\": 0.25, \"AUS_GOVT_BONDS\": 0.0, \"EUR_TOTAL_MARKET_STOCKS\": 0.19, \"AUS_CORPORATE_BONDS\": 0.0, \"CN_TOTAL_MARKET_STOCKS\": 0.0, \"EMERGING_MARKETS_STOCKS\": 0.0, \"AUS_TOTAL_MARKET_STOCKS\": 0.0}", "expected_return": -0.26}, "pk": 7585, "model": "portfolios.portfoliobyrisk"}, {"fields": {"volatility": 4.784, "risk": 0.45, "portfolio_set": 1, "allocations": "{\"UK_TOTAL_MARKET_BONDS\": 0.0, \"CN_TOTAL_MARKET_BONDS\": 0.0, \"AUS_SMALL_CAP_VALUE_STOCKS\": 0.0, \"ASIA_EXJAP_TOTAL_MARKET_BONDS\": 0.3, \"US_TOTAL_MARKET_STOCKS\": 0.0, \"JAP_TOTAL_MARKET_STOCKS\": 0.0, \"ASIA_EXJAP_TOTAL_MARKET_STOCKS\": 0.0, \"EMERGING_MARKETS_BONDS\": 0.0, \"EUR_TOTAL_MARKET_BONDS\": 0.0, \"INTERNATIONAL_BONDS\": 0.0, \"UK_TOTAL_MARKET_STOCKS\": 0.0, \"GLOBAL_MARKETS_STOCKS\": 0.0, \"US_TOTAL_MARKET_BONDS\": 0.0, \"AUS_HIGH_YIELD_STOCKS\": 0.0, \"AUS_MUNICIPAL_BONDS\": 0.25, \"INFLATION_PROTECTED_BONDS\": 0.0, \"AUS_LARGE_CAP_VALUE_STOCKS\": 0.0, \"AUS_GOVT_BONDS\": 0.0, \"EUR_TOTAL_MARKET_STOCKS\": 0.0, \"AUS_CORPORATE_BONDS\": 0.0, \"CN_TOTAL_MARKET_STOCKS\": 0.45, \"EMERGING_MARKETS_STOCKS\": 0.0, \"AUS_TOTAL_MARKET_STOCKS\": 0.0}", "expected_return": -0.1}, "pk": 7586, "model": "portfolios.portfoliobyrisk"}, {"fields": {"volatility": 4.8638, "risk": 0.46, "portfolio_set": 1, "allocations": "{\"UK_TOTAL_MARKET_BONDS\": 0.0, \"CN_TOTAL_MARKET_BONDS\": 0.0, \"AUS_SMALL_CAP_VALUE_STOCKS\": 0.0, \"ASIA_EXJAP_TOTAL_MARKET_BONDS\": 0.54, \"US_TOTAL_MARKET_STOCKS\": 0.0, \"JAP_TOTAL_MARKET_STOCKS\": 0.0, \"ASIA_EXJAP_TOTAL_MARKET_STOCKS\": 0.0, \"EMERGING_MARKETS_BONDS\": 0.0, \"EUR_TOTAL_MARKET_BONDS\": 0.0, \"INTERNATIONAL_BONDS\": 0.0, \"UK_TOTAL_MARKET_STOCKS\": 0.0, \"GLOBAL_MARKETS_STOCKS\": 0.0, \"US_TOTAL_MARKET_BONDS\": 0.0, \"AUS_HIGH_YIELD_STOCKS\": 0.0, \"AUS_MUNICIPAL_BONDS\": 0.0, \"INFLATION_PROTECTED_BONDS\": 0.0, \"AUS_LARGE_CAP_VALUE_STOCKS\": 0.0, \"AUS_GOVT_BONDS\": 0.0, \"EUR_TOTAL_MARKET_STOCKS\": 0.0, \"AUS_CORPORATE_BONDS\": 0.0, \"CN_TOTAL_MARKET_STOCKS\": 0.21, \"EMERGING_MARKETS_STOCKS\": 0.0, \"AUS_TOTAL_MARKET_STOCKS\": 0.25}", "expected_return": 0.05}, "pk": 7587, "model": "portfolios.portfoliobyrisk"}, {"fields": {"volatility": 4.947, "risk": 0.47, "portfolio_set": 1, "allocations": "{\"UK_TOTAL_MARKET_BONDS\": 0.0, \"CN_TOTAL_MARKET_BONDS\": 0.53, \"AUS_SMALL_CAP_VALUE_STOCKS\": 0.0, \"ASIA_EXJAP_TOTAL_MARKET_BONDS\": 0.0, \"US_TOTAL_MARKET_STOCKS\": 0.0, \"JAP_TOTAL_MARKET_STOCKS\": 0.0, \"ASIA_EXJAP_TOTAL_MARKET_STOCKS\": 0.0, \"EMERGING_MARKETS_BONDS\": 0.0, \"EUR_TOTAL_MARKET_BONDS\": 0.0, \"INTERNATIONAL_BONDS\": 0.0, \"UK_TOTAL_MARKET_STOCKS\": 0.0, \"GLOBAL_MARKETS_STOCKS\": 0.0, \"US_TOTAL_MARKET_BONDS\": 0.0, \"AUS_HIGH_YIELD_STOCKS\": 0.3609, \"AUS_MUNICIPAL_BONDS\": 0.0, \"INFLATION_PROTECTED_BONDS\": 0.0, \"AUS_LARGE_CAP_VALUE_STOCKS\": 0.0, \"AUS_GOVT_BONDS\": 0.0, \"EUR_TOTAL_MARKET_STOCKS\": 0.0, \"AUS_CORPORATE_BONDS\": 0.0, \"CN_TOTAL_MARKET_STOCKS\": 0.1091, \"EMERGING_MARKETS_STOCKS\": 0.0, \"AUS_TOTAL_MARKET_STOCKS\": 0.0}", "expected_return": 0.2}, "pk": 7588, "model": "portfolios.portfoliobyrisk"}, {"fields": {"volatility": 5.0031, "risk": 0.48, "portfolio_set": 1, "allocations": "{\"UK_TOTAL_MARKET_BONDS\": 0.27, \"CN_TOTAL_MARKET_BONDS\": 0.0, \"AUS_SMALL_CAP_VALUE_STOCKS\": 0.0, \"ASIA_EXJAP_TOTAL_MARKET_BONDS\": 0.0, \"US_TOTAL_MARKET_STOCKS\": 0.0, \"JAP_TOTAL_MARKET_STOCKS\": 0.0, \"ASIA_EXJAP_TOTAL_MARKET_STOCKS\": 0.0, \"EMERGING_MARKETS_BONDS\": 0.0, \"EUR_TOTAL_MARKET_BONDS\": 0.0, \"INTERNATIONAL_BONDS\": 0.0, \"UK_TOTAL_MARKET_STOCKS\": 0.0, \"GLOBAL_MARKETS_STOCKS\": 0.0, \"US_TOTAL_MARKET_BONDS\": 0.0, \"AUS_HIGH_YIELD_STOCKS\": 0.0, \"AUS_MUNICIPAL_BONDS\": 0.0, \"INFLATION_PROTECTED_BONDS\": 0.0, \"AUS_LARGE_CAP_VALUE_STOCKS\": 0.0, \"AUS_GOVT_BONDS\": 0.0, \"EUR_TOTAL_MARKET_STOCKS\": 0.48, \"AUS_CORPORATE_BONDS\": 0.25, \"CN_TOTAL_MARKET_STOCKS\": 0.0, \"EMERGING_MARKETS_STOCKS\": 0.0, \"AUS_TOTAL_MARKET_STOCKS\": 0.0}", "expected_return": 0.15}, "pk": 7589, "model": "portfolios.portfoliobyrisk"}, {"fields": {"volatility": 5.1146, "risk": 0.49, "portfolio_set": 1, "allocations": "{\"UK_TOTAL_MARKET_BONDS\": 0.0, \"CN_TOTAL_MARKET_BONDS\": 0.0, \"AUS_SMALL_CAP_VALUE_STOCKS\": 0.0, \"ASIA_EXJAP_TOTAL_MARKET_BONDS\": 0.26, \"US_TOTAL_MARKET_STOCKS\": 0.0, \"JAP_TOTAL_MARKET_STOCKS\": 0.0, \"ASIA_EXJAP_TOTAL_MARKET_STOCKS\": 0.0, \"EMERGING_MARKETS_BONDS\": 0.0, \"EUR_TOTAL_MARKET_BONDS\": 0.0, \"INTERNATIONAL_BONDS\": 0.0, \"UK_TOTAL_MARKET_STOCKS\": 0.0, \"GLOBAL_MARKETS_STOCKS\": 0.0, \"US_TOTAL_MARKET_BONDS\": 0.0, \"AUS_HIGH_YIELD_STOCKS\": 0.0, \"AUS_MUNICIPAL_BONDS\": 0.25, \"INFLATION_PROTECTED_BONDS\": 0.0, \"AUS_LARGE_CAP_VALUE_STOCKS\": 0.0, \"AUS_GOVT_BONDS\": 0.0, \"EUR_TOTAL_MARKET_STOCKS\": 0.0, \"AUS_CORPORATE_BONDS\": 0.0, \"CN_TOTAL_MARKET_STOCKS\": 0.49, \"EMERGING_MARKETS_STOCKS\": 0.0, \"AUS_TOTAL_MARKET_STOCKS\": 0.0}", "expected_return": 0.45}, "pk": 7590, "model": "portfolios.portfoliobyrisk"}, {"fields": {"volatility": 5.1807, "risk": 0.5, "portfolio_set": 1, "allocations": "{\"UK_TOTAL_MARKET_BONDS\": 0.0, \"CN_TOTAL_MARKET_BONDS\": 0.25, \"AUS_SMALL_CAP_VALUE_STOCKS\": 0.0, \"ASIA_EXJAP_TOTAL_MARKET_BONDS\": 0.0, \"US_TOTAL_MARKET_STOCKS\": 0.0, \"JAP_TOTAL_MARKET_STOCKS\": 0.0, \"ASIA_EXJAP_TOTAL_MARKET_STOCKS\": 0.0, \"EMERGING_MARKETS_BONDS\": 0.0, \"EUR_TOTAL_MARKET_BONDS\": 0.0, \"INTERNATIONAL_BONDS\": 0.0, \"UK_TOTAL_MARKET_STOCKS\": 0.0, \"GLOBAL_MARKETS_STOCKS\": 0.0, \"US_TOTAL_MARKET_BONDS\": 0.0, \"AUS_HIGH_YIELD_STOCKS\": 0.0, \"AUS_MUNICIPAL_BONDS\": 0.25, \"INFLATION_PROTECTED_BONDS\": 0.0, \"AUS_LARGE_CAP_VALUE_STOCKS\": 0.0, \"AUS_GOVT_BONDS\": 0.0, \"EUR_TOTAL_MARKET_STOCKS\": 0.0, \"AUS_CORPORATE_BONDS\": 0.0, \"CN_TOTAL_MARKET_STOCKS\": 0.5, \"EMERGING_MARKETS_STOCKS\": 0.0, \"AUS_TOTAL_MARKET_STOCKS\": 0.0}", "expected_return": 0.41}, "pk": 7591, "model": "portfolios.portfoliobyrisk"}, {"fields": {"volatility": 5.2958, "risk": 0.51, "portfolio_set": 1, "allocations": "{\"UK_TOTAL_MARKET_BONDS\": 0.0, \"CN_TOTAL_MARKET_BONDS\": 0.24, \"AUS_SMALL_CAP_VALUE_STOCKS\": 0.0, \"ASIA_EXJAP_TOTAL_MARKET_BONDS\": 0.0, \"US_TOTAL_MARKET_STOCKS\": 0.0, \"JAP_TOTAL_MARKET_STOCKS\": 0.0, \"ASIA_EXJAP_TOTAL_MARKET_STOCKS\": 0.0, \"EMERGING_MARKETS_BONDS\": 0.0, \"EUR_TOTAL_MARKET_BONDS\": 0.0, \"INTERNATIONAL_BONDS\": 0.0, \"UK_TOTAL_MARKET_STOCKS\": 0.0, \"GLOBAL_MARKETS_STOCKS\": 0.0, \"US_TOTAL_MARKET_BONDS\": 0.0, \"AUS_HIGH_YIELD_STOCKS\": 0.0, \"AUS_MUNICIPAL_BONDS\": 0.25, \"INFLATION_PROTECTED_BONDS\": 0.0, \"AUS_LARGE_CAP_VALUE_STOCKS\": 0.0, \"AUS_GOVT_BONDS\": 0.0, \"EUR_TOTAL_MARKET_STOCKS\": 0.0, \"AUS_CORPORATE_BONDS\": 0.0, \"CN_TOTAL_MARKET_STOCKS\": 0.51, \"EMERGING_MARKETS_STOCKS\": 0.0, \"AUS_TOTAL_MARKET_STOCKS\": 0.0}", "expected_return": 0.71}, "pk": 7592, "model": "portfolios.portfoliobyrisk"}, {"fields": {"volatility": 5.434, "risk": 0.52, "portfolio_set": 1, "allocations": "{\"UK_TOTAL_MARKET_BONDS\": 0.0, \"CN_TOTAL_MARKET_BONDS\": 0.0, \"AUS_SMALL_CAP_VALUE_STOCKS\": 0.0, \"ASIA_EXJAP_TOTAL_MARKET_BONDS\": 0.0, \"US_TOTAL_MARKET_STOCKS\": 0.0, \"JAP_TOTAL_MARKET_STOCKS\": 0.0, \"ASIA_EXJAP_TOTAL_MARKET_STOCKS\": 0.0, \"EMERGING_MARKETS_BONDS\": 0.0, \"EUR_TOTAL_MARKET_BONDS\": 0.23, \"INTERNATIONAL_BONDS\": 0.0, \"UK_TOTAL_MARKET_STOCKS\": 0.0, \"GLOBAL_MARKETS_STOCKS\": 0.52, \"US_TOTAL_MARKET_BONDS\": 0.0, \"AUS_HIGH_YIELD_STOCKS\": 0.0, \"AUS_MUNICIPAL_BONDS\": 0.2496, \"INFLATION_PROTECTED_BONDS\": 0.0, \"AUS_LARGE_CAP_VALUE_STOCKS\": 0.0, \"AUS_GOVT_BONDS\": 0.0, \"EUR_TOTAL_MARKET_STOCKS\": 0.0, \"AUS_CORPORATE_BONDS\": 0.0004, \"CN_TOTAL_MARKET_STOCKS\": 0.0, \"EMERGING_MARKETS_STOCKS\": 0.0, \"AUS_TOTAL_MARKET_STOCKS\": 0.0}", "expected_return": 1.14}, "pk": 7593, "model": "portfolios.portfoliobyrisk"}, {"fields": {"volatility": 5.5095, "risk": 0.53, "portfolio_set": 1, "allocations": "{\"UK_TOTAL_MARKET_BONDS\": 0.21, \"CN_TOTAL_MARKET_BONDS\": 0.0, \"AUS_SMALL_CAP_VALUE_STOCKS\": 0.2006, \"ASIA_EXJAP_TOTAL_MARKET_BONDS\": 0.0, \"US_TOTAL_MARKET_STOCKS\": 0.0, \"JAP_TOTAL_MARKET_STOCKS\": 0.0, \"ASIA_EXJAP_TOTAL_MARKET_STOCKS\": 0.0, \"EMERGING_MARKETS_BONDS\": 0.0, \"EUR_TOTAL_MARKET_BONDS\": 0.2106, \"INTERNATIONAL_BONDS\": 0.0, \"UK_TOTAL_MARKET_STOCKS\": 0.0, \"GLOBAL_MARKETS_STOCKS\": 0.0, \"US_TOTAL_MARKET_BONDS\": 0.0, \"AUS_HIGH_YIELD_STOCKS\": 0.0, \"AUS_MUNICIPAL_BONDS\": 0.0, \"INFLATION_PROTECTED_BONDS\": 0.0, \"AUS_LARGE_CAP_VALUE_STOCKS\": 0.0, \"AUS_GOVT_BONDS\": 0.0, \"EUR_TOTAL_MARKET_STOCKS\": 0.3294, \"AUS_CORPORATE_BONDS\": 0.0494, \"CN_TOTAL_MARKET_STOCKS\": 0.0, \"EMERGING_MARKETS_STOCKS\": 0.0, \"AUS_TOTAL_MARKET_STOCKS\": 0.0}", "expected_return": 1.13}, "pk": 7594, "model": "portfolios.portfoliobyrisk"}, {"fields": {"volatility": 5.6253, "risk": 0.54, "portfolio_set": 1, "allocations": "{\"UK_TOTAL_MARKET_BONDS\": 0.46, \"CN_TOTAL_MARKET_BONDS\": 0.0, \"AUS_SMALL_CAP_VALUE_STOCKS\": 0.0, \"ASIA_EXJAP_TOTAL_MARKET_BONDS\": 0.0, \"US_TOTAL_MARKET_STOCKS\": 0.0, \"JAP_TOTAL_MARKET_STOCKS\": 0.0, \"ASIA_EXJAP_TOTAL_MARKET_STOCKS\": 0.0, \"EMERGING_MARKETS_BONDS\": 0.0, \"EUR_TOTAL_MARKET_BONDS\": 0.0, \"INTERNATIONAL_BONDS\": 0.0, \"UK_TOTAL_MARKET_STOCKS\": 0.0, \"GLOBAL_MARKETS_STOCKS\": 0.0, \"US_TOTAL_MARKET_BONDS\": 0.0, \"AUS_HIGH_YIELD_STOCKS\": 0.0, \"AUS_MUNICIPAL_BONDS\": 0.0, \"INFLATION_PROTECTED_BONDS\": 0.0, \"AUS_LARGE_CAP_VALUE_STOCKS\": 0.25, \"AUS_GOVT_BONDS\": 0.0, \"EUR_TOTAL_MARKET_STOCKS\": 0.29, \"AUS_CORPORATE_BONDS\": 0.0, \"CN_TOTAL_MARKET_STOCKS\": 0.0, \"EMERGING_MARKETS_STOCKS\": 0.0, \"AUS_TOTAL_MARKET_STOCKS\": 0.0}", "expected_return": 1.37}, "pk": 7595, "model": "portfolios.portfoliobyrisk"}, {"fields": {"volatility": 5.7175, "risk": 0.55, "portfolio_set": 1, "allocations": "{\"UK_TOTAL_MARKET_BONDS\": 0.0, \"CN_TOTAL_MARKET_BONDS\": 0.45, \"AUS_SMALL_CAP_VALUE_STOCKS\": 0.0, \"ASIA_EXJAP_TOTAL_MARKET_BONDS\": 0.0, \"US_TOTAL_MARKET_STOCKS\": 0.0, \"JAP_TOTAL_MARKET_STOCKS\": 0.0, \"ASIA_EXJAP_TOTAL_MARKET_STOCKS\": 0.0, \"EMERGING_MARKETS_BONDS\": 0.0, \"EUR_TOTAL_MARKET_BONDS\": 0.0, \"INTERNATIONAL_BONDS\": 0.0, \"UK_TOTAL_MARKET_STOCKS\": 0.0, \"GLOBAL_MARKETS_STOCKS\": 0.0173, \"US_TOTAL_MARKET_BONDS\": 0.0, \"AUS_HIGH_YIELD_STOCKS\": 0.25, \"AUS_MUNICIPAL_BONDS\": 0.0, \"INFLATION_PROTECTED_BONDS\": 0.0, \"AUS_LARGE_CAP_VALUE_STOCKS\": 0.0, \"AUS_GOVT_BONDS\": 0.0, \"EUR_TOTAL_MARKET_STOCKS\": 0.0, \"AUS_CORPORATE_BONDS\": 0.0, \"CN_TOTAL_MARKET_STOCKS\": 0.2827, \"EMERGING_MARKETS_STOCKS\": 0.0, \"AUS_TOTAL_MARKET_STOCKS\": 0.0}", "expected_return": 1.43}, "pk": 7596, "model": "portfolios.portfoliobyrisk"}, {"fields": {"volatility": 5.8293, "risk": 0.56, "portfolio_set": 1, "allocations": "{\"UK_TOTAL_MARKET_BONDS\": 0.0, \"CN_TOTAL_MARKET_BONDS\": 0.2467, \"AUS_SMALL_CAP_VALUE_STOCKS\": 0.0, \"ASIA_EXJAP_TOTAL_MARKET_BONDS\": 0.1933, \"US_TOTAL_MARKET_STOCKS\": 0.0, \"JAP_TOTAL_MARKET_STOCKS\": 0.31, \"ASIA_EXJAP_TOTAL_MARKET_STOCKS\": 0.0, \"EMERGING_MARKETS_BONDS\": 0.0, \"EUR_TOTAL_MARKET_BONDS\": 0.0, \"INTERNATIONAL_BONDS\": 0.0, \"UK_TOTAL_MARKET_STOCKS\": 0.0, \"GLOBAL_MARKETS_STOCKS\": 0.0, \"US_TOTAL_MARKET_BONDS\": 0.0, \"AUS_HIGH_YIELD_STOCKS\": 0.0, \"AUS_MUNICIPAL_BONDS\": 0.0, \"INFLATION_PROTECTED_BONDS\": 0.0, \"AUS_LARGE_CAP_VALUE_STOCKS\": 0.1453, \"AUS_GOVT_BONDS\": 0.0, \"EUR_TOTAL_MARKET_STOCKS\": 0.0, \"AUS_CORPORATE_BONDS\": 0.0, \"CN_TOTAL_MARKET_STOCKS\": 0.0, \"EMERGING_MARKETS_STOCKS\": 0.0, \"AUS_TOTAL_MARKET_STOCKS\": 0.1047}", "expected_return": 1.62}, "pk": 7597, "model": "portfolios.portfoliobyrisk"}, {"fields": {"volatility": 5.9725, "risk": 0.57, "portfolio_set": 1, "allocations": "{\"UK_TOTAL_MARKET_BONDS\": 0.43, \"CN_TOTAL_MARKET_BONDS\": 0.0, \"AUS_SMALL_CAP_VALUE_STOCKS\": 0.0, \"ASIA_EXJAP_TOTAL_MARKET_BONDS\": 0.0, \"US_TOTAL_MARKET_STOCKS\": 0.0, \"JAP_TOTAL_MARKET_STOCKS\": 0.0, \"ASIA_EXJAP_TOTAL_MARKET_STOCKS\": 0.0, \"EMERGING_MARKETS_BONDS\": 0.0, \"EUR_TOTAL_MARKET_BONDS\": 0.0, \"INTERNATIONAL_BONDS\": 0.0, \"UK_TOTAL_MARKET_STOCKS\": 0.0, \"GLOBAL_MARKETS_STOCKS\": 0.0, \"US_TOTAL_MARKET_BONDS\": 0.0, \"AUS_HIGH_YIELD_STOCKS\": 0.0, \"AUS_MUNICIPAL_BONDS\": 0.0, \"INFLATION_PROTECTED_BONDS\": 0.0, \"AUS_LARGE_CAP_VALUE_STOCKS\": 0.25, \"AUS_GOVT_BONDS\": 0.0, \"EUR_TOTAL_MARKET_STOCKS\": 0.32, \"AUS_CORPORATE_BONDS\": 0.0, \"CN_TOTAL_MARKET_STOCKS\": 0.0, \"EMERGING_MARKETS_STOCKS\": 0.0, \"AUS_TOTAL_MARKET_STOCKS\": 0.0}", "expected_return": 0.83}, "pk": 7598, "model": "portfolios.portfoliobyrisk"}, {"fields": {"volatility": 6.0817, "risk": 0.58, "portfolio_set": 1, "allocations": "{\"UK_TOTAL_MARKET_BONDS\": 0.42, \"CN_TOTAL_MARKET_BONDS\": 0.0, \"AUS_SMALL_CAP_VALUE_STOCKS\": 0.0, \"ASIA_EXJAP_TOTAL_MARKET_BONDS\": 0.0, \"US_TOTAL_MARKET_STOCKS\": 0.0, \"JAP_TOTAL_MARKET_STOCKS\": 0.0, \"ASIA_EXJAP_TOTAL_MARKET_STOCKS\": 0.0, \"EMERGING_MARKETS_BONDS\": 0.0, \"EUR_TOTAL_MARKET_BONDS\": 0.0, \"INTERNATIONAL_BONDS\": 0.0, \"UK_TOTAL_MARKET_STOCKS\": 0.0, \"GLOBAL_MARKETS_STOCKS\": 0.33, \"US_TOTAL_MARKET_BONDS\": 0.0, \"AUS_HIGH_YIELD_STOCKS\": 0.0, \"AUS_MUNICIPAL_BONDS\": 0.0, \"INFLATION_PROTECTED_BONDS\": 0.0, \"AUS_LARGE_CAP_VALUE_STOCKS\": 0.25, \"AUS_GOVT_BONDS\": 0.0, \"EUR_TOTAL_MARKET_STOCKS\": 0.0, \"AUS_CORPORATE_BONDS\": 0.0, \"CN_TOTAL_MARKET_STOCKS\": 0.0, \"EMERGING_MARKETS_STOCKS\": 0.0, \"AUS_TOTAL_MARKET_STOCKS\": 0.0}", "expected_return": 0.79}, "pk": 7599, "model": "portfolios.portfoliobyrisk"}, {"fields": {"volatility": 6.1921, "risk": 0.59, "portfolio_set": 1, "allocations": "{\"UK_TOTAL_MARKET_BONDS\": 0.0, \"CN_TOTAL_MARKET_BONDS\": 0.16, \"AUS_SMALL_CAP_VALUE_STOCKS\": 0.0, \"ASIA_EXJAP_TOTAL_MARKET_BONDS\": 0.0, \"US_TOTAL_MARKET_STOCKS\": 0.0, \"JAP_TOTAL_MARKET_STOCKS\": 0.0, \"ASIA_EXJAP_TOTAL_MARKET_STOCKS\": 0.0, \"EMERGING_MARKETS_BONDS\": 0.0, \"EUR_TOTAL_MARKET_BONDS\": 0.0, \"INTERNATIONAL_BONDS\": 0.0, \"UK_TOTAL_MARKET_STOCKS\": 0.0, \"GLOBAL_MARKETS_STOCKS\": 0.0, \"US_TOTAL_MARKET_BONDS\": 0.0, \"AUS_HIGH_YIELD_STOCKS\": 0.0, \"AUS_MUNICIPAL_BONDS\": 0.25, \"INFLATION_PROTECTED_BONDS\": 0.0, \"AUS_LARGE_CAP_VALUE_STOCKS\": 0.0, \"AUS_GOVT_BONDS\": 0.0, \"EUR_TOTAL_MARKET_STOCKS\": 0.0, \"AUS_CORPORATE_BONDS\": 0.0, \"CN_TOTAL_MARKET_STOCKS\": 0.59, \"EMERGING_MARKETS_STOCKS\": 0.0, \"AUS_TOTAL_MARKET_STOCKS\": 0.0}", "expected_return": 0.82}, "pk": 7600, "model": "portfolios.portfoliobyrisk"}, {"fields": {"volatility": 6.3044, "risk": 0.6, "portfolio_set": 1, "allocations": "{\"UK_TOTAL_MARKET_BONDS\": 0.0, \"CN_TOTAL_MARKET_BONDS\": 0.15, \"AUS_SMALL_CAP_VALUE_STOCKS\": 0.0, \"ASIA_EXJAP_TOTAL_MARKET_BONDS\": 0.0, \"US_TOTAL_MARKET_STOCKS\": 0.0, \"JAP_TOTAL_MARKET_STOCKS\": 0.0, \"ASIA_EXJAP_TOTAL_MARKET_STOCKS\": 0.0, \"EMERGING_MARKETS_BONDS\": 0.0, \"EUR_TOTAL_MARKET_BONDS\": 0.0, \"INTERNATIONAL_BONDS\": 0.0, \"UK_TOTAL_MARKET_STOCKS\": 0.0, \"GLOBAL_MARKETS_STOCKS\": 0.0, \"US_TOTAL_MARKET_BONDS\": 0.0, \"AUS_HIGH_YIELD_STOCKS\": 0.0, \"AUS_MUNICIPAL_BONDS\": 0.25, \"INFLATION_PROTECTED_BONDS\": 0.0, \"AUS_LARGE_CAP_VALUE_STOCKS\": 0.0, \"AUS_GOVT_BONDS\": 0.0, \"EUR_TOTAL_MARKET_STOCKS\": 0.0, \"AUS_CORPORATE_BONDS\": 0.0, \"CN_TOTAL_MARKET_STOCKS\": 0.6, \"EMERGING_MARKETS_STOCKS\": 0.0, \"AUS_TOTAL_MARKET_STOCKS\": 0.0}", "expected_return": 0.79}, "pk": 7601, "model": "portfolios.portfoliobyrisk"}, {"fields": {"volatility": 6.4176, "risk": 0.61, "portfolio_set": 1, "allocations": "{\"UK_TOTAL_MARKET_BONDS\": 0.0, \"CN_TOTAL_MARKET_BONDS\": 0.14, \"AUS_SMALL_CAP_VALUE_STOCKS\": 0.0, \"ASIA_EXJAP_TOTAL_MARKET_BONDS\": 0.0, \"US_TOTAL_MARKET_STOCKS\": 0.0, \"JAP_TOTAL_MARKET_STOCKS\": 0.0, \"ASIA_EXJAP_TOTAL_MARKET_STOCKS\": 0.0, \"EMERGING_MARKETS_BONDS\": 0.0, \"EUR_TOTAL_MARKET_BONDS\": 0.0, \"INTERNATIONAL_BONDS\": 0.0, \"UK_TOTAL_MARKET_STOCKS\": 0.0, \"GLOBAL_MARKETS_STOCKS\": 0.0, \"US_TOTAL_MARKET_BONDS\": 0.0, \"AUS_HIGH_YIELD_STOCKS\": 0.0, \"AUS_MUNICIPAL_BONDS\": 0.25, \"INFLATION_PROTECTED_BONDS\": 0.0, \"AUS_LARGE_CAP_VALUE_STOCKS\": 0.0, \"AUS_GOVT_BONDS\": 0.0, \"EUR_TOTAL_MARKET_STOCKS\": 0.0, \"AUS_CORPORATE_BONDS\": 0.0, \"CN_TOTAL_MARKET_STOCKS\": 0.61, \"EMERGING_MARKETS_STOCKS\": 0.0, \"AUS_TOTAL_MARKET_STOCKS\": 0.0}", "expected_return": 0.81}, "pk": 7602, "model": "portfolios.portfoliobyrisk"}, {"fields": {"volatility": 6.5315, "risk": 0.62, "portfolio_set": 1, "allocations": "{\"UK_TOTAL_MARKET_BONDS\": 0.0, \"CN_TOTAL_MARKET_BONDS\": 0.13, \"AUS_SMALL_CAP_VALUE_STOCKS\": 0.0, \"ASIA_EXJAP_TOTAL_MARKET_BONDS\": 0.0, \"US_TOTAL_MARKET_STOCKS\": 0.0, \"JAP_TOTAL_MARKET_STOCKS\": 0.0, \"ASIA_EXJAP_TOTAL_MARKET_STOCKS\": 0.0, \"EMERGING_MARKETS_BONDS\": 0.0, \"EUR_TOTAL_MARKET_BONDS\": 0.0, \"INTERNATIONAL_BONDS\": 0.0, \"UK_TOTAL_MARKET_STOCKS\": 0.0, \"GLOBAL_MARKETS_STOCKS\": 0.0, \"US_TOTAL_MARKET_BONDS\": 0.0, \"AUS_HIGH_YIELD_STOCKS\": 0.0, \"AUS_MUNICIPAL_BONDS\": 0.25, \"INFLATION_PROTECTED_BONDS\": 0.0, \"AUS_LARGE_CAP_VALUE_STOCKS\": 0.0, \"AUS_GOVT_BONDS\": 0.0, \"EUR_TOTAL_MARKET_STOCKS\": 0.0, \"AUS_CORPORATE_BONDS\": 0.0, \"CN_TOTAL_MARKET_STOCKS\": 0.62, \"EMERGING_MARKETS_STOCKS\": 0.0, \"AUS_TOTAL_MARKET_STOCKS\": 0.0}", "expected_return": 0.8}, "pk": 7603, "model": "portfolios.portfoliobyrisk"}, {"fields": {"volatility": 6.6467, "risk": 0.63, "portfolio_set": 1, "allocations": "{\"UK_TOTAL_MARKET_BONDS\": 0.0, \"CN_TOTAL_MARKET_BONDS\": 0.37, \"AUS_SMALL_CAP_VALUE_STOCKS\": 0.0, \"ASIA_EXJAP_TOTAL_MARKET_BONDS\": 0.0, \"US_TOTAL_MARKET_STOCKS\": 0.0, \"JAP_TOTAL_MARKET_STOCKS\": 0.0, \"ASIA_EXJAP_TOTAL_MARKET_STOCKS\": 0.0, \"EMERGING_MARKETS_BONDS\": 0.0, \"EUR_TOTAL_MARKET_BONDS\": 0.0, \"INTERNATIONAL_BONDS\": 0.0, \"UK_TOTAL_MARKET_STOCKS\": 0.0, \"GLOBAL_MARKETS_STOCKS\": 0.0, \"US_TOTAL_MARKET_BONDS\": 0.0, \"AUS_HIGH_YIELD_STOCKS\": 0.25, \"AUS_MUNICIPAL_BONDS\": 0.0, \"INFLATION_PROTECTED_BONDS\": 0.0, \"AUS_LARGE_CAP_VALUE_STOCKS\": 0.0, \"AUS_GOVT_BONDS\": 0.0, \"EUR_TOTAL_MARKET_STOCKS\": 0.0, \"AUS_CORPORATE_BONDS\": 0.0, \"CN_TOTAL_MARKET_STOCKS\": 0.38, \"EMERGING_MARKETS_STOCKS\": 0.0, \"AUS_TOTAL_MARKET_STOCKS\": 0.0}", "expected_return": 0.81}, "pk": 7604, "model": "portfolios.portfoliobyrisk"}, {"fields": {"volatility": 6.7596, "risk": 0.64, "portfolio_set": 1, "allocations": "{\"UK_TOTAL_MARKET_BONDS\": 0.0, \"CN_TOTAL_MARKET_BONDS\": 0.0, \"AUS_SMALL_CAP_VALUE_STOCKS\": 0.0, \"ASIA_EXJAP_TOTAL_MARKET_BONDS\": 0.11, \"US_TOTAL_MARKET_STOCKS\": 0.0, \"JAP_TOTAL_MARKET_STOCKS\": 0.0, \"ASIA_EXJAP_TOTAL_MARKET_STOCKS\": 0.0, \"EMERGING_MARKETS_BONDS\": 0.0, \"EUR_TOTAL_MARKET_BONDS\": 0.0, \"INTERNATIONAL_BONDS\": 0.0, \"UK_TOTAL_MARKET_STOCKS\": 0.0, \"GLOBAL_MARKETS_STOCKS\": 0.0, \"US_TOTAL_MARKET_BONDS\": 0.0, \"AUS_HIGH_YIELD_STOCKS\": 0.0, \"AUS_MUNICIPAL_BONDS\": 0.25, \"INFLATION_PROTECTED_BONDS\": 0.0, \"AUS_LARGE_CAP_VALUE_STOCKS\": 0.0, \"AUS_GOVT_BONDS\": 0.0, \"EUR_TOTAL_MARKET_STOCKS\": 0.0, \"AUS_CORPORATE_BONDS\": 0.0, \"CN_TOTAL_MARKET_STOCKS\": 0.64, \"EMERGING_MARKETS_STOCKS\": 0.0, \"AUS_TOTAL_MARKET_STOCKS\": 0.0}", "expected_return": 0.76}, "pk": 7605, "model": "portfolios.portfoliobyrisk"}, {"fields": {"volatility": 6.8756, "risk": 0.65, "portfolio_set": 1, "allocations": "{\"UK_TOTAL_MARKET_BONDS\": 0.0, \"CN_TOTAL_MARKET_BONDS\": 0.0, \"AUS_SMALL_CAP_VALUE_STOCKS\": 0.0, \"ASIA_EXJAP_TOTAL_MARKET_BONDS\": 0.1, \"US_TOTAL_MARKET_STOCKS\": 0.0, \"JAP_TOTAL_MARKET_STOCKS\": 0.0, \"ASIA_EXJAP_TOTAL_MARKET_STOCKS\": 0.0, \"EMERGING_MARKETS_BONDS\": 0.0, \"EUR_TOTAL_MARKET_BONDS\": 0.0, \"INTERNATIONAL_BONDS\": 0.0, \"UK_TOTAL_MARKET_STOCKS\": 0.0, \"GLOBAL_MARKETS_STOCKS\": 0.0, \"US_TOTAL_MARKET_BONDS\": 0.0, \"AUS_HIGH_YIELD_STOCKS\": 0.0, \"AUS_MUNICIPAL_BONDS\": 0.25, \"INFLATION_PROTECTED_BONDS\": 0.0, \"AUS_LARGE_CAP_VALUE_STOCKS\": 0.0, \"AUS_GOVT_BONDS\": 0.0, \"EUR_TOTAL_MARKET_STOCKS\": 0.0, \"AUS_CORPORATE_BONDS\": 0.0, \"CN_TOTAL_MARKET_STOCKS\": 0.65, \"EMERGING_MARKETS_STOCKS\": 0.0, \"AUS_TOTAL_MARKET_STOCKS\": 0.0}", "expected_return": 0.75}, "pk": 7606, "model": "portfolios.portfoliobyrisk"}, {"fields": {"volatility": 6.997, "risk": 0.66, "portfolio_set": 1, "allocations": "{\"UK_TOTAL_MARKET_BONDS\": 0.0, \"CN_TOTAL_MARKET_BONDS\": 0.34, \"AUS_SMALL_CAP_VALUE_STOCKS\": 0.25, \"ASIA_EXJAP_TOTAL_MARKET_BONDS\": 0.0, \"US_TOTAL_MARKET_STOCKS\": 0.0, \"JAP_TOTAL_MARKET_STOCKS\": 0.0, \"ASIA_EXJAP_TOTAL_MARKET_STOCKS\": 0.0, \"EMERGING_MARKETS_BONDS\": 0.0, \"EUR_TOTAL_MARKET_BONDS\": 0.0, \"INTERNATIONAL_BONDS\": 0.0, \"UK_TOTAL_MARKET_STOCKS\": 0.0, \"GLOBAL_MARKETS_STOCKS\": 0.2269, \"US_TOTAL_MARKET_BONDS\": 0.0, \"AUS_HIGH_YIELD_STOCKS\": 0.0, \"AUS_MUNICIPAL_BONDS\": 0.0, \"INFLATION_PROTECTED_BONDS\": 0.0, \"AUS_LARGE_CAP_VALUE_STOCKS\": 0.0, \"AUS_GOVT_BONDS\": 0.0, \"EUR_TOTAL_MARKET_STOCKS\": 0.0, \"AUS_CORPORATE_BONDS\": 0.0, \"CN_TOTAL_MARKET_STOCKS\": 0.1831, \"EMERGING_MARKETS_STOCKS\": 0.0, \"AUS_TOTAL_MARKET_STOCKS\": 0.0}", "expected_return": 0.82}, "pk": 7607, "model": "portfolios.portfoliobyrisk"}, {"fields": {"volatility": 7.1151, "risk": 0.67, "portfolio_set": 1, "allocations": "{\"UK_TOTAL_MARKET_BONDS\": 0.33, \"CN_TOTAL_MARKET_BONDS\": 0.0, \"AUS_SMALL_CAP_VALUE_STOCKS\": 0.0, \"ASIA_EXJAP_TOTAL_MARKET_BONDS\": 0.0, \"US_TOTAL_MARKET_STOCKS\": 0.0, \"JAP_TOTAL_MARKET_STOCKS\": 0.0, \"ASIA_EXJAP_TOTAL_MARKET_STOCKS\": 0.0, \"EMERGING_MARKETS_BONDS\": 0.0, \"EUR_TOTAL_MARKET_BONDS\": 0.0, \"INTERNATIONAL_BONDS\": 0.0, \"UK_TOTAL_MARKET_STOCKS\": 0.0, \"GLOBAL_MARKETS_STOCKS\": 0.0, \"US_TOTAL_MARKET_BONDS\": 0.0, \"AUS_HIGH_YIELD_STOCKS\": 0.0, \"AUS_MUNICIPAL_BONDS\": 0.0, \"INFLATION_PROTECTED_BONDS\": 0.0, \"AUS_LARGE_CAP_VALUE_STOCKS\": 0.25, \"AUS_GOVT_BONDS\": 0.0, \"EUR_TOTAL_MARKET_STOCKS\": 0.42, \"AUS_CORPORATE_BONDS\": 0.0, \"CN_TOTAL_MARKET_STOCKS\": 0.0, \"EMERGING_MARKETS_STOCKS\": 0.0, \"AUS_TOTAL_MARKET_STOCKS\": 0.0}", "expected_return": 0.81}, "pk": 7608, "model": "portfolios.portfoliobyrisk"}, {"fields": {"volatility": 7.234, "risk": 0.68, "portfolio_set": 1, "allocations": "{\"UK_TOTAL_MARKET_BONDS\": 0.0, \"CN_TOTAL_MARKET_BONDS\": 0.0, \"AUS_SMALL_CAP_VALUE_STOCKS\": 0.0, \"ASIA_EXJAP_TOTAL_MARKET_BONDS\": 0.0, \"US_TOTAL_MARKET_STOCKS\": 0.0, \"JAP_TOTAL_MARKET_STOCKS\": 0.0, \"ASIA_EXJAP_TOTAL_MARKET_STOCKS\": 0.0, \"EMERGING_MARKETS_BONDS\": 0.0, \"EUR_TOTAL_MARKET_BONDS\": 0.2269, \"INTERNATIONAL_BONDS\": 0.0, \"UK_TOTAL_MARKET_STOCKS\": 0.0, \"GLOBAL_MARKETS_STOCKS\": 0.4693, \"US_TOTAL_MARKET_BONDS\": 0.0, \"AUS_HIGH_YIELD_STOCKS\": 0.0, \"AUS_MUNICIPAL_BONDS\": 0.0931, \"INFLATION_PROTECTED_BONDS\": 0.0, \"AUS_LARGE_CAP_VALUE_STOCKS\": 0.1569, \"AUS_GOVT_BONDS\": 0.0, \"EUR_TOTAL_MARKET_STOCKS\": 0.0, \"AUS_CORPORATE_BONDS\": 0.0, \"CN_TOTAL_MARKET_STOCKS\": 0.0, \"EMERGING_MARKETS_STOCKS\": 0.0539, \"AUS_TOTAL_MARKET_STOCKS\": 0.0}", "expected_return": 0.81}, "pk": 7609, "model": "portfolios.portfoliobyrisk"}, {"fields": {"volatility": 7.3536, "risk": 0.69, "portfolio_set": 1, "allocations": "{\"UK_TOTAL_MARKET_BONDS\": 0.06, \"CN_TOTAL_MARKET_BONDS\": 0.0, \"AUS_SMALL_CAP_VALUE_STOCKS\": 0.0, \"ASIA_EXJAP_TOTAL_MARKET_BONDS\": 0.0, \"US_TOTAL_MARKET_STOCKS\": 0.0, \"JAP_TOTAL_MARKET_STOCKS\": 0.0, \"ASIA_EXJAP_TOTAL_MARKET_STOCKS\": 0.0, \"EMERGING_MARKETS_BONDS\": 0.0, \"EUR_TOTAL_MARKET_BONDS\": 0.0, \"INTERNATIONAL_BONDS\": 0.0, \"UK_TOTAL_MARKET_STOCKS\": 0.0, \"GLOBAL_MARKETS_STOCKS\": 0.0, \"US_TOTAL_MARKET_BONDS\": 0.0, \"AUS_HIGH_YIELD_STOCKS\": 0.0, \"AUS_MUNICIPAL_BONDS\": 0.0, \"INFLATION_PROTECTED_BONDS\": 0.0, \"AUS_LARGE_CAP_VALUE_STOCKS\": 0.0, \"AUS_GOVT_BONDS\": 0.0, \"EUR_TOTAL_MARKET_STOCKS\": 0.69, \"AUS_CORPORATE_BONDS\": 0.25, \"CN_TOTAL_MARKET_STOCKS\": 0.0, \"EMERGING_MARKETS_STOCKS\": 0.0, \"AUS_TOTAL_MARKET_STOCKS\": 0.0}", "expected_return": 0.8}, "pk": 7610, "model": "portfolios.portfoliobyrisk"}, {"fields": {"volatility": 7.474, "risk": 0.7, "portfolio_set": 1, "allocations": "{\"UK_TOTAL_MARKET_BONDS\": 0.3, \"CN_TOTAL_MARKET_BONDS\": 0.0, \"AUS_SMALL_CAP_VALUE_STOCKS\": 0.0, \"ASIA_EXJAP_TOTAL_MARKET_BONDS\": 0.0, \"US_TOTAL_MARKET_STOCKS\": 0.0, \"JAP_TOTAL_MARKET_STOCKS\": 0.0, \"ASIA_EXJAP_TOTAL_MARKET_STOCKS\": 0.0, \"EMERGING_MARKETS_BONDS\": 0.0, \"EUR_TOTAL_MARKET_BONDS\": 0.0, \"INTERNATIONAL_BONDS\": 0.0, \"UK_TOTAL_MARKET_STOCKS\": 0.0, \"GLOBAL_MARKETS_STOCKS\": 0.0, \"US_TOTAL_MARKET_BONDS\": 0.0, \"AUS_HIGH_YIELD_STOCKS\": 0.0, \"AUS_MUNICIPAL_BONDS\": 0.0, \"INFLATION_PROTECTED_BONDS\": 0.0, \"AUS_LARGE_CAP_VALUE_STOCKS\": 0.25, \"AUS_GOVT_BONDS\": 0.0, \"EUR_TOTAL_MARKET_STOCKS\": 0.45, \"AUS_CORPORATE_BONDS\": 0.0, \"CN_TOTAL_MARKET_STOCKS\": 0.0, \"EMERGING_MARKETS_STOCKS\": 0.0, \"AUS_TOTAL_MARKET_STOCKS\": 0.0}", "expected_return": 0.82}, "pk": 7611, "model": "portfolios.portfoliobyrisk"}, {"fields": {"volatility": 7.5952, "risk": 0.71, "portfolio_set": 1, "allocations": "{\"UK_TOTAL_MARKET_BONDS\": 0.29, \"CN_TOTAL_MARKET_BONDS\": 0.0, \"AUS_SMALL_CAP_VALUE_STOCKS\": 0.0, \"ASIA_EXJAP_TOTAL_MARKET_BONDS\": 0.0, \"US_TOTAL_MARKET_STOCKS\": 0.0, \"JAP_TOTAL_MARKET_STOCKS\": 0.0, \"ASIA_EXJAP_TOTAL_MARKET_STOCKS\": 0.0, \"EMERGING_MARKETS_BONDS\": 0.0, \"EUR_TOTAL_MARKET_BONDS\": 0.0, \"INTERNATIONAL_BONDS\": 0.0, \"UK_TOTAL_MARKET_STOCKS\": 0.0, \"GLOBAL_MARKETS_STOCKS\": 0.0, \"US_TOTAL_MARKET_BONDS\": 0.0, \"AUS_HIGH_YIELD_STOCKS\": 0.0, \"AUS_MUNICIPAL_BONDS\": 0.0, \"INFLATION_PROTECTED_BONDS\": 0.0, \"AUS_LARGE_CAP_VALUE_STOCKS\": 0.25, \"AUS_GOVT_BONDS\": 0.0, \"EUR_TOTAL_MARKET_STOCKS\": 0.46, \"AUS_CORPORATE_BONDS\": 0.0, \"CN_TOTAL_MARKET_STOCKS\": 0.0, \"EMERGING_MARKETS_STOCKS\": 0.0, \"AUS_TOTAL_MARKET_STOCKS\": 0.0}", "expected_return": 0.82}, "pk": 7612, "model": "portfolios.portfoliobyrisk"}, {"fields": {"volatility": 7.7623, "risk": 0.72, "portfolio_set": 1, "allocations": "{\"UK_TOTAL_MARKET_BONDS\": 0.28, \"CN_TOTAL_MARKET_BONDS\": 0.0, \"AUS_SMALL_CAP_VALUE_STOCKS\": 0.0, \"ASIA_EXJAP_TOTAL_MARKET_BONDS\": 0.0, \"US_TOTAL_MARKET_STOCKS\": 0.0, \"JAP_TOTAL_MARKET_STOCKS\": 0.47, \"ASIA_EXJAP_TOTAL_MARKET_STOCKS\": 0.0, \"EMERGING_MARKETS_BONDS\": 0.0, \"EUR_TOTAL_MARKET_BONDS\": 0.0, \"INTERNATIONAL_BONDS\": 0.0, \"UK_TOTAL_MARKET_STOCKS\": 0.0, \"GLOBAL_MARKETS_STOCKS\": 0.0, \"US_TOTAL_MARKET_BONDS\": 0.0, \"AUS_HIGH_YIELD_STOCKS\": 0.0, \"AUS_MUNICIPAL_BONDS\": 0.0, \"INFLATION_PROTECTED_BONDS\": 0.0, \"AUS_LARGE_CAP_VALUE_STOCKS\": 0.25, \"AUS_GOVT_BONDS\": 0.0, \"EUR_TOTAL_MARKET_STOCKS\": 0.0, \"AUS_CORPORATE_BONDS\": 0.0, \"CN_TOTAL_MARKET_STOCKS\": 0.0, \"EMERGING_MARKETS_STOCKS\": 0.0, \"AUS_TOTAL_MARKET_STOCKS\": 0.0}", "expected_return": 1.2}, "pk": 7613, "model": "portfolios.portfoliobyrisk"}, {"fields": {"volatility": 7.8837, "risk": 0.73, "portfolio_set": 1, "allocations": "{\"UK_TOTAL_MARKET_BONDS\": 0.27, \"CN_TOTAL_MARKET_BONDS\": 0.0, \"AUS_SMALL_CAP_VALUE_STOCKS\": 0.0, \"ASIA_EXJAP_TOTAL_MARKET_BONDS\": 0.0, \"US_TOTAL_MARKET_STOCKS\": 0.0, \"JAP_TOTAL_MARKET_STOCKS\": 0.0, \"ASIA_EXJAP_TOTAL_MARKET_STOCKS\": 0.0, \"EMERGING_MARKETS_BONDS\": 0.0, \"EUR_TOTAL_MARKET_BONDS\": 0.0, \"INTERNATIONAL_BONDS\": 0.0, \"UK_TOTAL_MARKET_STOCKS\": 0.0, \"GLOBAL_MARKETS_STOCKS\": 0.0, \"US_TOTAL_MARKET_BONDS\": 0.0, \"AUS_HIGH_YIELD_STOCKS\": 0.0, \"AUS_MUNICIPAL_BONDS\": 0.0, \"INFLATION_PROTECTED_BONDS\": 0.0, \"AUS_LARGE_CAP_VALUE_STOCKS\": 0.25, \"AUS_GOVT_BONDS\": 0.0, \"EUR_TOTAL_MARKET_STOCKS\": 0.48, \"AUS_CORPORATE_BONDS\": 0.0, \"CN_TOTAL_MARKET_STOCKS\": 0.0, \"EMERGING_MARKETS_STOCKS\": 0.0, \"AUS_TOTAL_MARKET_STOCKS\": 0.0}", "expected_return": 1.22}, "pk": 7614, "model": "portfolios.portfoliobyrisk"}, {"fields": {"volatility": 8.0053, "risk": 0.74, "portfolio_set": 1, "allocations": "{\"UK_TOTAL_MARKET_BONDS\": 0.0, \"CN_TOTAL_MARKET_BONDS\": 0.26, \"AUS_SMALL_CAP_VALUE_STOCKS\": 0.0, \"ASIA_EXJAP_TOTAL_MARKET_BONDS\": 0.0, \"US_TOTAL_MARKET_STOCKS\": 0.0, \"JAP_TOTAL_MARKET_STOCKS\": 0.49, \"ASIA_EXJAP_TOTAL_MARKET_STOCKS\": 0.0, \"EMERGING_MARKETS_BONDS\": 0.0, \"EUR_TOTAL_MARKET_BONDS\": 0.0, \"INTERNATIONAL_BONDS\": 0.0, \"UK_TOTAL_MARKET_STOCKS\": 0.0, \"GLOBAL_MARKETS_STOCKS\": 0.0, \"US_TOTAL_MARKET_BONDS\": 0.0, \"AUS_HIGH_YIELD_STOCKS\": 0.064, \"AUS_MUNICIPAL_BONDS\": 0.0, \"INFLATION_PROTECTED_BONDS\": 0.0, \"AUS_LARGE_CAP_VALUE_STOCKS\": 0.186, \"AUS_GOVT_BONDS\": 0.0, \"EUR_TOTAL_MARKET_STOCKS\": 0.0, \"AUS_CORPORATE_BONDS\": 0.0, \"CN_TOTAL_MARKET_STOCKS\": 0.0, \"EMERGING_MARKETS_STOCKS\": 0.0, \"AUS_TOTAL_MARKET_STOCKS\": 0.0}", "expected_return": 1.22}, "pk": 7615, "model": "portfolios.portfoliobyrisk"}, {"fields": {"volatility": 8.1276, "risk": 0.75, "portfolio_set": 1, "allocations": "{\"UK_TOTAL_MARKET_BONDS\": 0.25, \"CN_TOTAL_MARKET_BONDS\": 0.0, \"AUS_SMALL_CAP_VALUE_STOCKS\": 0.0, \"ASIA_EXJAP_TOTAL_MARKET_BONDS\": 0.0, \"US_TOTAL_MARKET_STOCKS\": 0.0, \"JAP_TOTAL_MARKET_STOCKS\": 0.0, \"ASIA_EXJAP_TOTAL_MARKET_STOCKS\": 0.0, \"EMERGING_MARKETS_BONDS\": 0.0, \"EUR_TOTAL_MARKET_BONDS\": 0.0, \"INTERNATIONAL_BONDS\": 0.0, \"UK_TOTAL_MARKET_STOCKS\": 0.0, \"GLOBAL_MARKETS_STOCKS\": 0.0, \"US_TOTAL_MARKET_BONDS\": 0.0, \"AUS_HIGH_YIELD_STOCKS\": 0.0, \"AUS_MUNICIPAL_BONDS\": 0.0, \"INFLATION_PROTECTED_BONDS\": 0.0, \"AUS_LARGE_CAP_VALUE_STOCKS\": 0.25, \"AUS_GOVT_BONDS\": 0.0, \"EUR_TOTAL_MARKET_STOCKS\": 0.5, \"AUS_CORPORATE_BONDS\": 0.0, \"CN_TOTAL_MARKET_STOCKS\": 0.0, \"EMERGING_MARKETS_STOCKS\": 0.0, \"AUS_TOTAL_MARKET_STOCKS\": 0.0}", "expected_return": 1.23}, "pk": 7616, "model": "portfolios.portfoliobyrisk"}, {"fields": {"volatility": 8.2504, "risk": 0.76, "portfolio_set": 1, "allocations": "{\"UK_TOTAL_MARKET_BONDS\": 0.0742, \"CN_TOTAL_MARKET_BONDS\": 0.0, \"AUS_SMALL_CAP_VALUE_STOCKS\": 0.0, \"ASIA_EXJAP_TOTAL_MARKET_BONDS\": 0.0, \"US_TOTAL_MARKET_STOCKS\": 0.0, \"JAP_TOTAL_MARKET_STOCKS\": 0.0, \"ASIA_EXJAP_TOTAL_MARKET_STOCKS\": 0.0, \"EMERGING_MARKETS_BONDS\": 0.0, \"EUR_TOTAL_MARKET_BONDS\": 0.0, \"INTERNATIONAL_BONDS\": 0.0, \"UK_TOTAL_MARKET_STOCKS\": 0.0, \"GLOBAL_MARKETS_STOCKS\": 0.0, \"US_TOTAL_MARKET_BONDS\": 0.0, \"AUS_HIGH_YIELD_STOCKS\": 0.0, \"AUS_MUNICIPAL_BONDS\": 0.0094, \"INFLATION_PROTECTED_BONDS\": 0.0, \"AUS_LARGE_CAP_VALUE_STOCKS\": 0.0842, \"AUS_GOVT_BONDS\": 0.0, \"EUR_TOTAL_MARKET_STOCKS\": 0.6758, \"AUS_CORPORATE_BONDS\": 0.1564, \"CN_TOTAL_MARKET_STOCKS\": 0.0, \"EMERGING_MARKETS_STOCKS\": 0.0, \"AUS_TOTAL_MARKET_STOCKS\": 0.0}", "expected_return": 1.24}, "pk": 7617, "model": "portfolios.portfoliobyrisk"}, {"fields": {"volatility": 8.3677, "risk": 0.77, "portfolio_set": 1, "allocations": "{\"UK_TOTAL_MARKET_BONDS\": 0.0, \"CN_TOTAL_MARKET_BONDS\": 0.23, \"AUS_SMALL_CAP_VALUE_STOCKS\": 0.0, \"ASIA_EXJAP_TOTAL_MARKET_BONDS\": 0.0, \"US_TOTAL_MARKET_STOCKS\": 0.0, \"JAP_TOTAL_MARKET_STOCKS\": 0.3325, \"ASIA_EXJAP_TOTAL_MARKET_STOCKS\": 0.1875, \"EMERGING_MARKETS_BONDS\": 0.0, \"EUR_TOTAL_MARKET_BONDS\": 0.0, \"INTERNATIONAL_BONDS\": 0.0, \"UK_TOTAL_MARKET_STOCKS\": 0.0, \"GLOBAL_MARKETS_STOCKS\": 0.0, \"US_TOTAL_MARKET_BONDS\": 0.0, \"AUS_HIGH_YIELD_STOCKS\": 0.25, \"AUS_MUNICIPAL_BONDS\": 0.0, \"INFLATION_PROTECTED_BONDS\": 0.0, \"AUS_LARGE_CAP_VALUE_STOCKS\": 0.0, \"AUS_GOVT_BONDS\": 0.0, \"EUR_TOTAL_MARKET_STOCKS\": 0.0, \"AUS_CORPORATE_BONDS\": 0.0, \"CN_TOTAL_MARKET_STOCKS\": 0.0, \"EMERGING_MARKETS_STOCKS\": 0.0, \"AUS_TOTAL_MARKET_STOCKS\": 0.0}", "expected_return": 1.19}, "pk": 7618, "model": "portfolios.portfoliobyrisk"}, {"fields": {"volatility": 8.4998, "risk": 0.78, "portfolio_set": 1, "allocations": "{\"UK_TOTAL_MARKET_BONDS\": 0.0, \"CN_TOTAL_MARKET_BONDS\": 0.22, \"AUS_SMALL_CAP_VALUE_STOCKS\": 0.25, \"ASIA_EXJAP_TOTAL_MARKET_BONDS\": 0.0, \"US_TOTAL_MARKET_STOCKS\": 0.0, \"JAP_TOTAL_MARKET_STOCKS\": 0.0, \"ASIA_EXJAP_TOTAL_MARKET_STOCKS\": 0.0, \"EMERGING_MARKETS_BONDS\": 0.0, \"EUR_TOTAL_MARKET_BONDS\": 0.0, \"INTERNATIONAL_BONDS\": 0.0, \"UK_TOTAL_MARKET_STOCKS\": 0.0, \"GLOBAL_MARKETS_STOCKS\": 0.4262, \"US_TOTAL_MARKET_BONDS\": 0.0, \"AUS_HIGH_YIELD_STOCKS\": 0.0, \"AUS_MUNICIPAL_BONDS\": 0.0, \"INFLATION_PROTECTED_BONDS\": 0.0, \"AUS_LARGE_CAP_VALUE_STOCKS\": 0.0, \"AUS_GOVT_BONDS\": 0.0, \"EUR_TOTAL_MARKET_STOCKS\": 0.1031, \"AUS_CORPORATE_BONDS\": 0.0, \"CN_TOTAL_MARKET_STOCKS\": 0.0, \"EMERGING_MARKETS_STOCKS\": 0.0008, \"AUS_TOTAL_MARKET_STOCKS\": 0.0}", "expected_return": 1.38}, "pk": 7619, "model": "portfolios.portfoliobyrisk"}, {"fields": {"volatility": 8.6364, "risk": 0.79, "portfolio_set": 1, "allocations": "{\"UK_TOTAL_MARKET_BONDS\": 0.0, \"CN_TOTAL_MARKET_BONDS\": 0.21, \"AUS_SMALL_CAP_VALUE_STOCKS\": 0.0, \"ASIA_EXJAP_TOTAL_MARKET_BONDS\": 0.0, \"US_TOTAL_MARKET_STOCKS\": 0.0, \"JAP_TOTAL_MARKET_STOCKS\": 0.0, \"ASIA_EXJAP_TOTAL_MARKET_STOCKS\": 0.0, \"EMERGING_MARKETS_BONDS\": 0.0, \"EUR_TOTAL_MARKET_BONDS\": 0.0, \"INTERNATIONAL_BONDS\": 0.0, \"UK_TOTAL_MARKET_STOCKS\": 0.0, \"GLOBAL_MARKETS_STOCKS\": 0.0, \"US_TOTAL_MARKET_BONDS\": 0.0, \"AUS_HIGH_YIELD_STOCKS\": 0.25, \"AUS_MUNICIPAL_BONDS\": 0.0, \"INFLATION_PROTECTED_BONDS\": 0.0, \"AUS_LARGE_CAP_VALUE_STOCKS\": 0.0, \"AUS_GOVT_BONDS\": 0.0, \"EUR_TOTAL_MARKET_STOCKS\": 0.0, \"AUS_CORPORATE_BONDS\": 0.0, \"CN_TOTAL_MARKET_STOCKS\": 0.54, \"EMERGING_MARKETS_STOCKS\": 0.0, \"AUS_TOTAL_MARKET_STOCKS\": 0.0}", "expected_return": 1.56}, "pk": 7620, "model": "portfolios.portfoliobyrisk"}, {"fields": {"volatility": 8.7049, "risk": 0.8, "portfolio_set": 1, "allocations": "{\"UK_TOTAL_MARKET_BONDS\": 0.0, \"CN_TOTAL_MARKET_BONDS\": 0.2, \"AUS_SMALL_CAP_VALUE_STOCKS\": 0.387, \"ASIA_EXJAP_TOTAL_MARKET_BONDS\": 0.0, \"US_TOTAL_MARKET_STOCKS\": 0.0, \"JAP_TOTAL_MARKET_STOCKS\": 0.0, \"ASIA_EXJAP_TOTAL_MARKET_STOCKS\": 0.0, \"EMERGING_MARKETS_BONDS\": 0.0, \"EUR_TOTAL_MARKET_BONDS\": 0.0, \"INTERNATIONAL_BONDS\": 0.0, \"UK_TOTAL_MARKET_STOCKS\": 0.0, \"GLOBAL_MARKETS_STOCKS\": 0.1561, \"US_TOTAL_MARKET_BONDS\": 0.0, \"AUS_HIGH_YIELD_STOCKS\": 0.0, \"AUS_MUNICIPAL_BONDS\": 0.0, \"INFLATION_PROTECTED_BONDS\": 0.0, \"AUS_LARGE_CAP_VALUE_STOCKS\": 0.0, \"AUS_GOVT_BONDS\": 0.0, \"EUR_TOTAL_MARKET_STOCKS\": 0.0, \"AUS_CORPORATE_BONDS\": 0.0, \"CN_TOTAL_MARKET_STOCKS\": 0.2569, \"EMERGING_MARKETS_STOCKS\": 0.0, \"AUS_TOTAL_MARKET_STOCKS\": 0.0}", "expected_return": 0.93}, "pk": 7621, "model": "portfolios.portfoliobyrisk"}, {"fields": {"volatility": 8.8421, "risk": 0.81, "portfolio_set": 1, "allocations": "{\"UK_TOTAL_MARKET_BONDS\": 0.0, \"CN_TOTAL_MARKET_BONDS\": 0.185, \"AUS_SMALL_CAP_VALUE_STOCKS\": 0.0, \"ASIA_EXJAP_TOTAL_MARKET_BONDS\": 0.0, \"US_TOTAL_MARKET_STOCKS\": 0.0, \"JAP_TOTAL_MARKET_STOCKS\": 0.0, \"ASIA_EXJAP_TOTAL_MARKET_STOCKS\": 0.0, \"EMERGING_MARKETS_BONDS\": 0.0, \"EUR_TOTAL_MARKET_BONDS\": 0.0, \"INTERNATIONAL_BONDS\": 0.0, \"UK_TOTAL_MARKET_STOCKS\": 0.0, \"GLOBAL_MARKETS_STOCKS\": 0.0, \"US_TOTAL_MARKET_BONDS\": 0.0, \"AUS_HIGH_YIELD_STOCKS\": 0.245, \"AUS_MUNICIPAL_BONDS\": 0.005, \"INFLATION_PROTECTED_BONDS\": 0.0, \"AUS_LARGE_CAP_VALUE_STOCKS\": 0.0, \"AUS_GOVT_BONDS\": 0.0, \"EUR_TOTAL_MARKET_STOCKS\": 0.0, \"AUS_CORPORATE_BONDS\": 0.0, \"CN_TOTAL_MARKET_STOCKS\": 0.565, \"EMERGING_MARKETS_STOCKS\": 0.0, \"AUS_TOTAL_MARKET_STOCKS\": 0.0}", "expected_return": 1.06}, "pk": 7622, "model": "portfolios.portfoliobyrisk"}, {"fields": {"volatility": 8.978, "risk": 0.82, "portfolio_set": 1, "allocations": "{\"UK_TOTAL_MARKET_BONDS\": 0.18, \"CN_TOTAL_MARKET_BONDS\": 0.0, \"AUS_SMALL_CAP_VALUE_STOCKS\": 0.0, \"ASIA_EXJAP_TOTAL_MARKET_BONDS\": 0.0, \"US_TOTAL_MARKET_STOCKS\": 0.0, \"JAP_TOTAL_MARKET_STOCKS\": 0.0, \"ASIA_EXJAP_TOTAL_MARKET_STOCKS\": 0.0, \"EMERGING_MARKETS_BONDS\": 0.0, \"EUR_TOTAL_MARKET_BONDS\": 0.0, \"INTERNATIONAL_BONDS\": 0.0, \"UK_TOTAL_MARKET_STOCKS\": 0.0, \"GLOBAL_MARKETS_STOCKS\": 0.0, \"US_TOTAL_MARKET_BONDS\": 0.0, \"AUS_HIGH_YIELD_STOCKS\": 0.0, \"AUS_MUNICIPAL_BONDS\": 0.0, \"INFLATION_PROTECTED_BONDS\": 0.0, \"AUS_LARGE_CAP_VALUE_STOCKS\": 0.25, \"AUS_GOVT_BONDS\": 0.0, \"EUR_TOTAL_MARKET_STOCKS\": 0.57, \"AUS_CORPORATE_BONDS\": 0.0, \"CN_TOTAL_MARKET_STOCKS\": 0.0, \"EMERGING_MARKETS_STOCKS\": 0.0, \"AUS_TOTAL_MARKET_STOCKS\": 0.0}", "expected_return": 1.13}, "pk": 7623, "model": "portfolios.portfoliobyrisk"}, {"fields": {"volatility": 9.1173, "risk": 0.83, "portfolio_set": 1, "allocations": "{\"UK_TOTAL_MARKET_BONDS\": 0.17, \"CN_TOTAL_MARKET_BONDS\": 0.0, \"AUS_SMALL_CAP_VALUE_STOCKS\": 0.0, \"ASIA_EXJAP_TOTAL_MARKET_BONDS\": 0.0, \"US_TOTAL_MARKET_STOCKS\": 0.0, \"JAP_TOTAL_MARKET_STOCKS\": 0.0, \"ASIA_EXJAP_TOTAL_MARKET_STOCKS\": 0.0, \"EMERGING_MARKETS_BONDS\": 0.0, \"EUR_TOTAL_MARKET_BONDS\": 0.0, \"INTERNATIONAL_BONDS\": 0.0, \"UK_TOTAL_MARKET_STOCKS\": 0.0, \"GLOBAL_MARKETS_STOCKS\": 0.0, \"US_TOTAL_MARKET_BONDS\": 0.0, \"AUS_HIGH_YIELD_STOCKS\": 0.0, \"AUS_MUNICIPAL_BONDS\": 0.0, \"INFLATION_PROTECTED_BONDS\": 0.0, \"AUS_LARGE_CAP_VALUE_STOCKS\": 0.25, \"AUS_GOVT_BONDS\": 0.0, \"EUR_TOTAL_MARKET_STOCKS\": 0.58, \"AUS_CORPORATE_BONDS\": 0.0, \"CN_TOTAL_MARKET_STOCKS\": 0.0, \"EMERGING_MARKETS_STOCKS\": 0.0, \"AUS_TOTAL_MARKET_STOCKS\": 0.0}", "expected_return": 1.25}, "pk": 7624, "model": "portfolios.portfoliobyrisk"}, {"fields": {"volatility": 9.2426, "risk": 0.84, "portfolio_set": 1, "allocations": "{\"UK_TOTAL_MARKET_BONDS\": 0.16, \"CN_TOTAL_MARKET_BONDS\": 0.0, \"AUS_SMALL_CAP_VALUE_STOCKS\": 0.0, \"ASIA_EXJAP_TOTAL_MARKET_BONDS\": 0.0, \"US_TOTAL_MARKET_STOCKS\": 0.0, \"JAP_TOTAL_MARKET_STOCKS\": 0.0, \"ASIA_EXJAP_TOTAL_MARKET_STOCKS\": 0.0, \"EMERGING_MARKETS_BONDS\": 0.0, \"EUR_TOTAL_MARKET_BONDS\": 0.0, \"INTERNATIONAL_BONDS\": 0.0, \"UK_TOTAL_MARKET_STOCKS\": 0.0, \"GLOBAL_MARKETS_STOCKS\": 0.0, \"US_TOTAL_MARKET_BONDS\": 0.0, \"AUS_HIGH_YIELD_STOCKS\": 0.0, \"AUS_MUNICIPAL_BONDS\": 0.0, \"INFLATION_PROTECTED_BONDS\": 0.0, \"AUS_LARGE_CAP_VALUE_STOCKS\": 0.25, \"AUS_GOVT_BONDS\": 0.0, \"EUR_TOTAL_MARKET_STOCKS\": 0.59, \"AUS_CORPORATE_BONDS\": 0.0, \"CN_TOTAL_MARKET_STOCKS\": 0.0, \"EMERGING_MARKETS_STOCKS\": 0.0, \"AUS_TOTAL_MARKET_STOCKS\": 0.0}", "expected_return": 1.28}, "pk": 7625, "model": "portfolios.portfoliobyrisk"}, {"fields": {"volatility": 9.3718, "risk": 0.85, "portfolio_set": 1, "allocations": "{\"UK_TOTAL_MARKET_BONDS\": 0.15, \"CN_TOTAL_MARKET_BONDS\": 0.0, \"AUS_SMALL_CAP_VALUE_STOCKS\": 0.0, \"ASIA_EXJAP_TOTAL_MARKET_BONDS\": 0.0, \"US_TOTAL_MARKET_STOCKS\": 0.0, \"JAP_TOTAL_MARKET_STOCKS\": 0.0, \"ASIA_EXJAP_TOTAL_MARKET_STOCKS\": 0.0, \"EMERGING_MARKETS_BONDS\": 0.0, \"EUR_TOTAL_MARKET_BONDS\": 0.0, \"INTERNATIONAL_BONDS\": 0.0, \"UK_TOTAL_MARKET_STOCKS\": 0.0, \"GLOBAL_MARKETS_STOCKS\": 0.0, \"US_TOTAL_MARKET_BONDS\": 0.0, \"AUS_HIGH_YIELD_STOCKS\": 0.0, \"AUS_MUNICIPAL_BONDS\": 0.0, \"INFLATION_PROTECTED_BONDS\": 0.0, \"AUS_LARGE_CAP_VALUE_STOCKS\": 0.25, \"AUS_GOVT_BONDS\": 0.0, \"EUR_TOTAL_MARKET_STOCKS\": 0.6, \"AUS_CORPORATE_BONDS\": 0.0, \"CN_TOTAL_MARKET_STOCKS\": 0.0, \"EMERGING_MARKETS_STOCKS\": 0.0, \"AUS_TOTAL_MARKET_STOCKS\": 0.0}", "expected_return": 1.31}, "pk": 7626, "model": "portfolios.portfoliobyrisk"}, {"fields": {"volatility": 9.495, "risk": 0.86, "portfolio_set": 1, "allocations": "{\"UK_TOTAL_MARKET_BONDS\": 0.1298, \"CN_TOTAL_MARKET_BONDS\": 0.0, \"AUS_SMALL_CAP_VALUE_STOCKS\": 0.0, \"ASIA_EXJAP_TOTAL_MARKET_BONDS\": 0.0, \"US_TOTAL_MARKET_STOCKS\": 0.0, \"JAP_TOTAL_MARKET_STOCKS\": 0.0, \"ASIA_EXJAP_TOTAL_MARKET_STOCKS\": 0.0, \"EMERGING_MARKETS_BONDS\": 0.0, \"EUR_TOTAL_MARKET_BONDS\": 0.0, \"INTERNATIONAL_BONDS\": 0.0, \"UK_TOTAL_MARKET_STOCKS\": 0.0, \"GLOBAL_MARKETS_STOCKS\": 0.0, \"US_TOTAL_MARKET_BONDS\": 0.0, \"AUS_HIGH_YIELD_STOCKS\": 0.0, \"AUS_MUNICIPAL_BONDS\": 0.0, \"INFLATION_PROTECTED_BONDS\": 0.0, \"AUS_LARGE_CAP_VALUE_STOCKS\": 0.2398, \"AUS_GOVT_BONDS\": 0.0, \"EUR_TOTAL_MARKET_STOCKS\": 0.6202, \"AUS_CORPORATE_BONDS\": 0.0102, \"CN_TOTAL_MARKET_STOCKS\": 0.0, \"EMERGING_MARKETS_STOCKS\": 0.0, \"AUS_TOTAL_MARKET_STOCKS\": 0.0}", "expected_return": 1.32}, "pk": 7627, "model": "portfolios.portfoliobyrisk"}, {"fields": {"volatility": 9.6165, "risk": 0.87, "portfolio_set": 1, "allocations": "{\"UK_TOTAL_MARKET_BONDS\": 0.0, \"CN_TOTAL_MARKET_BONDS\": 0.0091, \"AUS_SMALL_CAP_VALUE_STOCKS\": 0.0, \"ASIA_EXJAP_TOTAL_MARKET_BONDS\": 0.0, \"US_TOTAL_MARKET_STOCKS\": 0.0, \"JAP_TOTAL_MARKET_STOCKS\": 0.0, \"ASIA_EXJAP_TOTAL_MARKET_STOCKS\": 0.0, \"EMERGING_MARKETS_BONDS\": 0.0, \"EUR_TOTAL_MARKET_BONDS\": 0.0, \"INTERNATIONAL_BONDS\": 0.0, \"UK_TOTAL_MARKET_STOCKS\": 0.0, \"GLOBAL_MARKETS_STOCKS\": 0.0, \"US_TOTAL_MARKET_BONDS\": 0.0, \"AUS_HIGH_YIELD_STOCKS\": 0.1291, \"AUS_MUNICIPAL_BONDS\": 0.1209, \"INFLATION_PROTECTED_BONDS\": 0.0, \"AUS_LARGE_CAP_VALUE_STOCKS\": 0.0, \"AUS_GOVT_BONDS\": 0.0, \"EUR_TOTAL_MARKET_STOCKS\": 0.0, \"AUS_CORPORATE_BONDS\": 0.0, \"CN_TOTAL_MARKET_STOCKS\": 0.7409, \"EMERGING_MARKETS_STOCKS\": 0.0, \"AUS_TOTAL_MARKET_STOCKS\": 0.0}", "expected_return": 1.31}, "pk": 7628, "model": "portfolios.portfoliobyrisk"}, {"fields": {"volatility": 9.7422, "risk": 0.88, "portfolio_set": 1, "allocations": "{\"UK_TOTAL_MARKET_BONDS\": 0.0, \"CN_TOTAL_MARKET_BONDS\": 0.0, \"AUS_SMALL_CAP_VALUE_STOCKS\": 0.13, \"ASIA_EXJAP_TOTAL_MARKET_BONDS\": 0.0, \"US_TOTAL_MARKET_STOCKS\": 0.0, \"JAP_TOTAL_MARKET_STOCKS\": 0.0, \"ASIA_EXJAP_TOTAL_MARKET_STOCKS\": 0.0, \"EMERGING_MARKETS_BONDS\": 0.0, \"EUR_TOTAL_MARKET_BONDS\": 0.0, \"INTERNATIONAL_BONDS\": 0.0, \"UK_TOTAL_MARKET_STOCKS\": 0.0, \"GLOBAL_MARKETS_STOCKS\": 0.0, \"US_TOTAL_MARKET_BONDS\": 0.0, \"AUS_HIGH_YIELD_STOCKS\": 0.0, \"AUS_MUNICIPAL_BONDS\": 0.12, \"INFLATION_PROTECTED_BONDS\": 0.0, \"AUS_LARGE_CAP_VALUE_STOCKS\": 0.0, \"AUS_GOVT_BONDS\": 0.0, \"EUR_TOTAL_MARKET_STOCKS\": 0.0, \"AUS_CORPORATE_BONDS\": 0.0, \"CN_TOTAL_MARKET_STOCKS\": 0.75, \"EMERGING_MARKETS_STOCKS\": 0.0, \"AUS_TOTAL_MARKET_STOCKS\": 0.0}", "expected_return": 1.33}, "pk": 7629, "model": "portfolios.portfoliobyrisk"}, {"fields": {"volatility": 9.8653, "risk": 0.89, "portfolio_set": 1, "allocations": "{\"UK_TOTAL_MARKET_BONDS\": 0.11, \"CN_TOTAL_MARKET_BONDS\": 0.0, \"AUS_SMALL_CAP_VALUE_STOCKS\": 0.0, \"ASIA_EXJAP_TOTAL_MARKET_BONDS\": 0.0, \"US_TOTAL_MARKET_STOCKS\": 0.0, \"JAP_TOTAL_MARKET_STOCKS\": 0.5323, \"ASIA_EXJAP_TOTAL_MARKET_STOCKS\": 0.0, \"EMERGING_MARKETS_BONDS\": 0.0, \"EUR_TOTAL_MARKET_BONDS\": 0.0, \"INTERNATIONAL_BONDS\": 0.0, \"UK_TOTAL_MARKET_STOCKS\": 0.0, \"GLOBAL_MARKETS_STOCKS\": 0.1077, \"US_TOTAL_MARKET_BONDS\": 0.0, \"AUS_HIGH_YIELD_STOCKS\": 0.0, \"AUS_MUNICIPAL_BONDS\": 0.0, \"INFLATION_PROTECTED_BONDS\": 0.0, \"AUS_LARGE_CAP_VALUE_STOCKS\": 0.25, \"AUS_GOVT_BONDS\": 0.0, \"EUR_TOTAL_MARKET_STOCKS\": 0.0, \"AUS_CORPORATE_BONDS\": 0.0, \"CN_TOTAL_MARKET_STOCKS\": 0.0, \"EMERGING_MARKETS_STOCKS\": 0.0, \"AUS_TOTAL_MARKET_STOCKS\": 0.0}", "expected_return": 1.33}, "pk": 7630, "model": "portfolios.portfoliobyrisk"}, {"fields": {"volatility": 9.9889, "risk": 0.9, "portfolio_set": 1, "allocations": "{\"UK_TOTAL_MARKET_BONDS\": 0.1, \"CN_TOTAL_MARKET_BONDS\": 0.0, \"AUS_SMALL_CAP_VALUE_STOCKS\": 0.0, \"ASIA_EXJAP_TOTAL_MARKET_BONDS\": 0.0, \"US_TOTAL_MARKET_STOCKS\": 0.0, \"JAP_TOTAL_MARKET_STOCKS\": 0.3366, \"ASIA_EXJAP_TOTAL_MARKET_STOCKS\": 0.0, \"EMERGING_MARKETS_BONDS\": 0.0, \"EUR_TOTAL_MARKET_BONDS\": 0.0, \"INTERNATIONAL_BONDS\": 0.0, \"UK_TOTAL_MARKET_STOCKS\": 0.0, \"GLOBAL_MARKETS_STOCKS\": 0.0, \"US_TOTAL_MARKET_BONDS\": 0.0, \"AUS_HIGH_YIELD_STOCKS\": 0.0, \"AUS_MUNICIPAL_BONDS\": 0.0, \"INFLATION_PROTECTED_BONDS\": 0.0, \"AUS_LARGE_CAP_VALUE_STOCKS\": 0.25, \"AUS_GOVT_BONDS\": 0.0, \"EUR_TOTAL_MARKET_STOCKS\": 0.3134, \"AUS_CORPORATE_BONDS\": 0.0, \"CN_TOTAL_MARKET_STOCKS\": 0.0, \"EMERGING_MARKETS_STOCKS\": 0.0, \"AUS_TOTAL_MARKET_STOCKS\": 0.0}", "expected_return": 1.33}, "pk": 7631, "model": "portfolios.portfoliobyrisk"}, {"fields": {"volatility": 10.1127, "risk": 0.91, "portfolio_set": 1, "allocations": "{\"UK_TOTAL_MARKET_BONDS\": 0.0, \"CN_TOTAL_MARKET_BONDS\": 0.082, \"AUS_SMALL_CAP_VALUE_STOCKS\": 0.0, \"ASIA_EXJAP_TOTAL_MARKET_BONDS\": 0.008, \"US_TOTAL_MARKET_STOCKS\": 0.0, \"JAP_TOTAL_MARKET_STOCKS\": 0.2569, \"ASIA_EXJAP_TOTAL_MARKET_STOCKS\": 0.0, \"EMERGING_MARKETS_BONDS\": 0.0, \"EUR_TOTAL_MARKET_BONDS\": 0.0, \"INTERNATIONAL_BONDS\": 0.0, \"UK_TOTAL_MARKET_STOCKS\": 0.0, \"GLOBAL_MARKETS_STOCKS\": 0.0, \"US_TOTAL_MARKET_BONDS\": 0.0, \"AUS_HIGH_YIELD_STOCKS\": 0.0, \"AUS_MUNICIPAL_BONDS\": 0.0, \"INFLATION_PROTECTED_BONDS\": 0.0, \"AUS_LARGE_CAP_VALUE_STOCKS\": 0.0, \"AUS_GOVT_BONDS\": 0.0, \"EUR_TOTAL_MARKET_STOCKS\": 0.0, \"AUS_CORPORATE_BONDS\": 0.0, \"CN_TOTAL_MARKET_STOCKS\": 0.4031, \"EMERGING_MARKETS_STOCKS\": 0.0, \"AUS_TOTAL_MARKET_STOCKS\": 0.25}", "expected_return": 1.33}, "pk": 7632, "model": "portfolios.portfoliobyrisk"}, {"fields": {"volatility": 10.2301, "risk": 0.92, "portfolio_set": 1, "allocations": "{\"UK_TOTAL_MARKET_BONDS\": 0.08, \"CN_TOTAL_MARKET_BONDS\": 0.0, \"AUS_SMALL_CAP_VALUE_STOCKS\": 0.0, \"ASIA_EXJAP_TOTAL_MARKET_BONDS\": 0.0, \"US_TOTAL_MARKET_STOCKS\": 0.0, \"JAP_TOTAL_MARKET_STOCKS\": 0.0, \"ASIA_EXJAP_TOTAL_MARKET_STOCKS\": 0.0, \"EMERGING_MARKETS_BONDS\": 0.0, \"EUR_TOTAL_MARKET_BONDS\": 0.0, \"INTERNATIONAL_BONDS\": 0.0, \"UK_TOTAL_MARKET_STOCKS\": 0.0, \"GLOBAL_MARKETS_STOCKS\": 0.0, \"US_TOTAL_MARKET_BONDS\": 0.0, \"AUS_HIGH_YIELD_STOCKS\": 0.0, \"AUS_MUNICIPAL_BONDS\": 0.0, \"INFLATION_PROTECTED_BONDS\": 0.0, \"AUS_LARGE_CAP_VALUE_STOCKS\": 0.25, \"AUS_GOVT_BONDS\": 0.0, \"EUR_TOTAL_MARKET_STOCKS\": 0.67, \"AUS_CORPORATE_BONDS\": 0.0, \"CN_TOTAL_MARKET_STOCKS\": 0.0, \"EMERGING_MARKETS_STOCKS\": 0.0, \"AUS_TOTAL_MARKET_STOCKS\": 0.0}", "expected_return": 1.27}, "pk": 7633, "model": "portfolios.portfoliobyrisk"}, {"fields": {"volatility": 10.3644, "risk": 0.93, "portfolio_set": 1, "allocations": "{\"UK_TOTAL_MARKET_BONDS\": 0.0, \"CN_TOTAL_MARKET_BONDS\": 0.07, \"AUS_SMALL_CAP_VALUE_STOCKS\": 0.0, \"ASIA_EXJAP_TOTAL_MARKET_BONDS\": 0.0, \"US_TOTAL_MARKET_STOCKS\": 0.0, \"JAP_TOTAL_MARKET_STOCKS\": 0.0, \"ASIA_EXJAP_TOTAL_MARKET_STOCKS\": 0.0, \"EMERGING_MARKETS_BONDS\": 0.0, \"EUR_TOTAL_MARKET_BONDS\": 0.0, \"INTERNATIONAL_BONDS\": 0.0, \"UK_TOTAL_MARKET_STOCKS\": 0.0, \"GLOBAL_MARKETS_STOCKS\": 0.0, \"US_TOTAL_MARKET_BONDS\": 0.0, \"AUS_HIGH_YIELD_STOCKS\": 0.2386, \"AUS_MUNICIPAL_BONDS\": 0.0, \"INFLATION_PROTECTED_BONDS\": 0.0, \"AUS_LARGE_CAP_VALUE_STOCKS\": 0.0, \"AUS_GOVT_BONDS\": 0.0, \"EUR_TOTAL_MARKET_STOCKS\": 0.0, \"AUS_CORPORATE_BONDS\": 0.0, \"CN_TOTAL_MARKET_STOCKS\": 0.3266, \"EMERGING_MARKETS_STOCKS\": 0.0, \"AUS_TOTAL_MARKET_STOCKS\": 0.3648}", "expected_return": 1.51}, "pk": 7634, "model": "portfolios.portfoliobyrisk"}, {"fields": {"volatility": 10.4921, "risk": 0.94, "portfolio_set": 1, "allocations": "{\"UK_TOTAL_MARKET_BONDS\": 0.06, \"CN_TOTAL_MARKET_BONDS\": 0.0, \"AUS_SMALL_CAP_VALUE_STOCKS\": 0.0, \"ASIA_EXJAP_TOTAL_MARKET_BONDS\": 0.0, \"US_TOTAL_MARKET_STOCKS\": 0.0, \"JAP_TOTAL_MARKET_STOCKS\": 0.0, \"ASIA_EXJAP_TOTAL_MARKET_STOCKS\": 0.0, \"EMERGING_MARKETS_BONDS\": 0.0, \"EUR_TOTAL_MARKET_BONDS\": 0.0, \"INTERNATIONAL_BONDS\": 0.0, \"UK_TOTAL_MARKET_STOCKS\": 0.0, \"GLOBAL_MARKETS_STOCKS\": 0.0, \"US_TOTAL_MARKET_BONDS\": 0.0, \"AUS_HIGH_YIELD_STOCKS\": 0.0, \"AUS_MUNICIPAL_BONDS\": 0.0, \"INFLATION_PROTECTED_BONDS\": 0.0, \"AUS_LARGE_CAP_VALUE_STOCKS\": 0.25, \"AUS_GOVT_BONDS\": 0.0, \"EUR_TOTAL_MARKET_STOCKS\": 0.69, \"AUS_CORPORATE_BONDS\": 0.0, \"CN_TOTAL_MARKET_STOCKS\": 0.0, \"EMERGING_MARKETS_STOCKS\": 0.0, \"AUS_TOTAL_MARKET_STOCKS\": 0.0}", "expected_return": 1.75}, "pk": 7635, "model": "portfolios.portfoliobyrisk"}, {"fields": {"volatility": 10.6243, "risk": 0.95, "portfolio_set": 1, "allocations": "{\"UK_TOTAL_MARKET_BONDS\": 0.0, \"CN_TOTAL_MARKET_BONDS\": 0.0, \"AUS_SMALL_CAP_VALUE_STOCKS\": 0.0, \"ASIA_EXJAP_TOTAL_MARKET_BONDS\": 0.05, \"US_TOTAL_MARKET_STOCKS\": 0.0, \"JAP_TOTAL_MARKET_STOCKS\": 0.0, \"ASIA_EXJAP_TOTAL_MARKET_STOCKS\": 0.0, \"EMERGING_MARKETS_BONDS\": 0.0, \"EUR_TOTAL_MARKET_BONDS\": 0.0, \"INTERNATIONAL_BONDS\": 0.0, \"UK_TOTAL_MARKET_STOCKS\": 0.0, \"GLOBAL_MARKETS_STOCKS\": 0.0, \"US_TOTAL_MARKET_BONDS\": 0.0, \"AUS_HIGH_YIELD_STOCKS\": 0.3081, \"AUS_MUNICIPAL_BONDS\": 0.0, \"INFLATION_PROTECTED_BONDS\": 0.0, \"AUS_LARGE_CAP_VALUE_STOCKS\": 0.0, \"AUS_GOVT_BONDS\": 0.0, \"EUR_TOTAL_MARKET_STOCKS\": 0.0, \"AUS_CORPORATE_BONDS\": 0.0, \"CN_TOTAL_MARKET_STOCKS\": 0.4039, \"EMERGING_MARKETS_STOCKS\": 0.0, \"AUS_TOTAL_MARKET_STOCKS\": 0.238}", "expected_return": 2.0}, "pk": 7636, "model": "portfolios.portfoliobyrisk"}, {"fields": {"volatility": 10.7432, "risk": 0.96, "portfolio_set": 1, "allocations": "{\"UK_TOTAL_MARKET_BONDS\": 0.0076, \"CN_TOTAL_MARKET_BONDS\": 0.0, \"AUS_SMALL_CAP_VALUE_STOCKS\": 0.0, \"ASIA_EXJAP_TOTAL_MARKET_BONDS\": 0.0, \"US_TOTAL_MARKET_STOCKS\": 0.0, \"JAP_TOTAL_MARKET_STOCKS\": 0.0, \"ASIA_EXJAP_TOTAL_MARKET_STOCKS\": 0.0, \"EMERGING_MARKETS_BONDS\": 0.0, \"EUR_TOTAL_MARKET_BONDS\": 0.0324, \"INTERNATIONAL_BONDS\": 0.0, \"UK_TOTAL_MARKET_STOCKS\": 0.0, \"GLOBAL_MARKETS_STOCKS\": 0.0, \"US_TOTAL_MARKET_BONDS\": 0.0, \"AUS_HIGH_YIELD_STOCKS\": 0.0, \"AUS_MUNICIPAL_BONDS\": 0.0, \"INFLATION_PROTECTED_BONDS\": 0.0, \"AUS_LARGE_CAP_VALUE_STOCKS\": 0.1918, \"AUS_GOVT_BONDS\": 0.0, \"EUR_TOTAL_MARKET_STOCKS\": 0.71, \"AUS_CORPORATE_BONDS\": 0.0, \"CN_TOTAL_MARKET_STOCKS\": 0.0, \"EMERGING_MARKETS_STOCKS\": 0.0, \"AUS_TOTAL_MARKET_STOCKS\": 0.0582}", "expected_return": 2.19}, "pk": 7637, "model": "portfolios.portfoliobyrisk"}, {"fields": {"volatility": 10.8719, "risk": 0.97, "portfolio_set": 1, "allocations": "{\"UK_TOTAL_MARKET_BONDS\": 0.03, \"CN_TOTAL_MARKET_BONDS\": 0.0, \"AUS_SMALL_CAP_VALUE_STOCKS\": 0.0, \"ASIA_EXJAP_TOTAL_MARKET_BONDS\": 0.0, \"US_TOTAL_MARKET_STOCKS\": 0.0, \"JAP_TOTAL_MARKET_STOCKS\": 0.0, \"ASIA_EXJAP_TOTAL_MARKET_STOCKS\": 0.0, \"EMERGING_MARKETS_BONDS\": 0.0, \"EUR_TOTAL_MARKET_BONDS\": 0.0, \"INTERNATIONAL_BONDS\": 0.0, \"UK_TOTAL_MARKET_STOCKS\": 0.0, \"GLOBAL_MARKETS_STOCKS\": 0.0, \"US_TOTAL_MARKET_BONDS\": 0.0, \"AUS_HIGH_YIELD_STOCKS\": 0.0, \"AUS_MUNICIPAL_BONDS\": 0.0, \"INFLATION_PROTECTED_BONDS\": 0.0, \"AUS_LARGE_CAP_VALUE_STOCKS\": 0.25, \"AUS_GOVT_BONDS\": 0.0, \"EUR_TOTAL_MARKET_STOCKS\": 0.72, \"AUS_CORPORATE_BONDS\": 0.0, \"CN_TOTAL_MARKET_STOCKS\": 0.0, \"EMERGING_MARKETS_STOCKS\": 0.0, \"AUS_TOTAL_MARKET_STOCKS\": 0.0}", "expected_return": 2.37}, "pk": 7638, "model": "portfolios.portfoliobyrisk"}, {"fields": {"volatility": 11.0072, "risk": 0.98, "portfolio_set": 1, "allocations": "{\"UK_TOTAL_MARKET_BONDS\": 0.02, \"CN_TOTAL_MARKET_BONDS\": 0.0, \"AUS_SMALL_CAP_VALUE_STOCKS\": 0.0, \"ASIA_EXJAP_TOTAL_MARKET_BONDS\": 0.0, \"US_TOTAL_MARKET_STOCKS\": 0.0, \"JAP_TOTAL_MARKET_STOCKS\": 0.0, \"ASIA_EXJAP_TOTAL_MARKET_STOCKS\": 0.0, \"EMERGING_MARKETS_BONDS\": 0.0, \"EUR_TOTAL_MARKET_BONDS\": 0.0, \"INTERNATIONAL_BONDS\": 0.0, \"UK_TOTAL_MARKET_STOCKS\": 0.0, \"GLOBAL_MARKETS_STOCKS\": 0.0, \"US_TOTAL_MARKET_BONDS\": 0.0, \"AUS_HIGH_YIELD_STOCKS\": 0.0, \"AUS_MUNICIPAL_BONDS\": 0.0, \"INFLATION_PROTECTED_BONDS\": 0.0, \"AUS_LARGE_CAP_VALUE_STOCKS\": 0.25, \"AUS_GOVT_BONDS\": 0.0, \"EUR_TOTAL_MARKET_STOCKS\": 0.73, \"AUS_CORPORATE_BONDS\": 0.0, \"CN_TOTAL_MARKET_STOCKS\": 0.0, \"EMERGING_MARKETS_STOCKS\": 0.0, \"AUS_TOTAL_MARKET_STOCKS\": 0.0}", "expected_return": 2.59}, "pk": 7639, "model": "portfolios.portfoliobyrisk"}, {"fields": {"volatility": 11.0954, "risk": 0.99, "portfolio_set": 1, "allocations": "{\"UK_TOTAL_MARKET_BONDS\": 0.0, \"CN_TOTAL_MARKET_BONDS\": 0.0, \"AUS_SMALL_CAP_VALUE_STOCKS\": 0.0, \"ASIA_EXJAP_TOTAL_MARKET_BONDS\": 0.0, \"US_TOTAL_MARKET_STOCKS\": 0.0, \"JAP_TOTAL_MARKET_STOCKS\": 0.0, \"ASIA_EXJAP_TOTAL_MARKET_STOCKS\": 0.0, \"EMERGING_MARKETS_BONDS\": 0.0, \"EUR_TOTAL_MARKET_BONDS\": 0.0, \"INTERNATIONAL_BONDS\": 0.0, \"UK_TOTAL_MARKET_STOCKS\": 0.0, \"GLOBAL_MARKETS_STOCKS\": 0.0, \"US_TOTAL_MARKET_BONDS\": 0.0, \"AUS_HIGH_YIELD_STOCKS\": 0.0, \"AUS_MUNICIPAL_BONDS\": 0.0, \"INFLATION_PROTECTED_BONDS\": 0.0, \"AUS_LARGE_CAP_VALUE_STOCKS\": 0.24, \"AUS_GOVT_BONDS\": 0.0, \"EUR_TOTAL_MARKET_STOCKS\": 0.75, \"AUS_CORPORATE_BONDS\": 0.01, \"CN_TOTAL_MARKET_STOCKS\": 0.0, \"EMERGING_MARKETS_STOCKS\": 0.0, \"AUS_TOTAL_MARKET_STOCKS\": 0.0}", "expected_return": 2.43}, "pk": 7640, "model": "portfolios.portfoliobyrisk"}, {"fields": {"volatility": 11.2417, "risk": 1.0, "portfolio_set": 1, "allocations": "{\"UK_TOTAL_MARKET_BONDS\": 0.0, \"CN_TOTAL_MARKET_BONDS\": 0.0, \"AUS_SMALL_CAP_VALUE_STOCKS\": 0.0, \"ASIA_EXJAP_TOTAL_MARKET_BONDS\": 0.0, \"US_TOTAL_MARKET_STOCKS\": 0.0, \"JAP_TOTAL_MARKET_STOCKS\": 0.0, \"ASIA_EXJAP_TOTAL_MARKET_STOCKS\": 0.0, \"EMERGING_MARKETS_BONDS\": 0.0, \"EUR_TOTAL_MARKET_BONDS\": 0.0, \"INTERNATIONAL_BONDS\": 0.0, \"UK_TOTAL_MARKET_STOCKS\": 0.0, \"GLOBAL_MARKETS_STOCKS\": 0.0, \"US_TOTAL_MARKET_BONDS\": 0.0, \"AUS_HIGH_YIELD_STOCKS\": 0.0, \"AUS_MUNICIPAL_BONDS\": 0.0, \"INFLATION_PROTECTED_BONDS\": 0.0, \"AUS_LARGE_CAP_VALUE_STOCKS\": 0.25, \"AUS_GOVT_BONDS\": 0.0, \"EUR_TOTAL_MARKET_STOCKS\": 0.75, \"AUS_CORPORATE_BONDS\": 0.0, \"CN_TOTAL_MARKET_STOCKS\": 0.0, \"EMERGING_MARKETS_STOCKS\": 0.0, \"AUS_TOTAL_MARKET_STOCKS\": 0.0}", "expected_return": 2.73}, "pk": 7641, "model": "portfolios.portfoliobyrisk"}, {"fields": {"portfolio_set": 1, "q": 0.01, "assets": "VAS, ILB\r\n1, -1"}, "pk": 1, "model": "portfolios.view"}, {"fields": {"portfolio_set": 1, "q": 0.01, "assets": "VAS, VHY\r\n1, -1"}, "pk": 3, "model": "portfolios.view"}, {"fields": {"portfolio_set": 1, "q": 0.01, "assets": "VAS, RGB\r\n1, -1"}, "pk": 4, "model": "portfolios.view"}, {"fields": {"portfolio_set": 1, "q": 0.01, "assets": "VLC, VGS\r\n1, -1"}, "pk": 5, "model": "portfolios.view"}, {"fields": {"portfolio_set": 1, "q": 0.01, "assets": "VTS, VAS\r\n-1, 1"}, "pk": 6, "model": "portfolios.view"}, {"fields": {"first_name": "cristian", "user_permissions": [], "last_login": "2015-09-14T08:55:43.935Z", "username": "criloz", "middle_name": "", "is_superuser": true, "is_active": true, "email": "criscalovis@gmail.com", "last_name": "lozano", "groups": [], "password": "pbkdf2_sha256$20000$UWhfnhzn9qYn$624ImfWoaOkkqloUAU3xcyOMwwEHdtU42j1gIWZ/CDQ=", "date_joined": "2015-08-31T22:52:32.864Z", "is_staff": true}, "pk": 1, "model": "main.user"}, {"fields": {"first_name": "Alberto", "user_permissions": [], "last_login": "2015-09-02T10:58:00.493Z", "username": "", "middle_name": "N", "is_superuser": false, "is_active": true, "email": "criscalovis@hotmail.com", "last_name": "Santos", "groups": [], "password": "pbkdf2_sha256$20000$s4CrKBiiuwAr$0x90N7nE0qJC8pFEmUi+Ah+0nQvh/qov26PQv7ZiOqc=", "date_joined": "2015-09-02T10:45:08.785Z", "is_staff": false}, "pk": 2, "model": "main.user"}, {"fields": {"first_name": "demo", "user_permissions": [], "last_login": "2015-09-14T14:03:14.421Z", "username": "", "middle_name": "", "is_superuser": false, "is_active": true, "email": "advisor@example.org", "last_name": "advisor", "groups": [], "password": "pbkdf2_sha256$20000$s4CrKBiiuwAr$0x90N7nE0qJC8pFEmUi+Ah+0nQvh/qov26PQv7ZiOqc=", "date_joined": "2015-09-02T15:08:53Z", "is_staff": false}, "pk": 3, "model": "main.user"}, {"fields": {"first_name": "Rhonda", "user_permissions": [], "last_login": "2015-09-13T13:20:06.919Z", "username": "", "middle_name": "", "is_superuser": false, "is_active": true, "email": "20825@example.com", "last_name": "Pearlman", "groups": [], "password": "", "date_joined": "2015-09-02T18:07:41Z", "is_staff": false}, "pk": 4, "model": "main.user"}, {"fields": {"first_name": "John", "user_permissions": [], "last_login": null, "username": "", "middle_name": "", "is_superuser": false, "is_active": true, "email": "6587@demo.org", "last_name": "Adams", "groups": [], "password": "", "date_joined": "2015-09-03T03:43:15Z", "is_staff": false}, "pk": 5, "model": "main.user"}, {"fields": {"first_name": "Barack", "user_permissions": [], "last_login": "2015-09-14T14:41:55.147Z", "username": "", "middle_name": "", "is_superuser": false, "is_active": true, "email": "obama@demo.org", "last_name": "Obama", "groups": [], "password": "", "date_joined": "2015-09-03T11:16:36Z", "is_staff": false}, "pk": 6, "model": "main.user"}, {"fields": {"first_name": "advisor 2", "user_permissions": [], "last_login": "2015-09-06T22:54:43.610Z", "username": "", "middle_name": "", "is_superuser": false, "is_active": true, "email": "advisor2@example.org", "last_name": "demo", "groups": [], "password": "pbkdf2_sha256$20000$s4CrKBiiuwAr$0x90N7nE0qJC8pFEmUi+Ah+0nQvh/qov26PQv7ZiOqc=", "date_joined": "2015-09-04T08:10:59Z", "is_staff": false}, "pk": 7, "model": "main.user"}, {"fields": {"first_name": "advisor 3", "user_permissions": [], "last_login": null, "username": "", "middle_name": "", "is_superuser": false, "is_active": true, "email": "advisor3@example.org", "last_name": "demo", "groups": [], "password": "", "date_joined": "2015-09-04T08:21:43Z", "is_staff": false}, "pk": 8, "model": "main.user"}, {"fields": {"first_name": "admin", "user_permissions": [], "last_login": null, "username": "", "middle_name": "", "is_superuser": false, "is_active": true, "email": "admin@demo.com", "last_name": "demo", "groups": [], "password": "pbkdf2_sha256$20000$33u3rIEY1z7M$tGR1g3rnnc2fO1xzMl1Q5uHkuwQ5DKH2sY6b8VEWpyk=", "date_joined": "2015-09-07T07:29:19Z", "is_staff": false}, "pk": 9, "model": "main.user"}, {"fields": {"security_answer_2": "ccc", "letter_of_authority": "./Change-of-Dealer-Group-form.pdf", "user": 3, "firm": 1, "security_answer_1": "aaa", "gender": "Male", "date_of_birth": "1987-10-15", "is_confirmed": true, "betasmartz_agreement": true, "security_question_2": "What is your oldest sibling's birth month?", "medicare_number": "121646a", "post_code": "1259", "token": "12d8b193-0835-40b9-baa5-01f9a668b434", "state": "NT", "confirmation_key": null, "address_line_1": "Kr 55 No 5-41", "address_line_2": "", "security_question_1": "What was the name of your elementary school?", "city": "Secret", "is_accepted": true, "phone_number": "1234567891"}, "pk": 1, "model": "main.advisor"}, {"fields": {"security_answer_2": "hoho", "letter_of_authority": "./pgadmin_ggskSUU.log", "user": 7, "firm": 1, "security_answer_1": "hoho", "gender": "Male", "date_of_birth": "1957-09-04", "is_confirmed": true, "betasmartz_agreement": true, "security_question_2": "What is your oldest sibling's birth month?", "medicare_number": "2583694", "post_code": "3658", "token": null, "state": "NSW", "confirmation_key": null, "address_line_1": "WXYZ", "address_line_2": "PLDE", "security_question_1": "What was the name of your elementary school?", "city": "Ft. lorenzo", "is_accepted": true, "phone_number": "4582356871"}, "pk": 2, "model": "main.advisor"}, {"fields": {"security_answer_2": "mmmm", "letter_of_authority": "./pgadmin_gnUq2VU.log", "user": 8, "firm": 1, "security_answer_1": "mmmm", "gender": "Male", "date_of_birth": "1975-09-04", "is_confirmed": true, "betasmartz_agreement": true, "security_question_2": "In what city did your mother and father meet?", "medicare_number": "55454596", "post_code": "2569", "token": null, "state": "NT", "confirmation_key": null, "address_line_1": "lkj", "address_line_2": "bng", "security_question_1": "What was the name of your favorite childhood friend?", "city": "jjj", "is_accepted": false, "phone_number": "3214569875"}, "pk": 3, "model": "main.advisor"}, {"fields": {"secondary_advisors": [], "security_answer_1": "aaa", "gender": "Male", "is_confirmed": true, "tax_file_number": "656566", "security_answer_2": "ccc", "security_question_2": "What street did you live on in third grade?", "address_line_2": "apt 01", "client_agreement": "./pgadmin.log", "security_question_1": "What was the name of your elementary school?", "post_code": "1259", "user": 4, "date_of_birth": "1975-09-02", "is_accepted": true, "advisor": 1, "provide_tfn": 0, "state": "SA", "confirmation_key": null, "associated_to_broker_dealer": false, "create_date": "2015-09-03T00:00:00Z", "address_line_1": "Kr 55 No 5-41", "ten_percent_insider": false, "city": "ACK", "phone_number": "9874563248"}, "pk": 1, "model": "main.client"}, {"fields": {"secondary_advisors": [], "security_answer_1": "pld", "gender": "Male", "is_confirmed": true, "tax_file_number": "441513", "security_answer_2": "zxy", "security_question_2": "What street did you live on in third grade?", "address_line_2": "tbd", "client_agreement": "./Change-of-Dealer-Group-form_byjTfb5.pdf", "security_question_1": "What was the name of your elementary school?", "post_code": "8564", "user": 5, "date_of_birth": "1985-09-02", "is_accepted": true, "advisor": 1, "provide_tfn": 0, "state": "NSW", "confirmation_key": null, "associated_to_broker_dealer": false, "create_date": "2015-09-03T00:00:00Z", "address_line_1": "abc", "ten_percent_insider": false, "city": "aaa", "phone_number": "6549871236"}, "pk": 2, "model": "main.client"}, {"fields": {"secondary_advisors": [], "security_answer_1": "232323", "gender": "Male", "is_confirmed": true, "tax_file_number": "85755", "security_answer_2": "00330", "security_question_2": "What street did you live on in third grade?", "address_line_2": "xwx", "client_agreement": "./pgadmin_bsHD0jP.log", "security_question_1": "What was the name of your favorite childhood friend?", "post_code": "6339", "user": 6, "date_of_birth": "1972-09-22", "is_accepted": true, "advisor": 1, "provide_tfn": 0, "state": "SA", "confirmation_key": null, "associated_to_broker_dealer": false, "create_date": "2015-09-03T11:18:40.686Z", "address_line_1": "xyz", "ten_percent_insider": false, "city": "aaaa", "phone_number": "1234567893"}, "pk": 3, "model": "main.client"}]