[{"model": "main.user", "fields": {"username": "criloz", "password": "pbkdf2_sha256$20000$UWhfnhzn9qYn$624ImfWoaOkkqloUAU3xcyOMwwEHdtU42j1gIWZ/CDQ=", "is_staff": true, "first_name": "cristian", "middle_name": "", "email": "criscalovis@gmail.com", "is_active": true, "date_joined": "2015-08-31T22:52:32.864Z", "last_login": "2015-09-14T08:55:43.935Z", "is_superuser": true, "groups": [], "user_permissions": [], "last_name": "lozano"}, "pk": 1}, {"model": "main.user", "fields": {"username": "", "password": "pbkdf2_sha256$20000$s4CrKBiiuwAr$0x90N7nE0qJC8pFEmUi+Ah+0nQvh/qov26PQv7ZiOqc=", "is_staff": false, "first_name": "Alberto", "middle_name": "N", "email": "criscalovis@hotmail.com", "is_active": true, "date_joined": "2015-09-02T10:45:08.785Z", "last_login": "2015-09-02T10:58:00.493Z", "is_superuser": false, "groups": [], "user_permissions": [], "last_name": "Santos"}, "pk": 2}, {"model": "main.user", "fields": {"username": "", "password": "pbkdf2_sha256$20000$s4CrKBiiuwAr$0x90N7nE0qJC8pFEmUi+Ah+0nQvh/qov26PQv7ZiOqc=", "is_staff": false, "first_name": "demo", "middle_name": "", "email": "advisor@example.org", "is_active": true, "date_joined": "2015-09-02T15:08:53Z", "last_login": "2015-09-14T15:04:09.756Z", "is_superuser": false, "groups": [], "user_permissions": [], "last_name": "advisor"}, "pk": 3}, {"model": "main.user", "fields": {"username": "", "password": "", "is_staff": false, "first_name": "Rhonda", "middle_name": "", "email": "20825@example.com", "is_active": true, "date_joined": "2015-09-02T18:07:41Z", "last_login": "2015-09-13T13:20:06.919Z", "is_superuser": false, "groups": [], "user_permissions": [], "last_name": "Pearlman"}, "pk": 4}, {"model": "main.user", "fields": {"username": "", "password": "", "is_staff": false, "first_name": "John", "middle_name": "", "email": "6587@demo.org", "is_active": true, "date_joined": "2015-09-03T03:43:15Z", "last_login": null, "is_superuser": false, "groups": [], "user_permissions": [], "last_name": "Adams"}, "pk": 5}, {"model": "main.user", "fields": {"username": "", "password": "", "is_staff": false, "first_name": "Barack", "middle_name": "", "email": "obama@demo.org", "is_active": true, "date_joined": "2015-09-03T11:16:36Z", "last_login": "2015-09-14T14:41:55.147Z", "is_superuser": false, "groups": [], "user_permissions": [], "last_name": "Obama"}, "pk": 6}, {"model": "main.user", "fields": {"username": "", "password": "pbkdf2_sha256$20000$s4CrKBiiuwAr$0x90N7nE0qJC8pFEmUi+Ah+0nQvh/qov26PQv7ZiOqc=", "is_staff": false, "first_name": "advisor 2", "middle_name": "", "email": "advisor2@example.org", "is_active": true, "date_joined": "2015-09-04T08:10:59Z", "last_login": "2015-09-06T22:54:43.610Z", "is_superuser": false, "groups": [], "user_permissions": [], "last_name": "demo"}, "pk": 7}, {"model": "main.user", "fields": {"username": "", "password": "", "is_staff": false, "first_name": "advisor 3", "middle_name": "", "email": "advisor3@example.org", "is_active": true, "date_joined": "2015-09-04T08:21:43Z", "last_login": null, "is_superuser": false, "groups": [], "user_permissions": [], "last_name": "demo"}, "pk": 8}, {"model": "main.user", "fields": {"username": "", "password": "pbkdf2_sha256$20000$33u3rIEY1z7M$tGR1g3rnnc2fO1xzMl1Q5uHkuwQ5DKH2sY6b8VEWpyk=", "is_staff": false, "first_name": "admin", "middle_name": "", "email": "admin@demo.com", "is_active": true, "date_joined": "2015-09-07T07:29:19Z", "last_login": null, "is_superuser": false, "groups": [], "user_permissions": [], "last_name": "demo"}, "pk": 9}, {"model": "main.firm", "fields": {"knocked_out_logo_url": "./MSA_Logo.png", "form_adv_part2_url": "", "slug": "cristian-advisors", "token": "7b5e7cae-951d-4a43-aa37-7fbef39b0656", "logo_url": "", "dealer_group_number": "", "client_agreement_url": "./pgadmin_yxCqN9n.log", "fee": 0, "name": "Cristian Advisors"}, "pk": 1}, {"model": "main.firm", "fields": {"knocked_out_logo_url": "", "form_adv_part2_url": "", "slug": "bancolombia", "token": "c4305001-dab3-4185-9def-32aca6e99e2c", "logo_url": "", "dealer_group_number": "", "client_agreement_url": "", "fee": 0, "name": "Bancolombia"}, "pk": 2}, {"model": "main.firmdata", "fields": {"fee_bank_account_bsb_number": "sdfsd", "postal_address_line_2": "lokjlk", "afsl_asic_document": "./Compa\u00f1\u00eda_de_Financiamiento_Tuya_S_ix37QXO.pdf", "same_address": false, "daytime_phone_number": "2365896574", "alternate_email_address": "criscalovis@gmail.com", "office_post_code": "4454", "afsl_asic": "546546446", "postal_post_code": "2512", "australian_business_number": "dsfsdfsdfsdfsd", "postal_address_line_1": "Kr 55 No 5-41", "fee_bank_account_holder_name": "fsdfdsfsdfds", "postal_state": "NSW", "last_change": "2015-09-01", "office_state": "NSW", "postal_city": "Medellin", "firm": 2, "office_address_line_1": "Kr 55 No 5-41", "office_city": "Medellin", "office_address_line_2": "sadfsdsdf", "mobile_phone_number": "2365896574", "fee_bank_account_name": "Cristian Lozano", "fee_bank_account_branch_name": "54545", "fax_number": "2365896574", "fee_bank_account_number": "54164164"}, "pk": 1}, {"model": "main.advisor", "fields": {"address_line_2": "", "is_confirmed": true, "token": "12d8b193-0835-40b9-baa5-01f9a668b434", "is_accepted": true, "phone_number": "1234567891", "firm": 1, "betasmartz_agreement": true, "date_of_birth": "1987-10-15", "letter_of_authority": "./Change-of-Dealer-Group-form.pdf", "user": 3, "gender": "Male", "security_question_1": "What was the name of your elementary school?", "medicare_number": "121646a", "post_code": "1259", "security_question_2": "What is your oldest sibling's birth month?", "security_answer_1": "aaa", "city": "Secret", "security_answer_2": "ccc", "state": "NT", "address_line_1": "Kr 55 No 5-41", "confirmation_key": null}, "pk": 1}, {"model": "main.advisor", "fields": {"address_line_2": "PLDE", "is_confirmed": true, "token": null, "is_accepted": true, "phone_number": "4582356871", "firm": 1, "betasmartz_agreement": true, "date_of_birth": "1957-09-04", "letter_of_authority": "./pgadmin_ggskSUU.log", "user": 7, "gender": "Male", "security_question_1": "What was the name of your elementary school?", "medicare_number": "2583694", "post_code": "3658", "security_question_2": "What is your oldest sibling's birth month?", "security_answer_1": "hoho", "city": "Ft. lorenzo", "security_answer_2": "hoho", "state": "NSW", "address_line_1": "WXYZ", "confirmation_key": null}, "pk": 2}, {"model": "main.advisor", "fields": {"address_line_2": "bng", "is_confirmed": true, "token": null, "is_accepted": false, "phone_number": "3214569875", "firm": 1, "betasmartz_agreement": true, "date_of_birth": "1975-09-04", "letter_of_authority": "./pgadmin_gnUq2VU.log", "user": 8, "gender": "Male", "security_question_1": "What was the name of your favorite childhood friend?", "medicare_number": "55454596", "post_code": "2569", "security_question_2": "In what city did your mother and father meet?", "security_answer_1": "mmmm", "city": "jjj", "security_answer_2": "mmmm", "state": "NT", "address_line_1": "lkj", "confirmation_key": null}, "pk": 3}, {"model": "main.accountgroup", "fields": {"secondary_advisors": [], "advisor": 1, "name": "new household"}, "pk": 7}, {"model": "main.accountgroup", "fields": {"secondary_advisors": [], "advisor": 1, "name": "Rhonda Pearlman edition"}, "pk": 8}, {"model": "main.clientaccount", "fields": {"account_group": 8, "account_type": "1", "created_at": "2015-09-04T10:57:57.210Z", "custom_fee": 0, "primary_owner": 1}, "pk": 5}, {"model": "main.clientaccount", "fields": {"account_group": 7, "account_type": "PERSONAL", "created_at": "2015-09-04T10:57:57.210Z", "custom_fee": 33, "primary_owner": 3}, "pk": 6}, {"model": "main.client", "fields": {"address_line_2": "apt 01", "create_date": "2015-09-03T00:00:00Z", "is_accepted": true, "phone_number": "9874563248", "secondary_advisors": [], "date_of_birth": "1975-09-02", "gender": "Male", "security_question_1": "What was the name of your elementary school?", "post_code": "1259", "user": 4, "associated_to_broker_dealer": false, "security_answer_2": "ccc", "address_line_1": "Kr 55 No 5-41", "confirmation_key": null, "state": "SA", "tax_file_number": "656566", "is_confirmed": true, "security_answer_1": "aaa", "client_agreement": "./pgadmin.log", "provide_tfn": 0, "ten_percent_insider": false, "security_question_2": "What street did you live on in third grade?", "city": "ACK", "advisor": 1}, "pk": 1}, {"model": "main.client", "fields": {"address_line_2": "tbd", "create_date": "2015-09-03T00:00:00Z", "is_accepted": true, "phone_number": "6549871236", "secondary_advisors": [], "date_of_birth": "1985-09-02", "gender": "Male", "security_question_1": "What was the name of your elementary school?", "post_code": "8564", "user": 5, "associated_to_broker_dealer": false, "security_answer_2": "zxy", "address_line_1": "abc", "confirmation_key": null, "state": "NSW", "tax_file_number": "441513", "is_confirmed": true, "security_answer_1": "pld", "client_agreement": "./Change-of-Dealer-Group-form_byjTfb5.pdf", "provide_tfn": 0, "ten_percent_insider": false, "security_question_2": "What street did you live on in third grade?", "city": "aaa", "advisor": 1}, "pk": 2}, {"model": "main.client", "fields": {"address_line_2": "xwx", "create_date": "2015-09-03T11:18:40.686Z", "is_accepted": true, "phone_number": "1234567893", "secondary_advisors": [], "date_of_birth": "1972-09-22", "gender": "Male", "security_question_1": "What was the name of your favorite childhood friend?", "post_code": "6339", "user": 6, "associated_to_broker_dealer": false, "security_answer_2": "00330", "address_line_1": "xyz", "confirmation_key": null, "state": "SA", "tax_file_number": "85755", "is_confirmed": true, "security_answer_1": "232323", "client_agreement": "./pgadmin_bsHD0jP.log", "provide_tfn": 0, "ten_percent_insider": false, "security_question_2": "What street did you live on in third grade?", "city": "aaaa", "advisor": 1}, "pk": 3}, {"model": "main.assetclass", "fields": {"super_asset_class": "EQUITY_AU", "foreground_color": "#FFFFFF", "display_name": "Australian Small-Cap Value", "asset_class_explanation": "Australian Small-Cap Value stocks overlap with the Australian Total Stock Market, but are included to tilt the portfolio towards small size companies with generally low price-to-earnings ratios. Value-tilting has historically showed good results, and it in general increases the portfolio's dividend yield.", "drift_color": "#B9D0A5", "primary_color": "#50891E", "investment_type": "STOCKS", "tickers_explanation": "VSO, ISO, and SSO are highly correlated options to gain Australian Small-Cap Value stock exposure. VSO is our primary choice with its low expenses and large asset base.", "name": "AUS_SMALL_CAP_VALUE_STOCKS", "display_order": 2}, "pk": 1}, {"model": "main.assetclass", "fields": {"super_asset_class": "EQUITY_AU", "foreground_color": "#FFFFFF", "display_name": "Australian High Yield Corporate", "asset_class_explanation": "Australian High Yield Stocks overlap with the Australian Total Stock Market, but are included to tilt the portfolio towards companies with higher forecast dividends relative to other companies. Value-tilting has historically showed good results, and generally increases the portfolio's dividend yield.", "drift_color": "#9ABE9F", "primary_color": "#035D0E", "investment_type": "STOCKS", "tickers_explanation": "VHY, RDV, YMAX, SYI, RVL and IHD are all dependable avenues to gain exposure to Australian High Yield Stocks. VHY is our primary choice with its tight bid-ask spread and a low expense ratio.", "name": "AUS_HIGH_YIELD_STOCKS", "display_order": 3}, "pk": 2}, {"model": "main.assetclass", "fields": {"super_asset_class": "EQUITY_INT", "foreground_color": "#FFFFFF", "display_name": "Global Markets", "asset_class_explanation": "Global Markets stocks provide exposure to a diverse set of companies from international developed economies including the US, UK, Europe, Japan, and others, excluding Australia. It reflects global risk/return and has lower correlations to the Australian market.", "drift_color": "#B34D4D", "primary_color": "#AD0000", "investment_type": "STOCKS", "tickers_explanation": "VGS and IOO are both dependable avenues to gain exposure to Global Market stocks. VGS is our primary choice with its tight bid-ask spread and a low expense ratio.", "name": "GLOBAL_MARKETS_STOCKS", "display_order": 4}, "pk": 3}, {"model": "main.assetclass", "fields": {"super_asset_class": "FIXED_INCOME_AU", "foreground_color": "#FFFFFF", "display_name": "Australian Government Bonds", "asset_class_explanation": "Australian Government Bonds are an extremely low-risk asset class as a cash alternative that generates nominal benefit through interest payments, and de-risks the portfolio at safer allocations.", "drift_color": "#EFF7FF", "primary_color": "#D6EBFF", "investment_type": "BONDS", "tickers_explanation": "RGB, GOVT, VGB and IGB offer broad exposure to the Australian Government Bond market. RGB is our primary choice due to its low expense ratio and high liquidity.", "name": "AUS_GOVT_BONDS", "display_order": 13}, "pk": 4}, {"model": "main.assetclass", "fields": {"super_asset_class": "FIXED_INCOME_AU", "foreground_color": "#FFFFFF", "display_name": "Australian Corporate Bonds", "asset_class_explanation": "Australian Corporate Bonds are issued by corporations to finance business activities. Corporate bonds generally offer much more attractive yields and opportunity for capital appreciation to compensate investors for default risk. They also diversify the fixed-income portfolio, resulting in higher risk-adjusted returns.", "drift_color": "#B3D7FB", "primary_color": "#409BF6", "investment_type": "BONDS", "tickers_explanation": "BOND, IAF, and RCB provide portfolio exposure to the Australian Corporate Bond market. BOND's tight bid-ask spread and stronger asset base make it our primary choice.", "name": "AUS_CORPORATE_BONDS", "display_order": 12}, "pk": 5}, {"model": "main.assetclass", "fields": {"super_asset_class": "EQUITY_AU", "foreground_color": "#FFFFFF", "display_name": "Australian Total Stock Market", "asset_class_explanation": "Australian Total Stock Market contains broad exposure to the entire Australian stock market, including growth and value companies of small, mid and large capitalizations. This asset class allows participation in the historically strong long-term growth of the Australian economy.", "drift_color": "#E4F5C9", "primary_color": "#BCE577", "investment_type": "STOCKS", "tickers_explanation": "VAS, STW, and QOZ all offer exposure to the entire Australian Stock market and are highly correlated. They all have very low expense ratios. VAS has high liquidity and small bid-ask spreads so it is our primary choice.", "name": "AUS_TOTAL_MARKET_STOCKS", "display_order": 0}, "pk": 6}, {"model": "main.assetclass", "fields": {"super_asset_class": "FIXED_INCOME_AU", "foreground_color": "#FFFFFF", "display_name": "Australian Government Inflation", "asset_class_explanation": "Australian Government Inflation includes Australian Government Bonds issued by the Australian Commonwealth Government and Australian State-Governments which are supposed to provide a hedge against inflation. This allocation serves to insulate a part of the portfolio from the depreciating effects of inflation while also having historically relatively low correlation with other asset classes.", "drift_color": "#DEEFFF", "primary_color": "#ADD6FF", "investment_type": "BONDS", "tickers_explanation": "ILB is the only offering to have a broad representation of Australian Government Inflation and has a low expense ratio.", "name": "INFLATION_PROTECTED_BONDS", "display_order": 14}, "pk": 7}, {"model": "main.assetclass", "fields": {"super_asset_class": "FIXED_INCOME_INT", "foreground_color": "#FFFFFF", "display_name": "International Bonds", "asset_class_explanation": "International Bonds are issued by non-Australian developed and emerging market governments, semi-governments and corporates. They have high credit quality and provide interest rate diversification for a bond portfolio, generally resulting in higher risk-adjusted returns.", "drift_color": "#E3CAAA", "primary_color": "#B86200", "investment_type": "BONDS", "tickers_explanation": "RIGS (NYSE) provides exposure to the whole international fixed-income market. It carries a competitive expense ratio and robust asset base.", "name": "INTERNATIONAL_BONDS", "display_order": 16}, "pk": 8}, {"model": "main.assetclass", "fields": {"super_asset_class": "EQUITY_AU", "foreground_color": "#FFFFFF", "display_name": "Australian Large-Cap Value", "asset_class_explanation": "Australian Large-Cap Value stocks overlap with the Australian Total Stock Market, but are included to tilt the portfolio toward large size companies with generally low price-to-earnings ratios. Value-tilting has historically showed good performance, and also in general increases the portfolio's dividend yield.", "drift_color": "#D5EDC1", "primary_color": "#96D363", "investment_type": "STOCKS", "tickers_explanation": "VLC, ILC and SFY all offer broad Australian Large-Cap Value Stock exposure and are highly correlated. VLC and ILC have the lowest expense ratios. VLC is our primary choice due to its high liquidity.", "name": "AUS_LARGE_CAP_VALUE_STOCKS", "display_order": 1}, "pk": 9}, {"model": "main.assetclass", "fields": {"super_asset_class": "FIXED_INCOME_AU", "foreground_color": "#FFFFFF", "display_name": "Australian Semi-Government Bonds", "asset_class_explanation": "Australian Semi-Government Bonds are issue by State Government, State Treasury Corporations and Municipalities to finance capital expenditures. While Semi-Government Bond credit risk is slightly higher than Australian Government Bonds, it is still quite low and makes them an excellent addition to portfolios.", "drift_color": "#DAEDFF", "primary_color": "#8BC5FF", "investment_type": "BONDS", "tickers_explanation": "RSM offers broad exposure to the Australian Semi-Government Bond market. RSM is our primary choice due to its low expense ratio and high liquidity.", "name": "AUS_MUNICIPAL_BONDS", "display_order": 15}, "pk": 10}, {"model": "main.assetclass", "fields": {"super_asset_class": "EQUITY_US", "foreground_color": "#FFFFFF", "display_name": "US Total Stock Market", "asset_class_explanation": "US Total Stock Market contains broad exposure to the entire US stock market, including growth and value companies of small, mid and large capitalizations. This asset class allows participation in the historically strong long-term growth of the US economy.", "drift_color": "#B34646", "primary_color": "#870F0F", "investment_type": "STOCKS", "tickers_explanation": "VTS, VTI:NY, SCHB:NY, and ITOT:NY all offer exposure to the entire US Stock market and are highly correlated. They all have very low expense ratios. VTS offers exposure in Australian Dollars. It has a very low expense ratio, high liquidity and small bid-ask spreads so it is our primary choice.", "name": "US_TOTAL_MARKET_STOCKS", "display_order": 5}, "pk": 11}, {"model": "main.assetclass", "fields": {"super_asset_class": "FIXED_INCOME_US", "foreground_color": "#FFFFFF", "display_name": "US Total Bond Market", "asset_class_explanation": "US Total Bond Market contains broad exposure to the entire US dollar denominated bonds market, including government and corporate issued bonds that are rated either investment grade or high-yield. Corporate bonds generally offer much more attractive yields and opportunity for capital appreciation to compensate investors for default risk while government bonds are an extremely low-risk asset class as a cash alternative that generates nominal benefit through interest payments.", "drift_color": "#DEB78A", "primary_color": "#BD6640", "investment_type": "BONDS", "tickers_explanation": "IUSB:NY provides portfolio exposure to the US dollar-denominated bond market and provides access to potentially higher yielding bond categories not included in a US aggregate bond ETF making it our primary choice.", "name": "US_TOTAL_MARKET_BONDS", "display_order": 17}, "pk": 12}, {"model": "main.assetclass", "fields": {"super_asset_class": "EQUITY_UK", "foreground_color": "#FFFFFF", "display_name": "UK Total Stock Market", "asset_class_explanation": "UK Total Stock Market contains broad exposure to the entire UK stock market, including growth and value companies of small, mid and large capitalizations. This asset class allows participation in the historically strong long-term growth of the UK economy.", "drift_color": "#BF6F6F", "primary_color": "#BF3F3F", "investment_type": "STOCKS", "tickers_explanation": "FTAL:L offers exposure to the entire UK Stock market. It has a very low expense ratio, high liquidity and small bid-ask spreads so it is our primary choice.", "name": "UK_TOTAL_MARKET_STOCKS", "display_order": 6}, "pk": 13}, {"model": "main.assetclass", "fields": {"super_asset_class": "FIXED_INCOME_UK", "foreground_color": "#FFFFFF", "display_name": "UK Total Bond Market", "asset_class_explanation": "UK Total Bond Market contains broad exposure to Sterling denominated investment grade bonds across sectors including industrials, utilities and financial companies. Corporate bonds generally offer much more attractive yields and opportunity for capital appreciation to compensate investors for default risk.", "drift_color": "#DE9750", "primary_color": "#BF730F", "investment_type": "BONDS", "tickers_explanation": "SLXX:L provides portfolio exposure to Sterling denominated corporate bond market making it our primary choice.", "name": "UK_TOTAL_MARKET_BONDS", "display_order": 18}, "pk": 14}, {"model": "main.assetclass", "fields": {"super_asset_class": "EQUITY_JAPAN", "foreground_color": "#FFFFFF", "display_name": "Japan Total Stock Market", "asset_class_explanation": "Japan Total Stock Market contains broad exposure to the entire Japanese stock market, including growth and value companies of small, mid and large capitalizations. This asset class allows participation in the historically strong long-term growth of the Japanese economy.", "drift_color": "#C25D5D", "primary_color": "#BA2222", "investment_type": "STOCKS", "tickers_explanation": "IJP offers exposure to the entire Japanese Stock market. It has a very low expense ratio, high liquidity and small bid-ask spreads so it is our primary choice.", "name": "JAP_TOTAL_MARKET_STOCKS", "display_order": 7}, "pk": 15}, {"model": "main.assetclass", "fields": {"super_asset_class": "EQUITY_EU", "foreground_color": "#FFFFFF", "display_name": "Europe Total Stock Markets", "asset_class_explanation": "Europe Total Stock Markets contains broad exposure to the entire European stock markets, including growth and value companies of mid and large capitalizations. This asset class allows participation in the long-term growth of the European economy. ", "drift_color": "#C26767", "primary_color": "#B84D49", "investment_type": "STOCKS", "tickers_explanation": "IEU offers exposure to the entire European Stock markets. It has a very low expense ratio, high liquidity and small bid-ask spreads so it is our primary choice.", "name": "EUR_TOTAL_MARKET_STOCKS", "display_order": 8}, "pk": 16}, {"model": "main.assetclass", "fields": {"super_asset_class": "FIXED_INCOME_EU", "foreground_color": "#FFFFFF", "display_name": "Europe Total Bond Markets", "asset_class_explanation": "Europe Total Bonds contains broad exposure to the entire Euro denominated investment grade bond market, including government, government-related, corporate and securitised bonds. Corporate bonds generally offer much more attractive yields and opportunity for capital appreciation to compensate investors for default risk while government bonds are an extremely low-risk asset class as a cash alternative that generates nominal benefit through interest payments.", "drift_color": "#E09867", "primary_color": "#B06443", "investment_type": "BONDS", "tickers_explanation": "IEAG:L provides portfolio exposure to the Euro denominated bond market making it our primary choice.", "name": "EUR_TOTAL_MARKET_BONDS", "display_order": 19}, "pk": 17}, {"model": "main.assetclass", "fields": {"super_asset_class": "EQUITY_AS", "foreground_color": "#FFFFFF", "display_name": "Asia (Ex Jap) Total Stock Markets", "asset_class_explanation": "Asia ex Japan Stocks contain broad exposure to growth and value companies of mid and large capitalizations in emerging and developed Asian countries (excluding Japan), however it comes with higher risk compared to Australian or International Developed stocks. This asset helps your portfolio to grow with developing nations as they modernise and become wealthier.", "drift_color": "#E89B9B", "primary_color": "#854242", "investment_type": "STOCKS", "tickers_explanation": "AAXJ:NY offers Asia ex Japan market stock exposure. AAXJ is our primary choice due to its lower expense ratio and tight bid-ask spread.", "name": "ASIA_EXJAP_TOTAL_MARKET_STOCKS", "display_order": 9}, "pk": 18}, {"model": "main.assetclass", "fields": {"super_asset_class": "FIXED_INCOME_AS", "foreground_color": "#FFFFFF", "display_name": "Asia (Ex Jap) Total Bond Markets", "asset_class_explanation": "Asia ex Japan Bonds contains broad exposure to local debt denominated in the currencies of Asia Pacific ex Japan countries including government and corporate issued bonds. Corporate bonds generally offer much more attractive yields and opportunity for capital appreciation to compensate investors for default risk while government bonds are an extremely low-risk asset class as a cash alternative that generates nominal benefit through interest payments.", "drift_color": "#FFA630", "primary_color": "#BA7923", "investment_type": "BONDS", "tickers_explanation": "ALD:NY provides portfolio exposure to the Asia ex Japan bond markets making it our primary choice.", "name": "ASIA_EXJAP_TOTAL_MARKET_BONDS", "display_order": 20}, "pk": 19}, {"model": "main.assetclass", "fields": {"super_asset_class": "EQUITY_INT", "foreground_color": "#FFFFFF", "display_name": "China Total Stock Market", "asset_class_explanation": "China Total Stock Market contains broad exposure to the entire Chinese stock market, including growth and value companies of mid and large capitalizations available to international investors and provides higher return potential and diversification, however it comes with higher risk compared to Australian or International Developed stocks. This asset helps your portfolio to grow with developing nations as they modernise and become wealthier.", "drift_color": "#D6716D", "primary_color": "#9E4F4F", "investment_type": "STOCKS", "tickers_explanation": "MCHI:NY offers China market stock exposure. MCHI is our primary choice due to its lower expense ratio and tight bid-ask spread.", "name": "CN_TOTAL_MARKET_STOCKS", "display_order": 10}, "pk": 20}, {"model": "main.assetclass", "fields": {"super_asset_class": "FIXED_INCOME_CN", "foreground_color": "#FFFFFF", "display_name": "China Total Bond Market", "asset_class_explanation": "China Total Bond Market contains broad exposure to the entire Chinese Renminbi (RMB)-denominated bonds market, including government, agency, supranational and corporate issued bonds. Corporate bonds generally offer much more attractive yields and opportunity for capital appreciation to compensate investors for default risk while government bonds are an extremely low-risk asset class as a cash alternative that generates nominal benefit through interest payments.", "drift_color": "#FFA66B", "primary_color": "#D97B3D", "investment_type": "BONDS", "tickers_explanation": "DSUM:NY provides portfolio exposure to the RMB-denominated bond market making it our primary choice.", "name": "CN_TOTAL_MARKET_BONDS", "display_order": 21}, "pk": 21}, {"model": "main.assetclass", "fields": {"super_asset_class": "EQUITY_EM", "foreground_color": "#FFFFFF", "display_name": "Emerging Markets Stocks", "asset_class_explanation": "Emerging Market Stocks provide higher return potential and diversification, however it comes with higher risk compared to Australian or International Developed stocks. This asset helps your portfolio to grow with developing nations as they modernise and become wealthier.", "drift_color": "#C25F34", "primary_color": "#9E3529", "investment_type": "STOCKS", "tickers_explanation": "VGE:NY, VWO:NY, IEMG:NY, and EEM:NY all offer Emerging Market stock exposure. VGE is our primary choice due to its lower expense ratio and tight bid-ask spread.", "name": "EMERGING_MARKETS_STOCKS", "display_order": 11}, "pk": 22}, {"model": "main.assetclass", "fields": {"super_asset_class": "FIXED_INCOME_EM", "foreground_color": "#FFFFFF", "display_name": "Emerging Markets Bonds", "asset_class_explanation": "Emerging Market Bonds are US dollar-denominated bonds issued by governments with economies that are rapidly growing and industrializing. This asset class is higher risk but also offers a higher expected return than developed markets' bonds or Government Bonds. Their unusually low correlation with other bonds result in higher risk-adjusted performance for the portfolio.", "drift_color": "#FFC273", "primary_color": "#FF8138", "investment_type": "BONDS", "tickers_explanation": "EMB:NY, VWOB:NY and PCY:NY provide exposure to Emerging Market Bonds. They are all highly correlated, and EMB is our primary choice due to its lower expense ratio.", "name": "EMERGING_MARKETS_BONDS", "display_order": 22}, "pk": 23}, {"model": "main.ticker", "fields": {"symbol": "VSO", "url": "https://www.vanguardinvestments.com.au/retail/ret/investments/etfdetailVASCIE.jsp", "currency": "AUD", "ordering": 0, "unit_price": 40.95, "asset_class": 1, "display_name": "Vanguard MSCI Australian Small Companies Index ETF", "description": "Australian Small-Cap Value"}, "pk": 1}, {"model": "main.ticker", "fields": {"symbol": "VHY", "url": "https://www.vanguardinvestments.com.au/retail/ret/investments/etfdetailVASHYE.jsp", "currency": "AUD", "ordering": 0, "unit_price": 58.23, "asset_class": 2, "display_name": "Vanguard Australian Shares High Yield ETF", "description": "Australian High Yield Corporate"}, "pk": 3}, {"model": "main.ticker", "fields": {"symbol": "VGS", "url": "https://www.vanguardinvestments.com.au/retail/ret/investments/etfdetailVISIFE.jsp", "currency": "AUD", "ordering": 0, "unit_price": 58.57, "asset_class": 3, "display_name": "Vanguard MSCI Index International Shares ETF", "description": "Global Markets"}, "pk": 5}, {"model": "main.ticker", "fields": {"symbol": "RGB", "url": "http://www.russell.com/au/solutions/exchange-traded-funds/data.aspx?id=RAGBETF", "currency": "AUD", "ordering": 0, "unit_price": 21.38, "asset_class": 4, "display_name": "Russell Australian Government Bond ETF", "description": "Australian Government Bonds"}, "pk": 7}, {"model": "main.ticker", "fields": {"symbol": "BOND", "url": "https://www.spdrs.com.au/etf/fund/fund_detail_BOND.html", "currency": "AUD", "ordering": 0, "unit_price": 26.14, "asset_class": 5, "display_name": "SPDR S&P/ASX Australian Bond Fund", "description": "Australian Corporate Bonds"}, "pk": 8}, {"model": "main.ticker", "fields": {"symbol": "VAS", "url": "https://www.vanguardinvestments.com.au/retail/ret/investments/etfdetailVASIFE.jsp", "currency": "AUD", "ordering": 0, "unit_price": 65.8, "asset_class": 6, "display_name": "Vanguard Australian Shares Index ETF", "description": "Australian Total Stock Market"}, "pk": 10}, {"model": "main.ticker", "fields": {"symbol": "ILB", "url": "https://www.blackrock.com/au/individual/products/251978/ishares-government-inflation-etf", "currency": "AUD", "ordering": 0, "unit_price": 114.11, "asset_class": 7, "display_name": "iShares Government Inflation ETF", "description": "Australian Government Inflation"}, "pk": 12}, {"model": "main.ticker", "fields": {"symbol": "RIGS", "url": "http://www.alpsfunds.com/overview/RIGS", "currency": "USD", "ordering": 0, "unit_price": 34.8461430377968, "asset_class": 8, "display_name": "RiverFront Strategic Income Fund ETF", "description": "International Bonds"}, "pk": 13}, {"model": "main.ticker", "fields": {"symbol": "VLC", "url": "https://www.vanguardinvestments.com.au/retail/ret/investments/etfdetailVALCIE.jsp", "currency": "AUD", "ordering": 0, "unit_price": 56.93, "asset_class": 9, "display_name": "Vanguard Value ETF", "description": "Australian Large-Cap Value"}, "pk": 14}, {"model": "main.ticker", "fields": {"symbol": "RSM", "url": "http://www.russell.com/au/solutions/exchange-traded-funds/data.aspx?id=RASGBETF", "currency": "AUD", "ordering": 0, "unit_price": 20.71, "asset_class": 10, "display_name": "Russell Australian Semi-Govt Bd ETF", "description": "Australian Semi-Government Bonds"}, "pk": 16}, {"model": "main.ticker", "fields": {"symbol": "VTS", "url": "https://www.vanguardinvestments.com.au/retail/ret/investments/etfdetailVTS.jsp", "currency": "AUD", "ordering": 0, "unit_price": 144.2, "asset_class": 11, "display_name": "Vanguard US Total Market Shares Index ETF", "description": "US Total Stock Market"}, "pk": 17}, {"model": "main.ticker", "fields": {"symbol": "IUSB", "url": "https://www.ishares.com/us/products/264615/ishares-core-total-usd-bond-market-etf", "currency": "USD", "ordering": 0, "unit_price": 141.000421525924, "asset_class": 12, "display_name": "iShares Core Total USD Bond Market", "description": "US Total Bond Market"}, "pk": 18}, {"model": "main.ticker", "fields": {"symbol": "FTAL", "url": "https://www.spdrseurope.com/product/fund.seam?ticker=SPYF%20GY", "currency": "GBP", "ordering": 0, "unit_price": 81.136107, "asset_class": 13, "display_name": "SPDR FTSE UK All Share UCITS ETF", "description": "UK Total Stock Market"}, "pk": 19}, {"model": "main.ticker", "fields": {"symbol": "SLXX", "url": "https://www.ishares.com/uk/individual/en/products/251839/ishares-corporate-bond-ucits-etf", "currency": "GBP", "ordering": 0, "unit_price": 286.494988, "asset_class": 14, "display_name": "iShares Core \u00a3 Corporate Bond UCITS ETF", "description": "UK Total Bond Market"}, "pk": 20}, {"model": "main.ticker", "fields": {"symbol": "IJP", "url": "https://www.blackrock.com/au/individual/products/273434/ishares-msci-japan-etf", "currency": "AUD", "ordering": 0, "unit_price": 16.49, "asset_class": 15, "display_name": "iShares MSCI Japan ETF", "description": "Japan Total Stock Market"}, "pk": 21}, {"model": "main.ticker", "fields": {"symbol": "IEU", "url": "https://www.blackrock.com/au/individual/products/273427/ishares-europe-etf", "currency": "AUD", "ordering": 0, "unit_price": 58.75, "asset_class": 16, "display_name": "iShares Europe ETF", "description": "Europe Total Stock Markets"}, "pk": 22}, {"model": "main.ticker", "fields": {"symbol": "IEAG", "url": "https://www.ishares.com/uk/individual/en/products/251725/ishares-euro-aggregate-bond-ucits-etf", "currency": "GBP", "ordering": 0, "unit_price": 258.260574, "asset_class": 17, "display_name": "iShares Euro Aggregate Bond UCITS ETF", "description": "Europe Total Bond Markets"}, "pk": 23}, {"model": "main.ticker", "fields": {"symbol": "AAXJ", "url": "https://www.ishares.com/us/products/239601/ishares-msci-all-country-asia-ex-japan-etf", "currency": "USD", "ordering": 0, "unit_price": 74.9894618519039, "asset_class": 18, "display_name": "iShares MSCI All Country Asia ex Japan", "description": "Asia (Ex Jap) Total Stock Markets"}, "pk": 24}, {"model": "main.ticker", "fields": {"symbol": "ALD", "url": "http://www.wisdomtree.com/etfs/fund-details-fixed-income.aspx?etfid=77", "currency": "USD", "ordering": 0, "unit_price": 59.3508500772798, "asset_class": 19, "display_name": "WisdomTree Asia Local Debt ETF", "description": "Asia (Ex Jap) Total Bond Markets"}, "pk": 25}, {"model": "main.ticker", "fields": {"symbol": "MCHI", "url": "https://www.ishares.com/us/products/239619/ishares-msci-china-etf", "currency": "USD", "ordering": 0, "unit_price": 62.1891246311648, "asset_class": 20, "display_name": "iShares MSCI China ETF", "description": "China Total Stock Market"}, "pk": 26}, {"model": "main.ticker", "fields": {"symbol": "DSUM", "url": "https://www.invesco.com/portal/site/us/investors/etfs/product-detail?productId=DSUM", "currency": "USD", "ordering": 0, "unit_price": 32.7525642827034, "asset_class": 21, "display_name": "PowerShares Chinese Yuan Dim Sum Bond ETF", "description": "China Total Bond Market"}, "pk": 27}, {"model": "main.ticker", "fields": {"symbol": "VGE", "url": "https://www.vanguardinvestments.com.au/retail/ret/investments/etfdetailVGEMSE.jsp", "currency": "AUD", "ordering": 0, "unit_price": 54.0, "asset_class": 22, "display_name": "Vanguard FTSE Emerging Markets Shares ETF", "description": "Emerging Markets Stocks"}, "pk": 28}, {"model": "main.ticker", "fields": {"symbol": "EMB", "url": "https://www.ishares.com/us/products/239572/ishares-jp-morgan-usd-emerging-markets-bond-etf", "currency": "USD", "ordering": 0, "unit_price": 151.496417029647, "asset_class": 23, "display_name": "iShares J.P. Morgan USD Emerging Markets Bond", "description": "Emerging Markets Bonds"}, "pk": 29}, {"model": "main.emailinvitation", "fields": {"status": 1, "inviter_id": 2, "send_count": 14, "invitation_type": 1, "inviter_type": 7, "email": "criscalovis@yahoo.com", "send_date": "2015-09-01T06:13:25.443Z"}, "pk": 24}, {"model": "main.emailinvitation", "fields": {"status": 0, "inviter_id": 2, "send_count": 1, "invitation_type": 1, "inviter_type": 7, "email": "criscalovis@hotmail.com", "send_date": "2015-09-01T06:19:04.827Z"}, "pk": 25}, {"model": "main.emailinvitation", "fields": {"status": 0, "inviter_id": 1, "send_count": 1, "invitation_type": 1, "inviter_type": 7, "email": "criscalovis@yahoo.com", "send_date": "2015-09-01T08:02:56.351Z"}, "pk": 26}, {"model": "main.emailinvitation", "fields": {"status": 0, "inviter_id": 1, "send_count": 4, "invitation_type": 1, "inviter_type": 7, "email": "criscalovis@gmail.com", "send_date": "2015-09-01T08:16:27.015Z"}, "pk": 27}, {"model": "main.emailinvitation", "fields": {"status": 0, "inviter_id": 2, "send_count": 2, "invitation_type": 2, "inviter_type": 7, "email": "criscalovis@gmail.com", "send_date": "2015-09-01T17:54:28.627Z"}, "pk": 28}, {"model": "main.emailinvitation", "fields": {"status": 0, "inviter_id": 2, "send_count": 1, "invitation_type": 0, "inviter_type": 7, "email": "criscalovis@gmail.com", "send_date": "2015-09-01T17:56:57.539Z"}, "pk": 29}, {"model": "main.emailinvitation", "fields": {"status": 3, "inviter_id": 1, "send_count": 1, "invitation_type": 1, "inviter_type": 7, "email": "criscalovis@hotmail.com", "send_date": "2015-09-02T12:38:40.524Z"}, "pk": 30}, {"model": "main.emailinvitation", "fields": {"status": 0, "inviter_id": 1, "send_count": 1, "invitation_type": 3, "inviter_type": 9, "email": "democlient@demo.com", "send_date": "2015-09-02T17:19:37.373Z"}, "pk": 31}, {"model": "main.emailinvitation", "fields": {"status": 0, "inviter_id": 1, "send_count": 1, "invitation_type": 3, "inviter_type": 9, "email": "criscalovis@hotmail.com", "send_date": "2015-09-02T17:19:47.936Z"}, "pk": 32}, {"model": "main.platform", "fields": {"portfolio_set": 1, "fee": 25, "api": "YAHOO"}, "pk": 1}, {"model": "main.goal", "fields": {"allocation": 0.77, "type": "RETIREMENT", "account": 6, "account_type": "INVESTING", "completion_date": "2032-09-12T12:14:24Z", "target": 320000.0, "created_date": "2015-09-09T05:54:03.919Z", "name": "Retirement62"}, "pk": 1}, {"model": "main.goal", "fields": {"allocation": 0.87, "type": "EDUCATION", "account": 6, "account_type": "INVESTING", "completion_date": "2028-09-13T22:41:25Z", "target": 70000.0, "created_date": "2015-09-09T06:09:24.387Z", "name": "Wealth Protection"}, "pk": 4}, {"model": "main.goal", "fields": {"allocation": 0.65, "type": "HOUSE", "account": 5, "account_type": "INVESTING", "completion_date": "2027-09-12T22:20:34Z", "target": 542000.0, "created_date": "2015-09-11T14:56:59.912Z", "name": "House Fund"}, "pk": 9}, {"model": "main.position", "fields": {"ticker": 5, "goal": 9, "share": 713.0152}, "pk": 89}, {"model": "main.position", "fields": {"ticker": 7, "goal": 9, "share": 79.2103}, "pk": 90}, {"model": "main.position", "fields": {"ticker": 16, "goal": 9, "share": 946.1028}, "pk": 91}, {"model": "main.position", "fields": {"ticker": 8, "goal": 9, "share": 378.0175}, "pk": 92}, {"model": "main.position", "fields": {"ticker": 3, "goal": 9, "share": 290.061}, "pk": 93}, {"model": "main.position", "fields": {"ticker": 1, "goal": 9, "share": 283.4}, "pk": 94}, {"model": "main.position", "fields": {"ticker": 13, "goal": 9, "share": 559.1551}, "pk": 95}, {"model": "main.position", "fields": {"ticker": 10, "goal": 9, "share": 98.5693}, "pk": 96}, {"model": "main.position", "fields": {"ticker": 24, "goal": 1, "share": 474.0377}, "pk": 192}, {"model": "main.position", "fields": {"ticker": 27, "goal": 1, "share": 1331.3566}, "pk": 193}, {"model": "main.position", "fields": {"ticker": 3, "goal": 1, "share": 813.9638}, "pk": 194}, {"model": "main.position", "fields": {"ticker": 13, "goal": 1, "share": -9.95904747558285e-15}, "pk": 195}, {"model": "main.position", "fields": {"ticker": 21, "goal": 1, "share": 3822.8112}, "pk": 196}, {"model": "main.position", "fields": {"ticker": 8, "goal": 1, "share": 9.999999999109e-05}, "pk": 197}, {"model": "main.position", "fields": {"ticker": 16, "goal": 4, "share": 170.125}, "pk": 198}, {"model": "main.position", "fields": {"ticker": 27, "goal": 4, "share": 8.09690000000001}, "pk": 199}, {"model": "main.position", "fields": {"ticker": 3, "goal": 4, "share": 64.6102}, "pk": 200}, {"model": "main.position", "fields": {"ticker": 26, "goal": 4, "share": 347.1898}, "pk": 201}, {"model": "main.transaction", "fields": {"from_account": null, "to_account": null, "executed_date": "2015-09-12T20:00:31.629Z", "amount": 7536.0017706192, "type": "DEPOSIT", "account": 4, "status": "EXECUTED", "created_date": "2015-09-09T07:22:36.466Z"}, "pk": 21}, {"model": "main.transaction", "fields": {"from_account": null, "to_account": null, "executed_date": "2015-09-12T19:59:22.305Z", "amount": 97787.7446913113, "type": "DEPOSIT", "account": 1, "status": "EXECUTED", "created_date": "2015-09-11T08:53:44.747Z"}, "pk": 22}, {"model": "main.transaction", "fields": {"from_account": null, "to_account": null, "executed_date": "2015-09-12T20:08:04.810Z", "amount": 102348.913979792, "type": "DEPOSIT", "account": 1, "status": "EXECUTED", "created_date": "2015-09-11T11:43:19.532Z"}, "pk": 37}, {"model": "main.transaction", "fields": {"from_account": null, "to_account": null, "executed_date": null, "amount": 300.0, "type": "DEPOSIT", "account": 1, "status": "PENDING", "created_date": "2015-09-11T12:52:35.108Z"}, "pk": 39}, {"model": "main.transaction", "fields": {"from_account": null, "to_account": null, "executed_date": "2015-09-14T13:40:28.472Z", "amount": 188.398532499938, "type": "DEPOSIT", "account": 1, "status": "EXECUTED", "created_date": "2015-09-11T14:21:31.331Z"}, "pk": 40}, {"model": "main.transaction", "fields": {"from_account": null, "to_account": null, "executed_date": "2015-09-13T06:56:30.310Z", "amount": 116999.993311333, "type": "DEPOSIT", "account": 9, "status": "EXECUTED", "created_date": "2015-09-11T14:57:00.049Z"}, "pk": 42}, {"model": "main.transaction", "fields": {"from_account": null, "to_account": null, "executed_date": "2015-09-12T19:45:16.743Z", "amount": -5366.2258378463, "type": "WITHDRAWAL", "account": 1, "status": "EXECUTED", "created_date": "2015-09-11T18:48:47.581Z"}, "pk": 46}, {"model": "main.transaction", "fields": {"from_account": null, "to_account": null, "executed_date": "2015-09-12T19:40:55.905Z", "amount": 97993.5507124301, "type": "DEPOSIT", "account": 1, "status": "EXECUTED", "created_date": "2015-09-12T19:40:22.693Z"}, "pk": 48}, {"model": "main.transaction", "fields": {"from_account": null, "to_account": null, "executed_date": "2015-09-12T19:40:55.908Z", "amount": 6033.57296, "type": "FEE", "account": 1, "status": "EXECUTED", "created_date": "2015-09-12T19:40:55.909Z"}, "pk": 49}, {"model": "main.transaction", "fields": {"from_account": null, "to_account": null, "executed_date": "2015-09-12T19:45:16.746Z", "amount": 5666.2258378463, "type": "FEE", "account": 1, "status": "EXECUTED", "created_date": "2015-09-12T19:45:16.747Z"}, "pk": 50}, {"model": "main.transaction", "fields": {"from_account": null, "to_account": null, "executed_date": "2015-09-12T19:59:22.308Z", "amount": 5.8, "type": "FEE", "account": 1, "status": "EXECUTED", "created_date": "2015-09-12T19:59:22.308Z"}, "pk": 51}, {"model": "main.transaction", "fields": {"from_account": null, "to_account": null, "executed_date": "2015-09-12T20:00:31.632Z", "amount": 464.0, "type": "FEE", "account": 4, "status": "EXECUTED", "created_date": "2015-09-12T20:00:31.632Z"}, "pk": 52}, {"model": "main.transaction", "fields": {"from_account": null, "to_account": null, "executed_date": "2015-09-12T20:08:04.813Z", "amount": 280.836, "type": "FEE", "account": 1, "status": "EXECUTED", "created_date": "2015-09-12T20:08:04.813Z"}, "pk": 53}, {"model": "main.transaction", "fields": {"from_account": null, "to_account": null, "executed_date": "2015-09-12T20:16:36.532Z", "amount": 12049.7674820916, "type": "WITHDRAWAL", "account": 1, "status": "EXECUTED", "created_date": "2015-09-12T20:14:42.163Z"}, "pk": 57}, {"model": "main.transaction", "fields": {"from_account": null, "to_account": null, "executed_date": "2015-09-12T20:16:36.536Z", "amount": 4950.23251790838, "type": "FEE", "account": 1, "status": "EXECUTED", "created_date": "2015-09-12T20:16:36.536Z"}, "pk": 58}, {"model": "main.transaction", "fields": {"from_account": null, "to_account": null, "executed_date": "2015-09-12T20:19:07.930Z", "amount": 339.767212146849, "type": "WITHDRAWAL", "account": 1, "status": "EXECUTED", "created_date": "2015-09-12T20:18:26.623Z"}, "pk": 59}, {"model": "main.transaction", "fields": {"from_account": null, "to_account": null, "executed_date": "2015-09-12T20:19:07.934Z", "amount": 4660.23278785315, "type": "FEE", "account": 1, "status": "EXECUTED", "created_date": "2015-09-12T20:19:07.935Z"}, "pk": 60}, {"model": "main.transaction", "fields": {"from_account": null, "to_account": null, "executed_date": "2015-09-12T20:27:26.046Z", "amount": 123684.598185881, "type": "WITHDRAWAL", "account": 1, "status": "EXECUTED", "created_date": "2015-09-12T20:21:57.270Z"}, "pk": 61}, {"model": "main.transaction", "fields": {"from_account": null, "to_account": null, "executed_date": "2015-09-12T20:26:34.782Z", "amount": 141299.995097151, "type": "DEPOSIT", "account": 1, "status": "EXECUTED", "created_date": "2015-09-12T20:26:09.794Z"}, "pk": 62}, {"model": "main.transaction", "fields": {"from_account": null, "to_account": null, "executed_date": "2015-09-12T20:26:34.785Z", "amount": 8700.0, "type": "FEE", "account": 1, "status": "EXECUTED", "created_date": "2015-09-12T20:26:34.785Z"}, "pk": 63}, {"model": "main.transaction", "fields": {"from_account": null, "to_account": null, "executed_date": "2015-09-12T20:27:26.051Z", "amount": 7615.39988830266, "type": "FEE", "account": 1, "status": "EXECUTED", "created_date": "2015-09-12T20:27:26.051Z"}, "pk": 64}, {"model": "main.transaction", "fields": {"from_account": null, "to_account": null, "executed_date": "2015-09-13T06:56:30.321Z", "amount": 3000.0, "type": "FEE", "account": 9, "status": "EXECUTED", "created_date": "2015-09-13T06:56:30.321Z"}, "pk": 65}, {"model": "main.transaction", "fields": {"from_account": null, "to_account": null, "executed_date": "2015-09-13T06:59:43.770Z", "amount": -4710.00470660627, "type": "WITHDRAWAL", "account": 1, "status": "EXECUTED", "created_date": "2015-09-13T06:59:18.544Z"}, "pk": 66}, {"model": "main.transaction", "fields": {"from_account": null, "to_account": null, "executed_date": "2015-09-13T06:59:43.775Z", "amount": -290.000289791044, "type": "FEE", "account": 1, "status": "EXECUTED", "created_date": "2015-09-13T06:59:43.776Z"}, "pk": 67}, {"model": "main.transaction", "fields": {"from_account": null, "to_account": null, "executed_date": "2015-09-13T07:03:45.192Z", "amount": 32969.9968810524, "type": "WITHDRAWAL", "account": 1, "status": "EXECUTED", "created_date": "2015-09-13T07:03:19.383Z"}, "pk": 68}, {"model": "main.transaction", "fields": {"from_account": null, "to_account": null, "executed_date": "2015-09-13T07:03:45.196Z", "amount": 2029.99980796289, "type": "FEE", "account": 1, "status": "EXECUTED", "created_date": "2015-09-13T07:03:45.196Z"}, "pk": 69}, {"model": "main.transaction", "fields": {"from_account": null, "to_account": null, "executed_date": "2015-09-13T07:40:08.624Z", "amount": 0.86, "type": "ALLOCATION", "account": 1, "status": "EXECUTED", "created_date": "2015-09-13T07:05:20.463Z"}, "pk": 70}, {"model": "main.transaction", "fields": {"from_account": null, "to_account": null, "executed_date": "2015-09-13T07:40:08.630Z", "amount": 0.0, "type": "FEE", "account": 1, "status": "EXECUTED", "created_date": "2015-09-13T07:40:08.631Z"}, "pk": 71}, {"model": "main.transaction", "fields": {"from_account": null, "to_account": null, "executed_date": "2015-09-13T07:43:28.788Z", "amount": 0.23, "type": "ALLOCATION", "account": 4, "status": "EXECUTED", "created_date": "2015-09-13T07:40:56.535Z"}, "pk": 72}, {"model": "main.transaction", "fields": {"from_account": null, "to_account": null, "executed_date": "2015-09-13T13:15:56.760Z", "amount": 106446.000357779, "type": "DEPOSIT", "account": 1, "status": "EXECUTED", "created_date": "2015-09-13T13:14:24.473Z"}, "pk": 73}, {"model": "main.transaction", "fields": {"from_account": null, "to_account": null, "executed_date": "2015-09-13T13:15:56.763Z", "amount": 6554.0, "type": "FEE", "account": 1, "status": "EXECUTED", "created_date": "2015-09-13T13:15:56.763Z"}, "pk": 75}, {"model": "main.transaction", "fields": {"from_account": null, "to_account": null, "executed_date": "2015-09-13T13:17:52.952Z", "amount": 0.75, "type": "ALLOCATION", "account": 1, "status": "EXECUTED", "created_date": "2015-09-13T13:17:11.407Z"}, "pk": 76}, {"model": "main.transaction", "fields": {"from_account": null, "to_account": null, "executed_date": "2015-09-13T13:25:44.027Z", "amount": 0.32, "type": "ALLOCATION", "account": 4, "status": "EXECUTED", "created_date": "2015-09-13T13:24:46.253Z"}, "pk": 77}, {"model": "main.transaction", "fields": {"from_account": null, "to_account": null, "executed_date": "2015-09-14T10:42:52.581Z", "amount": 0.58, "type": "ALLOCATION", "account": 1, "status": "EXECUTED", "created_date": "2015-09-13T14:02:16.889Z"}, "pk": 78}, {"model": "main.transaction", "fields": {"from_account": null, "to_account": null, "executed_date": "2015-09-14T13:31:52.530Z", "amount": 20037.1336221617, "type": "DEPOSIT", "account": 4, "status": "EXECUTED", "created_date": "2015-09-14T13:22:56.679Z"}, "pk": 82}, {"model": "main.transaction", "fields": {"from_account": null, "to_account": null, "executed_date": "2015-09-14T13:31:43.971Z", "amount": 0.4, "type": "ALLOCATION", "account": 4, "status": "EXECUTED", "created_date": "2015-09-14T13:23:42.384Z"}, "pk": 83}, {"model": "main.transaction", "fields": {"from_account": null, "to_account": null, "executed_date": "2015-09-14T13:31:34.057Z", "amount": 66690.2592197298, "type": "DEPOSIT", "account": 1, "status": "EXECUTED", "created_date": "2015-09-14T13:24:32.138Z"}, "pk": 84}, {"model": "main.transaction", "fields": {"from_account": null, "to_account": null, "executed_date": "2015-09-14T13:31:14.594Z", "amount": 0.77, "type": "ALLOCATION", "account": 1, "status": "EXECUTED", "created_date": "2015-09-14T13:25:08.584Z"}, "pk": 86}, {"model": "main.transaction", "fields": {"from_account": null, "to_account": null, "executed_date": "2015-09-14T13:31:34.061Z", "amount": 4106.1941, "type": "FEE", "account": 1, "status": "EXECUTED", "created_date": "2015-09-14T13:31:34.061Z"}, "pk": 87}, {"model": "main.transaction", "fields": {"from_account": null, "to_account": null, "executed_date": "2015-09-14T13:31:52.533Z", "amount": 1233.70872, "type": "FEE", "account": 4, "status": "EXECUTED", "created_date": "2015-09-14T13:31:52.533Z"}, "pk": 88}, {"model": "main.transaction", "fields": {"from_account": null, "to_account": null, "executed_date": "2015-09-14T13:40:18.688Z", "amount": 7536.00435902513, "type": "DEPOSIT", "account": 1, "status": "EXECUTED", "created_date": "2015-09-14T13:33:31.204Z"}, "pk": 89}, {"model": "main.transaction", "fields": {"from_account": null, "to_account": null, "executed_date": "2015-09-14T13:40:13.208Z", "amount": 1046.5556531648, "type": "DEPOSIT", "account": 1, "status": "EXECUTED", "created_date": "2015-09-14T13:33:55.730Z"}, "pk": 90}, {"model": "main.transaction", "fields": {"from_account": null, "to_account": null, "executed_date": "2015-09-14T13:40:07.671Z", "amount": 4281.3876279979, "type": "DEPOSIT", "account": 1, "status": "EXECUTED", "created_date": "2015-09-14T13:34:20.550Z"}, "pk": 91}, {"model": "main.transaction", "fields": {"from_account": null, "to_account": null, "executed_date": "2015-09-14T13:40:02.439Z", "amount": 512.445522847687, "type": "DEPOSIT", "account": 4, "status": "EXECUTED", "created_date": "2015-09-14T13:39:08.397Z"}, "pk": 92}, {"model": "main.transaction", "fields": {"from_account": null, "to_account": null, "executed_date": "2015-09-14T13:39:55.570Z", "amount": 172.199149657019, "type": "DEPOSIT", "account": 4, "status": "EXECUTED", "created_date": "2015-09-14T13:39:36.895Z"}, "pk": 93}, {"model": "main.transaction", "fields": {"from_account": null, "to_account": null, "executed_date": "2015-09-14T13:39:55.574Z", "amount": 10.6024, "type": "FEE", "account": 4, "status": "EXECUTED", "created_date": "2015-09-14T13:39:55.574Z"}, "pk": 94}, {"model": "main.transaction", "fields": {"from_account": null, "to_account": null, "executed_date": "2015-09-14T13:40:02.442Z", "amount": 31.552, "type": "FEE", "account": 4, "status": "EXECUTED", "created_date": "2015-09-14T13:40:02.443Z"}, "pk": 95}, {"model": "main.transaction", "fields": {"from_account": null, "to_account": null, "executed_date": "2015-09-14T13:40:07.674Z", "amount": 263.61, "type": "FEE", "account": 1, "status": "EXECUTED", "created_date": "2015-09-14T13:40:07.675Z"}, "pk": 96}, {"model": "main.transaction", "fields": {"from_account": null, "to_account": null, "executed_date": "2015-09-14T13:40:13.211Z", "amount": 64.438, "type": "FEE", "account": 1, "status": "EXECUTED", "created_date": "2015-09-14T13:40:13.211Z"}, "pk": 97}, {"model": "main.transaction", "fields": {"from_account": null, "to_account": null, "executed_date": "2015-09-14T13:40:18.691Z", "amount": 464.0, "type": "FEE", "account": 1, "status": "EXECUTED", "created_date": "2015-09-14T13:40:18.692Z"}, "pk": 98}, {"model": "main.transaction", "fields": {"from_account": null, "to_account": null, "executed_date": "2015-09-14T13:40:28.475Z", "amount": 11.6, "type": "FEE", "account": 1, "status": "EXECUTED", "created_date": "2015-09-14T13:40:28.475Z"}, "pk": 99}, {"model": "main.transaction", "fields": {"from_account": null, "to_account": null, "executed_date": "2015-09-14T13:41:55.682Z", "amount": 0.87, "type": "ALLOCATION", "account": 4, "status": "EXECUTED", "created_date": "2015-09-14T13:41:25.897Z"}, "pk": 100}, {"model": "main.transactionmemo", "fields": {"comment": "jjjjh", "transaction": 46, "transaction_type": "WITHDRAWAL", "category": "unspecified"}, "pk": 5}, {"model": "main.transactionmemo", "fields": {"comment": "", "transaction": 78, "transaction_type": "ALLOCATION_CHANGE", "category": "unspecified"}, "pk": 6}, {"model": "main.transactionmemo", "fields": {"comment": "", "transaction": 86, "transaction_type": "ALLOCATION_CHANGE", "category": "unspecified"}, "pk": 7}, {"model": "main.automaticdeposit", "fields": {"frequency": "TWICE_A_MONTH", "enabled": true, "transaction_date_time_1": "2015-09-07T08:00:00Z", "last_plan_change": "2015-09-14T13:33:13.162Z", "amount": 77.28, "account": 1, "created_at": "2015-09-11T13:46:06.170Z", "transaction_date_time_2": "2015-09-21T08:00:00Z"}, "pk": 1}, {"model": "main.automaticdeposit", "fields": {"frequency": "MONTHLY", "enabled": true, "transaction_date_time_1": "2015-09-15T14:00:00Z", "last_plan_change": "2015-09-11T14:57:33.808Z", "amount": 834.76, "account": 9, "created_at": "2015-09-11T14:57:33.808Z", "transaction_date_time_2": null}, "pk": 3}, {"model": "main.automaticdeposit", "fields": {"frequency": "MONTHLY", "enabled": true, "transaction_date_time_1": "2015-09-25T12:00:00Z", "last_plan_change": "2015-09-14T13:41:25.915Z", "amount": 181.91, "account": 4, "created_at": "2015-09-11T14:59:10.391Z", "transaction_date_time_2": null}, "pk": 4}, {"model": "portfolios.portfolioset", "fields": {"asset_classes": [1, 2, 3, 5, 7, 6, 4, 8, 10, 15, 20, 12, 18, 16, 17, 19, 9, 11, 13, 22, 23, 21, 14], "tau": 0.07, "risk_free_rate": 0.025, "name": "default"}, "pk": 1}, {"model": "portfolios.portfoliobyrisk", "fields": {"expected_return": -7.3, "portfolio_set": 1, "volatility": 6.0187, "allocations": "{\"UK_TOTAL_MARKET_BONDS\": 0.0, \"CN_TOTAL_MARKET_BONDS\": 0.75, \"AUS_SMALL_CAP_VALUE_STOCKS\": 0.0, \"ASIA_EXJAP_TOTAL_MARKET_BONDS\": 0.0, \"US_TOTAL_MARKET_STOCKS\": 0.0, \"JAP_TOTAL_MARKET_STOCKS\": 0.0, \"ASIA_EXJAP_TOTAL_MARKET_STOCKS\": 0.0, \"EMERGING_MARKETS_BONDS\": 0.0, \"EUR_TOTAL_MARKET_BONDS\": 0.0, \"INTERNATIONAL_BONDS\": 0.0, \"UK_TOTAL_MARKET_STOCKS\": 0.0, \"GLOBAL_MARKETS_STOCKS\": 0.0, \"US_TOTAL_MARKET_BONDS\": 0.0, \"AUS_HIGH_YIELD_STOCKS\": 0.0, \"AUS_MUNICIPAL_BONDS\": 0.25, \"INFLATION_PROTECTED_BONDS\": 0.0, \"AUS_LARGE_CAP_VALUE_STOCKS\": 0.0, \"AUS_GOVT_BONDS\": 0.0, \"EUR_TOTAL_MARKET_STOCKS\": 0.0, \"AUS_CORPORATE_BONDS\": 0.0, \"CN_TOTAL_MARKET_STOCKS\": 0.0, \"EMERGING_MARKETS_STOCKS\": 0.0, \"AUS_TOTAL_MARKET_STOCKS\": 0.0}", "risk": 0.0}, "pk": 7541}, {"model": "portfolios.portfoliobyrisk", "fields": {"expected_return": -7.04, "portfolio_set": 1, "volatility": 5.919, "allocations": "{\"UK_TOTAL_MARKET_BONDS\": 0.75, \"CN_TOTAL_MARKET_BONDS\": 0.0, \"AUS_SMALL_CAP_VALUE_STOCKS\": 0.0, \"ASIA_EXJAP_TOTAL_MARKET_BONDS\": 0.0, \"US_TOTAL_MARKET_STOCKS\": 0.0, \"JAP_TOTAL_MARKET_STOCKS\": 0.0, \"ASIA_EXJAP_TOTAL_MARKET_STOCKS\": 0.0, \"EMERGING_MARKETS_BONDS\": 0.0, \"EUR_TOTAL_MARKET_BONDS\": 0.0, \"INTERNATIONAL_BONDS\": 0.0, \"UK_TOTAL_MARKET_STOCKS\": 0.0, \"GLOBAL_MARKETS_STOCKS\": 0.0, \"US_TOTAL_MARKET_BONDS\": 0.0, \"AUS_HIGH_YIELD_STOCKS\": 0.0, \"AUS_MUNICIPAL_BONDS\": 0.0, \"INFLATION_PROTECTED_BONDS\": 0.0, \"AUS_LARGE_CAP_VALUE_STOCKS\": 0.01, \"AUS_GOVT_BONDS\": 0.0, \"EUR_TOTAL_MARKET_STOCKS\": 0.0, \"AUS_CORPORATE_BONDS\": 0.24, \"CN_TOTAL_MARKET_STOCKS\": 0.0, \"EMERGING_MARKETS_STOCKS\": 0.0, \"AUS_TOTAL_MARKET_STOCKS\": 0.0}", "risk": 0.01}, "pk": 7542}, {"model": "portfolios.portfoliobyrisk", "fields": {"expected_return": -6.78, "portfolio_set": 1, "volatility": 5.8223, "allocations": "{\"UK_TOTAL_MARKET_BONDS\": 0.3127, \"CN_TOTAL_MARKET_BONDS\": 0.4373, \"AUS_SMALL_CAP_VALUE_STOCKS\": 0.02, \"ASIA_EXJAP_TOTAL_MARKET_BONDS\": 0.0, \"US_TOTAL_MARKET_STOCKS\": 0.0, \"JAP_TOTAL_MARKET_STOCKS\": 0.0, \"ASIA_EXJAP_TOTAL_MARKET_STOCKS\": 0.0, \"EMERGING_MARKETS_BONDS\": 0.0, \"EUR_TOTAL_MARKET_BONDS\": 0.0, \"INTERNATIONAL_BONDS\": 0.0, \"UK_TOTAL_MARKET_STOCKS\": 0.0, \"GLOBAL_MARKETS_STOCKS\": 0.0, \"US_TOTAL_MARKET_BONDS\": 0.0, \"AUS_HIGH_YIELD_STOCKS\": 0.0, \"AUS_MUNICIPAL_BONDS\": 0.0, \"INFLATION_PROTECTED_BONDS\": 0.0, \"AUS_LARGE_CAP_VALUE_STOCKS\": 0.0, \"AUS_GOVT_BONDS\": 0.0, \"EUR_TOTAL_MARKET_STOCKS\": 0.0, \"AUS_CORPORATE_BONDS\": 0.23, \"CN_TOTAL_MARKET_STOCKS\": 0.0, \"EMERGING_MARKETS_STOCKS\": 0.0, \"AUS_TOTAL_MARKET_STOCKS\": 0.0}", "risk": 0.02}, "pk": 7543}, {"model": "portfolios.portfoliobyrisk", "fields": {"expected_return": -6.53, "portfolio_set": 1, "volatility": 5.7277, "allocations": "{\"UK_TOTAL_MARKET_BONDS\": 0.75, \"CN_TOTAL_MARKET_BONDS\": 0.0, \"AUS_SMALL_CAP_VALUE_STOCKS\": 0.0, \"ASIA_EXJAP_TOTAL_MARKET_BONDS\": 0.0, \"US_TOTAL_MARKET_STOCKS\": 0.0, \"JAP_TOTAL_MARKET_STOCKS\": 0.0, \"ASIA_EXJAP_TOTAL_MARKET_STOCKS\": 0.0, \"EMERGING_MARKETS_BONDS\": 0.0, \"EUR_TOTAL_MARKET_BONDS\": 0.0, \"INTERNATIONAL_BONDS\": 0.0, \"UK_TOTAL_MARKET_STOCKS\": 0.0, \"GLOBAL_MARKETS_STOCKS\": 0.0, \"US_TOTAL_MARKET_BONDS\": 0.0, \"AUS_HIGH_YIELD_STOCKS\": 0.0, \"AUS_MUNICIPAL_BONDS\": 0.0, \"INFLATION_PROTECTED_BONDS\": 0.22, \"AUS_LARGE_CAP_VALUE_STOCKS\": 0.03, \"AUS_GOVT_BONDS\": 0.0, \"EUR_TOTAL_MARKET_STOCKS\": 0.0, \"AUS_CORPORATE_BONDS\": 0.0, \"CN_TOTAL_MARKET_STOCKS\": 0.0, \"EMERGING_MARKETS_STOCKS\": 0.0, \"AUS_TOTAL_MARKET_STOCKS\": 0.0}", "risk": 0.03}, "pk": 7544}, {"model": "portfolios.portfoliobyrisk", "fields": {"expected_return": -6.3, "portfolio_set": 1, "volatility": 5.6336, "allocations": "{\"UK_TOTAL_MARKET_BONDS\": 0.0, \"CN_TOTAL_MARKET_BONDS\": 0.71, \"AUS_SMALL_CAP_VALUE_STOCKS\": 0.0, \"ASIA_EXJAP_TOTAL_MARKET_BONDS\": 0.0, \"US_TOTAL_MARKET_STOCKS\": 0.0, \"JAP_TOTAL_MARKET_STOCKS\": 0.0, \"ASIA_EXJAP_TOTAL_MARKET_STOCKS\": 0.0, \"EMERGING_MARKETS_BONDS\": 0.0, \"EUR_TOTAL_MARKET_BONDS\": 0.0, \"INTERNATIONAL_BONDS\": 0.0, \"UK_TOTAL_MARKET_STOCKS\": 0.0, \"GLOBAL_MARKETS_STOCKS\": 0.0, \"US_TOTAL_MARKET_BONDS\": 0.0, \"AUS_HIGH_YIELD_STOCKS\": 0.0, \"AUS_MUNICIPAL_BONDS\": 0.25, \"INFLATION_PROTECTED_BONDS\": 0.0, \"AUS_LARGE_CAP_VALUE_STOCKS\": 0.0, \"AUS_GOVT_BONDS\": 0.0, \"EUR_TOTAL_MARKET_STOCKS\": 0.0, \"AUS_CORPORATE_BONDS\": 0.0, \"CN_TOTAL_MARKET_STOCKS\": 0.04, \"EMERGING_MARKETS_STOCKS\": 0.0, \"AUS_TOTAL_MARKET_STOCKS\": 0.0}", "risk": 0.04}, "pk": 7545}, {"model": "portfolios.portfoliobyrisk", "fields": {"expected_return": -6.1, "portfolio_set": 1, "volatility": 5.5374, "allocations": "{\"UK_TOTAL_MARKET_BONDS\": 0.4965, \"CN_TOTAL_MARKET_BONDS\": 0.0, \"AUS_SMALL_CAP_VALUE_STOCKS\": 0.0, \"ASIA_EXJAP_TOTAL_MARKET_BONDS\": 0.2535, \"US_TOTAL_MARKET_STOCKS\": 0.0, \"JAP_TOTAL_MARKET_STOCKS\": 0.0, \"ASIA_EXJAP_TOTAL_MARKET_STOCKS\": 0.0, \"EMERGING_MARKETS_BONDS\": 0.0, \"EUR_TOTAL_MARKET_BONDS\": 0.0, \"INTERNATIONAL_BONDS\": 0.0, \"UK_TOTAL_MARKET_STOCKS\": 0.0, \"GLOBAL_MARKETS_STOCKS\": 0.0, \"US_TOTAL_MARKET_BONDS\": 0.0, \"AUS_HIGH_YIELD_STOCKS\": 0.0, \"AUS_MUNICIPAL_BONDS\": 0.0, \"INFLATION_PROTECTED_BONDS\": 0.2, \"AUS_LARGE_CAP_VALUE_STOCKS\": 0.05, \"AUS_GOVT_BONDS\": 0.0, \"EUR_TOTAL_MARKET_STOCKS\": 0.0, \"AUS_CORPORATE_BONDS\": 0.0, \"CN_TOTAL_MARKET_STOCKS\": 0.0, \"EMERGING_MARKETS_STOCKS\": 0.0, \"AUS_TOTAL_MARKET_STOCKS\": 0.0}", "risk": 0.05}, "pk": 7546}, {"model": "portfolios.portfoliobyrisk", "fields": {"expected_return": -5.94, "portfolio_set": 1, "volatility": 5.4372, "allocations": "{\"UK_TOTAL_MARKET_BONDS\": 0.75, \"CN_TOTAL_MARKET_BONDS\": 0.0, \"AUS_SMALL_CAP_VALUE_STOCKS\": 0.0, \"ASIA_EXJAP_TOTAL_MARKET_BONDS\": 0.0, \"US_TOTAL_MARKET_STOCKS\": 0.0, \"JAP_TOTAL_MARKET_STOCKS\": 0.0, \"ASIA_EXJAP_TOTAL_MARKET_STOCKS\": 0.0, \"EMERGING_MARKETS_BONDS\": 0.0, \"EUR_TOTAL_MARKET_BONDS\": 0.0, \"INTERNATIONAL_BONDS\": 0.0, \"UK_TOTAL_MARKET_STOCKS\": 0.0, \"GLOBAL_MARKETS_STOCKS\": 0.0, \"US_TOTAL_MARKET_BONDS\": 0.0, \"AUS_HIGH_YIELD_STOCKS\": 0.0, \"AUS_MUNICIPAL_BONDS\": 0.0, \"INFLATION_PROTECTED_BONDS\": 0.0, \"AUS_LARGE_CAP_VALUE_STOCKS\": 0.06, \"AUS_GOVT_BONDS\": 0.0, \"EUR_TOTAL_MARKET_STOCKS\": 0.0, \"AUS_CORPORATE_BONDS\": 0.19, \"CN_TOTAL_MARKET_STOCKS\": 0.0, \"EMERGING_MARKETS_STOCKS\": 0.0, \"AUS_TOTAL_MARKET_STOCKS\": 0.0}", "risk": 0.06}, "pk": 7547}, {"model": "portfolios.portfoliobyrisk", "fields": {"expected_return": -5.82, "portfolio_set": 1, "volatility": 5.3349, "allocations": "{\"UK_TOTAL_MARKET_BONDS\": 0.75, \"CN_TOTAL_MARKET_BONDS\": 0.0, \"AUS_SMALL_CAP_VALUE_STOCKS\": 0.0, \"ASIA_EXJAP_TOTAL_MARKET_BONDS\": 0.0, \"US_TOTAL_MARKET_STOCKS\": 0.0, \"JAP_TOTAL_MARKET_STOCKS\": 0.0, \"ASIA_EXJAP_TOTAL_MARKET_STOCKS\": 0.0, \"EMERGING_MARKETS_BONDS\": 0.0, \"EUR_TOTAL_MARKET_BONDS\": 0.0, \"INTERNATIONAL_BONDS\": 0.0, \"UK_TOTAL_MARKET_STOCKS\": 0.0, \"GLOBAL_MARKETS_STOCKS\": 0.0, \"US_TOTAL_MARKET_BONDS\": 0.0, \"AUS_HIGH_YIELD_STOCKS\": 0.0, \"AUS_MUNICIPAL_BONDS\": 0.0, \"INFLATION_PROTECTED_BONDS\": 0.0, \"AUS_LARGE_CAP_VALUE_STOCKS\": 0.07, \"AUS_GOVT_BONDS\": 0.0, \"EUR_TOTAL_MARKET_STOCKS\": 0.0, \"AUS_CORPORATE_BONDS\": 0.18, \"CN_TOTAL_MARKET_STOCKS\": 0.0, \"EMERGING_MARKETS_STOCKS\": 0.0, \"AUS_TOTAL_MARKET_STOCKS\": 0.0}", "risk": 0.07}, "pk": 7548}, {"model": "portfolios.portfoliobyrisk", "fields": {"expected_return": -5.65, "portfolio_set": 1, "volatility": 5.241, "allocations": "{\"UK_TOTAL_MARKET_BONDS\": 0.75, \"CN_TOTAL_MARKET_BONDS\": 0.0, \"AUS_SMALL_CAP_VALUE_STOCKS\": 0.0, \"ASIA_EXJAP_TOTAL_MARKET_BONDS\": 0.0, \"US_TOTAL_MARKET_STOCKS\": 0.0, \"JAP_TOTAL_MARKET_STOCKS\": 0.0, \"ASIA_EXJAP_TOTAL_MARKET_STOCKS\": 0.0, \"EMERGING_MARKETS_BONDS\": 0.0, \"EUR_TOTAL_MARKET_BONDS\": 0.0, \"INTERNATIONAL_BONDS\": 0.0, \"UK_TOTAL_MARKET_STOCKS\": 0.0, \"GLOBAL_MARKETS_STOCKS\": 0.0, \"US_TOTAL_MARKET_BONDS\": 0.0, \"AUS_HIGH_YIELD_STOCKS\": 0.0, \"AUS_MUNICIPAL_BONDS\": 0.0, \"INFLATION_PROTECTED_BONDS\": 0.0, \"AUS_LARGE_CAP_VALUE_STOCKS\": 0.08, \"AUS_GOVT_BONDS\": 0.0, \"EUR_TOTAL_MARKET_STOCKS\": 0.0, \"AUS_CORPORATE_BONDS\": 0.17, \"CN_TOTAL_MARKET_STOCKS\": 0.0, \"EMERGING_MARKETS_STOCKS\": 0.0, \"AUS_TOTAL_MARKET_STOCKS\": 0.0}", "risk": 0.08}, "pk": 7549}, {"model": "portfolios.portfoliobyrisk", "fields": {"expected_return": -5.49, "portfolio_set": 1, "volatility": 5.1507, "allocations": "{\"UK_TOTAL_MARKET_BONDS\": 0.66, \"CN_TOTAL_MARKET_BONDS\": 0.0, \"AUS_SMALL_CAP_VALUE_STOCKS\": 0.0, \"ASIA_EXJAP_TOTAL_MARKET_BONDS\": 0.0, \"US_TOTAL_MARKET_STOCKS\": 0.0, \"JAP_TOTAL_MARKET_STOCKS\": 0.0, \"ASIA_EXJAP_TOTAL_MARKET_STOCKS\": 0.0, \"EMERGING_MARKETS_BONDS\": 0.0, \"EUR_TOTAL_MARKET_BONDS\": 0.0, \"INTERNATIONAL_BONDS\": 0.0, \"UK_TOTAL_MARKET_STOCKS\": 0.0, \"GLOBAL_MARKETS_STOCKS\": 0.0, \"US_TOTAL_MARKET_BONDS\": 0.0, \"AUS_HIGH_YIELD_STOCKS\": 0.0, \"AUS_MUNICIPAL_BONDS\": 0.0, \"INFLATION_PROTECTED_BONDS\": 0.0, \"AUS_LARGE_CAP_VALUE_STOCKS\": 0.0, \"AUS_GOVT_BONDS\": 0.0, \"EUR_TOTAL_MARKET_STOCKS\": 0.09, \"AUS_CORPORATE_BONDS\": 0.25, \"CN_TOTAL_MARKET_STOCKS\": 0.0, \"EMERGING_MARKETS_STOCKS\": 0.0, \"AUS_TOTAL_MARKET_STOCKS\": 0.0}", "risk": 0.09}, "pk": 7550}, {"model": "portfolios.portfoliobyrisk", "fields": {"expected_return": -5.34, "portfolio_set": 1, "volatility": 5.0604, "allocations": "{\"UK_TOTAL_MARKET_BONDS\": 0.75, \"CN_TOTAL_MARKET_BONDS\": 0.0, \"AUS_SMALL_CAP_VALUE_STOCKS\": 0.0, \"ASIA_EXJAP_TOTAL_MARKET_BONDS\": 0.0, \"US_TOTAL_MARKET_STOCKS\": 0.0, \"JAP_TOTAL_MARKET_STOCKS\": 0.0, \"ASIA_EXJAP_TOTAL_MARKET_STOCKS\": 0.0, \"EMERGING_MARKETS_BONDS\": 0.0, \"EUR_TOTAL_MARKET_BONDS\": 0.0, \"INTERNATIONAL_BONDS\": 0.0, \"UK_TOTAL_MARKET_STOCKS\": 0.0, \"GLOBAL_MARKETS_STOCKS\": 0.0, \"US_TOTAL_MARKET_BONDS\": 0.0, \"AUS_HIGH_YIELD_STOCKS\": 0.0, \"AUS_MUNICIPAL_BONDS\": 0.0, \"INFLATION_PROTECTED_BONDS\": 0.15, \"AUS_LARGE_CAP_VALUE_STOCKS\": 0.1, \"AUS_GOVT_BONDS\": 0.0, \"EUR_TOTAL_MARKET_STOCKS\": 0.0, \"AUS_CORPORATE_BONDS\": 0.0, \"CN_TOTAL_MARKET_STOCKS\": 0.0, \"EMERGING_MARKETS_STOCKS\": 0.0, \"AUS_TOTAL_MARKET_STOCKS\": 0.0}", "risk": 0.1}, "pk": 7551}, {"model": "portfolios.portfoliobyrisk", "fields": {"expected_return": -5.21, "portfolio_set": 1, "volatility": 4.9711, "allocations": "{\"UK_TOTAL_MARKET_BONDS\": 0.64, \"CN_TOTAL_MARKET_BONDS\": 0.0, \"AUS_SMALL_CAP_VALUE_STOCKS\": 0.0, \"ASIA_EXJAP_TOTAL_MARKET_BONDS\": 0.0, \"US_TOTAL_MARKET_STOCKS\": 0.0, \"JAP_TOTAL_MARKET_STOCKS\": 0.0, \"ASIA_EXJAP_TOTAL_MARKET_STOCKS\": 0.0, \"EMERGING_MARKETS_BONDS\": 0.0, \"EUR_TOTAL_MARKET_BONDS\": 0.0, \"INTERNATIONAL_BONDS\": 0.0, \"UK_TOTAL_MARKET_STOCKS\": 0.0, \"GLOBAL_MARKETS_STOCKS\": 0.0, \"US_TOTAL_MARKET_BONDS\": 0.0, \"AUS_HIGH_YIELD_STOCKS\": 0.0, \"AUS_MUNICIPAL_BONDS\": 0.0, \"INFLATION_PROTECTED_BONDS\": 0.0, \"AUS_LARGE_CAP_VALUE_STOCKS\": 0.0, \"AUS_GOVT_BONDS\": 0.0, \"EUR_TOTAL_MARKET_STOCKS\": 0.11, \"AUS_CORPORATE_BONDS\": 0.25, \"CN_TOTAL_MARKET_STOCKS\": 0.0, \"EMERGING_MARKETS_STOCKS\": 0.0, \"AUS_TOTAL_MARKET_STOCKS\": 0.0}", "risk": 0.11}, "pk": 7552}, {"model": "portfolios.portfoliobyrisk", "fields": {"expected_return": -5.09, "portfolio_set": 1, "volatility": 4.8816, "allocations": "{\"UK_TOTAL_MARKET_BONDS\": 0.0, \"CN_TOTAL_MARKET_BONDS\": 0.0, \"AUS_SMALL_CAP_VALUE_STOCKS\": 0.0, \"ASIA_EXJAP_TOTAL_MARKET_BONDS\": 0.63, \"US_TOTAL_MARKET_STOCKS\": 0.0, \"JAP_TOTAL_MARKET_STOCKS\": 0.0, \"ASIA_EXJAP_TOTAL_MARKET_STOCKS\": 0.0, \"EMERGING_MARKETS_BONDS\": 0.0, \"EUR_TOTAL_MARKET_BONDS\": 0.0, \"INTERNATIONAL_BONDS\": 0.0, \"UK_TOTAL_MARKET_STOCKS\": 0.0, \"GLOBAL_MARKETS_STOCKS\": 0.0, \"US_TOTAL_MARKET_BONDS\": 0.0, \"AUS_HIGH_YIELD_STOCKS\": 0.0, \"AUS_MUNICIPAL_BONDS\": 0.25, \"INFLATION_PROTECTED_BONDS\": 0.0, \"AUS_LARGE_CAP_VALUE_STOCKS\": 0.0, \"AUS_GOVT_BONDS\": 0.0, \"EUR_TOTAL_MARKET_STOCKS\": 0.0, \"AUS_CORPORATE_BONDS\": 0.0, \"CN_TOTAL_MARKET_STOCKS\": 0.12, \"EMERGING_MARKETS_STOCKS\": 0.0, \"AUS_TOTAL_MARKET_STOCKS\": 0.0}", "risk": 0.12}, "pk": 7553}, {"model": "portfolios.portfoliobyrisk", "fields": {"expected_return": -4.97, "portfolio_set": 1, "volatility": 4.7959, "allocations": "{\"UK_TOTAL_MARKET_BONDS\": 0.0, \"CN_TOTAL_MARKET_BONDS\": 0.62, \"AUS_SMALL_CAP_VALUE_STOCKS\": 0.0, \"ASIA_EXJAP_TOTAL_MARKET_BONDS\": 0.0, \"US_TOTAL_MARKET_STOCKS\": 0.0, \"JAP_TOTAL_MARKET_STOCKS\": 0.0, \"ASIA_EXJAP_TOTAL_MARKET_STOCKS\": 0.0, \"EMERGING_MARKETS_BONDS\": 0.0, \"EUR_TOTAL_MARKET_BONDS\": 0.0, \"INTERNATIONAL_BONDS\": 0.0, \"UK_TOTAL_MARKET_STOCKS\": 0.0, \"GLOBAL_MARKETS_STOCKS\": 0.0, \"US_TOTAL_MARKET_BONDS\": 0.0, \"AUS_HIGH_YIELD_STOCKS\": 0.0, \"AUS_MUNICIPAL_BONDS\": 0.25, \"INFLATION_PROTECTED_BONDS\": 0.0, \"AUS_LARGE_CAP_VALUE_STOCKS\": 0.0, \"AUS_GOVT_BONDS\": 0.0, \"EUR_TOTAL_MARKET_STOCKS\": 0.0, \"AUS_CORPORATE_BONDS\": 0.0, \"CN_TOTAL_MARKET_STOCKS\": 0.13, \"EMERGING_MARKETS_STOCKS\": 0.0, \"AUS_TOTAL_MARKET_STOCKS\": 0.0}", "risk": 0.13}, "pk": 7554}, {"model": "portfolios.portfoliobyrisk", "fields": {"expected_return": -4.85, "portfolio_set": 1, "volatility": 4.7145, "allocations": "{\"UK_TOTAL_MARKET_BONDS\": 0.0, \"CN_TOTAL_MARKET_BONDS\": 0.61, \"AUS_SMALL_CAP_VALUE_STOCKS\": 0.0, \"ASIA_EXJAP_TOTAL_MARKET_BONDS\": 0.0, \"US_TOTAL_MARKET_STOCKS\": 0.0, \"JAP_TOTAL_MARKET_STOCKS\": 0.0, \"ASIA_EXJAP_TOTAL_MARKET_STOCKS\": 0.0, \"EMERGING_MARKETS_BONDS\": 0.0, \"EUR_TOTAL_MARKET_BONDS\": 0.0, \"INTERNATIONAL_BONDS\": 0.0, \"UK_TOTAL_MARKET_STOCKS\": 0.0, \"GLOBAL_MARKETS_STOCKS\": 0.0, \"US_TOTAL_MARKET_BONDS\": 0.0, \"AUS_HIGH_YIELD_STOCKS\": 0.0, \"AUS_MUNICIPAL_BONDS\": 0.25, \"INFLATION_PROTECTED_BONDS\": 0.0, \"AUS_LARGE_CAP_VALUE_STOCKS\": 0.0, \"AUS_GOVT_BONDS\": 0.0, \"EUR_TOTAL_MARKET_STOCKS\": 0.0, \"AUS_CORPORATE_BONDS\": 0.0, \"CN_TOTAL_MARKET_STOCKS\": 0.14, \"EMERGING_MARKETS_STOCKS\": 0.0, \"AUS_TOTAL_MARKET_STOCKS\": 0.0}", "risk": 0.14}, "pk": 7555}, {"model": "portfolios.portfoliobyrisk", "fields": {"expected_return": -4.73, "portfolio_set": 1, "volatility": 4.6375, "allocations": "{\"UK_TOTAL_MARKET_BONDS\": 0.75, \"CN_TOTAL_MARKET_BONDS\": 0.0, \"AUS_SMALL_CAP_VALUE_STOCKS\": 0.0, \"ASIA_EXJAP_TOTAL_MARKET_BONDS\": 0.0, \"US_TOTAL_MARKET_STOCKS\": 0.0, \"JAP_TOTAL_MARKET_STOCKS\": 0.0, \"ASIA_EXJAP_TOTAL_MARKET_STOCKS\": 0.0, \"EMERGING_MARKETS_BONDS\": 0.0, \"EUR_TOTAL_MARKET_BONDS\": 0.0, \"INTERNATIONAL_BONDS\": 0.0, \"UK_TOTAL_MARKET_STOCKS\": 0.0, \"GLOBAL_MARKETS_STOCKS\": 0.0, \"US_TOTAL_MARKET_BONDS\": 0.0, \"AUS_HIGH_YIELD_STOCKS\": 0.0, \"AUS_MUNICIPAL_BONDS\": 0.0, \"INFLATION_PROTECTED_BONDS\": 0.0, \"AUS_LARGE_CAP_VALUE_STOCKS\": 0.15, \"AUS_GOVT_BONDS\": 0.0, \"EUR_TOTAL_MARKET_STOCKS\": 0.0, \"AUS_CORPORATE_BONDS\": 0.1, \"CN_TOTAL_MARKET_STOCKS\": 0.0, \"EMERGING_MARKETS_STOCKS\": 0.0, \"AUS_TOTAL_MARKET_STOCKS\": 0.0}", "risk": 0.15}, "pk": 7556}, {"model": "portfolios.portfoliobyrisk", "fields": {"expected_return": -4.59, "portfolio_set": 1, "volatility": 4.5657, "allocations": "{\"UK_TOTAL_MARKET_BONDS\": 0.0, \"CN_TOTAL_MARKET_BONDS\": 0.59, \"AUS_SMALL_CAP_VALUE_STOCKS\": 0.0, \"ASIA_EXJAP_TOTAL_MARKET_BONDS\": 0.0, \"US_TOTAL_MARKET_STOCKS\": 0.0, \"JAP_TOTAL_MARKET_STOCKS\": 0.0, \"ASIA_EXJAP_TOTAL_MARKET_STOCKS\": 0.0, \"EMERGING_MARKETS_BONDS\": 0.0, \"EUR_TOTAL_MARKET_BONDS\": 0.0, \"INTERNATIONAL_BONDS\": 0.0, \"UK_TOTAL_MARKET_STOCKS\": 0.0, \"GLOBAL_MARKETS_STOCKS\": 0.0, \"US_TOTAL_MARKET_BONDS\": 0.0, \"AUS_HIGH_YIELD_STOCKS\": 0.0, \"AUS_MUNICIPAL_BONDS\": 0.25, \"INFLATION_PROTECTED_BONDS\": 0.0, \"AUS_LARGE_CAP_VALUE_STOCKS\": 0.0, \"AUS_GOVT_BONDS\": 0.0, \"EUR_TOTAL_MARKET_STOCKS\": 0.0, \"AUS_CORPORATE_BONDS\": 0.0, \"CN_TOTAL_MARKET_STOCKS\": 0.16, \"EMERGING_MARKETS_STOCKS\": 0.0, \"AUS_TOTAL_MARKET_STOCKS\": 0.0}", "risk": 0.16}, "pk": 7557}, {"model": "portfolios.portfoliobyrisk", "fields": {"expected_return": -4.44, "portfolio_set": 1, "volatility": 4.5001, "allocations": "{\"UK_TOTAL_MARKET_BONDS\": 0.75, \"CN_TOTAL_MARKET_BONDS\": 0.0, \"AUS_SMALL_CAP_VALUE_STOCKS\": 0.0, \"ASIA_EXJAP_TOTAL_MARKET_BONDS\": 0.0, \"US_TOTAL_MARKET_STOCKS\": 0.0, \"JAP_TOTAL_MARKET_STOCKS\": 0.0, \"ASIA_EXJAP_TOTAL_MARKET_STOCKS\": 0.0, \"EMERGING_MARKETS_BONDS\": 0.0, \"EUR_TOTAL_MARKET_BONDS\": 0.0, \"INTERNATIONAL_BONDS\": 0.0, \"UK_TOTAL_MARKET_STOCKS\": 0.0, \"GLOBAL_MARKETS_STOCKS\": 0.0, \"US_TOTAL_MARKET_BONDS\": 0.0, \"AUS_HIGH_YIELD_STOCKS\": 0.0, \"AUS_MUNICIPAL_BONDS\": 0.0, \"INFLATION_PROTECTED_BONDS\": 0.08, \"AUS_LARGE_CAP_VALUE_STOCKS\": 0.17, \"AUS_GOVT_BONDS\": 0.0, \"EUR_TOTAL_MARKET_STOCKS\": 0.0, \"AUS_CORPORATE_BONDS\": 0.0, \"CN_TOTAL_MARKET_STOCKS\": 0.0, \"EMERGING_MARKETS_STOCKS\": 0.0, \"AUS_TOTAL_MARKET_STOCKS\": 0.0}", "risk": 0.17}, "pk": 7558}, {"model": "portfolios.portfoliobyrisk", "fields": {"expected_return": -4.3, "portfolio_set": 1, "volatility": 4.4384, "allocations": "{\"UK_TOTAL_MARKET_BONDS\": 0.0, \"CN_TOTAL_MARKET_BONDS\": 0.0, \"AUS_SMALL_CAP_VALUE_STOCKS\": 0.0, \"ASIA_EXJAP_TOTAL_MARKET_BONDS\": 0.57, \"US_TOTAL_MARKET_STOCKS\": 0.0, \"JAP_TOTAL_MARKET_STOCKS\": 0.0, \"ASIA_EXJAP_TOTAL_MARKET_STOCKS\": 0.0, \"EMERGING_MARKETS_BONDS\": 0.0, \"EUR_TOTAL_MARKET_BONDS\": 0.0, \"INTERNATIONAL_BONDS\": 0.0, \"UK_TOTAL_MARKET_STOCKS\": 0.0, \"GLOBAL_MARKETS_STOCKS\": 0.0, \"US_TOTAL_MARKET_BONDS\": 0.0, \"AUS_HIGH_YIELD_STOCKS\": 0.0, \"AUS_MUNICIPAL_BONDS\": 0.25, \"INFLATION_PROTECTED_BONDS\": 0.0, \"AUS_LARGE_CAP_VALUE_STOCKS\": 0.0, \"AUS_GOVT_BONDS\": 0.0, \"EUR_TOTAL_MARKET_STOCKS\": 0.0, \"AUS_CORPORATE_BONDS\": 0.0, \"CN_TOTAL_MARKET_STOCKS\": 0.18, \"EMERGING_MARKETS_STOCKS\": 0.0, \"AUS_TOTAL_MARKET_STOCKS\": 0.0}", "risk": 0.18}, "pk": 7559}, {"model": "portfolios.portfoliobyrisk", "fields": {"expected_return": -4.13, "portfolio_set": 1, "volatility": 4.3841, "allocations": "{\"UK_TOTAL_MARKET_BONDS\": 0.75, \"CN_TOTAL_MARKET_BONDS\": 0.0, \"AUS_SMALL_CAP_VALUE_STOCKS\": 0.0, \"ASIA_EXJAP_TOTAL_MARKET_BONDS\": 0.0, \"US_TOTAL_MARKET_STOCKS\": 0.0, \"JAP_TOTAL_MARKET_STOCKS\": 0.0, \"ASIA_EXJAP_TOTAL_MARKET_STOCKS\": 0.0, \"EMERGING_MARKETS_BONDS\": 0.0, \"EUR_TOTAL_MARKET_BONDS\": 0.0, \"INTERNATIONAL_BONDS\": 0.0, \"UK_TOTAL_MARKET_STOCKS\": 0.0, \"GLOBAL_MARKETS_STOCKS\": 0.0, \"US_TOTAL_MARKET_BONDS\": 0.0, \"AUS_HIGH_YIELD_STOCKS\": 0.0, \"AUS_MUNICIPAL_BONDS\": 0.0, \"INFLATION_PROTECTED_BONDS\": 0.0, \"AUS_LARGE_CAP_VALUE_STOCKS\": 0.19, \"AUS_GOVT_BONDS\": 0.0, \"EUR_TOTAL_MARKET_STOCKS\": 0.0, \"AUS_CORPORATE_BONDS\": 0.06, \"CN_TOTAL_MARKET_STOCKS\": 0.0, \"EMERGING_MARKETS_STOCKS\": 0.0, \"AUS_TOTAL_MARKET_STOCKS\": 0.0}", "risk": 0.19}, "pk": 7560}, {"model": "portfolios.portfoliobyrisk", "fields": {"expected_return": -3.96, "portfolio_set": 1, "volatility": 4.3358, "allocations": "{\"UK_TOTAL_MARKET_BONDS\": 0.0, \"CN_TOTAL_MARKET_BONDS\": 0.55, \"AUS_SMALL_CAP_VALUE_STOCKS\": 0.0, \"ASIA_EXJAP_TOTAL_MARKET_BONDS\": 0.0, \"US_TOTAL_MARKET_STOCKS\": 0.0, \"JAP_TOTAL_MARKET_STOCKS\": 0.0, \"ASIA_EXJAP_TOTAL_MARKET_STOCKS\": 0.0, \"EMERGING_MARKETS_BONDS\": 0.0, \"EUR_TOTAL_MARKET_BONDS\": 0.0, \"INTERNATIONAL_BONDS\": 0.0, \"UK_TOTAL_MARKET_STOCKS\": 0.0, \"GLOBAL_MARKETS_STOCKS\": 0.0, \"US_TOTAL_MARKET_BONDS\": 0.0, \"AUS_HIGH_YIELD_STOCKS\": 0.0, \"AUS_MUNICIPAL_BONDS\": 0.25, \"INFLATION_PROTECTED_BONDS\": 0.0, \"AUS_LARGE_CAP_VALUE_STOCKS\": 0.0, \"AUS_GOVT_BONDS\": 0.0, \"EUR_TOTAL_MARKET_STOCKS\": 0.0, \"AUS_CORPORATE_BONDS\": 0.0, \"CN_TOTAL_MARKET_STOCKS\": 0.2, \"EMERGING_MARKETS_STOCKS\": 0.0, \"AUS_TOTAL_MARKET_STOCKS\": 0.0}", "risk": 0.2}, "pk": 7561}, {"model": "portfolios.portfoliobyrisk", "fields": {"expected_return": -3.78, "portfolio_set": 1, "volatility": 4.2948, "allocations": "{\"UK_TOTAL_MARKET_BONDS\": 0.75, \"CN_TOTAL_MARKET_BONDS\": 0.0, \"AUS_SMALL_CAP_VALUE_STOCKS\": 0.0, \"ASIA_EXJAP_TOTAL_MARKET_BONDS\": 0.0, \"US_TOTAL_MARKET_STOCKS\": 0.0, \"JAP_TOTAL_MARKET_STOCKS\": 0.0, \"ASIA_EXJAP_TOTAL_MARKET_STOCKS\": 0.0, \"EMERGING_MARKETS_BONDS\": 0.0, \"EUR_TOTAL_MARKET_BONDS\": 0.0, \"INTERNATIONAL_BONDS\": 0.0, \"UK_TOTAL_MARKET_STOCKS\": 0.0, \"GLOBAL_MARKETS_STOCKS\": 0.0, \"US_TOTAL_MARKET_BONDS\": 0.0, \"AUS_HIGH_YIELD_STOCKS\": 0.0, \"AUS_MUNICIPAL_BONDS\": 0.0, \"INFLATION_PROTECTED_BONDS\": 0.04, \"AUS_LARGE_CAP_VALUE_STOCKS\": 0.21, \"AUS_GOVT_BONDS\": 0.0, \"EUR_TOTAL_MARKET_STOCKS\": 0.0, \"AUS_CORPORATE_BONDS\": 0.0, \"CN_TOTAL_MARKET_STOCKS\": 0.0, \"EMERGING_MARKETS_STOCKS\": 0.0, \"AUS_TOTAL_MARKET_STOCKS\": 0.0}", "risk": 0.21}, "pk": 7562}, {"model": "portfolios.portfoliobyrisk", "fields": {"expected_return": -3.59, "portfolio_set": 1, "volatility": 4.2605, "allocations": "{\"UK_TOTAL_MARKET_BONDS\": 0.75, \"CN_TOTAL_MARKET_BONDS\": 0.0, \"AUS_SMALL_CAP_VALUE_STOCKS\": 0.0, \"ASIA_EXJAP_TOTAL_MARKET_BONDS\": 0.0, \"US_TOTAL_MARKET_STOCKS\": 0.0, \"JAP_TOTAL_MARKET_STOCKS\": 0.0, \"ASIA_EXJAP_TOTAL_MARKET_STOCKS\": 0.0, \"EMERGING_MARKETS_BONDS\": 0.0, \"EUR_TOTAL_MARKET_BONDS\": 0.0, \"INTERNATIONAL_BONDS\": 0.0, \"UK_TOTAL_MARKET_STOCKS\": 0.0, \"GLOBAL_MARKETS_STOCKS\": 0.0, \"US_TOTAL_MARKET_BONDS\": 0.0, \"AUS_HIGH_YIELD_STOCKS\": 0.0, \"AUS_MUNICIPAL_BONDS\": 0.0, \"INFLATION_PROTECTED_BONDS\": 0.0, \"AUS_LARGE_CAP_VALUE_STOCKS\": 0.22, \"AUS_GOVT_BONDS\": 0.0, \"EUR_TOTAL_MARKET_STOCKS\": 0.0, \"AUS_CORPORATE_BONDS\": 0.03, \"CN_TOTAL_MARKET_STOCKS\": 0.0, \"EMERGING_MARKETS_STOCKS\": 0.0, \"AUS_TOTAL_MARKET_STOCKS\": 0.0}", "risk": 0.22}, "pk": 7563}, {"model": "portfolios.portfoliobyrisk", "fields": {"expected_return": -3.44, "portfolio_set": 1, "volatility": 4.2237, "allocations": "{\"UK_TOTAL_MARKET_BONDS\": 0.0, \"CN_TOTAL_MARKET_BONDS\": 0.0, \"AUS_SMALL_CAP_VALUE_STOCKS\": 0.0, \"ASIA_EXJAP_TOTAL_MARKET_BONDS\": 0.52, \"US_TOTAL_MARKET_STOCKS\": 0.0, \"JAP_TOTAL_MARKET_STOCKS\": 0.0, \"ASIA_EXJAP_TOTAL_MARKET_STOCKS\": 0.0, \"EMERGING_MARKETS_BONDS\": 0.0, \"EUR_TOTAL_MARKET_BONDS\": 0.0, \"INTERNATIONAL_BONDS\": 0.0, \"UK_TOTAL_MARKET_STOCKS\": 0.0, \"GLOBAL_MARKETS_STOCKS\": 0.0, \"US_TOTAL_MARKET_BONDS\": 0.0, \"AUS_HIGH_YIELD_STOCKS\": 0.0, \"AUS_MUNICIPAL_BONDS\": 0.25, \"INFLATION_PROTECTED_BONDS\": 0.0, \"AUS_LARGE_CAP_VALUE_STOCKS\": 0.0, \"AUS_GOVT_BONDS\": 0.0, \"EUR_TOTAL_MARKET_STOCKS\": 0.0, \"AUS_CORPORATE_BONDS\": 0.0, \"CN_TOTAL_MARKET_STOCKS\": 0.23, \"EMERGING_MARKETS_STOCKS\": 0.0, \"AUS_TOTAL_MARKET_STOCKS\": 0.0}", "risk": 0.23}, "pk": 7564}, {"model": "portfolios.portfoliobyrisk", "fields": {"expected_return": -3.3, "portfolio_set": 1, "volatility": 4.1904, "allocations": "{\"UK_TOTAL_MARKET_BONDS\": 0.0, \"CN_TOTAL_MARKET_BONDS\": 0.0, \"AUS_SMALL_CAP_VALUE_STOCKS\": 0.0, \"ASIA_EXJAP_TOTAL_MARKET_BONDS\": 0.51, \"US_TOTAL_MARKET_STOCKS\": 0.0, \"JAP_TOTAL_MARKET_STOCKS\": 0.0, \"ASIA_EXJAP_TOTAL_MARKET_STOCKS\": 0.0, \"EMERGING_MARKETS_BONDS\": 0.0, \"EUR_TOTAL_MARKET_BONDS\": 0.0, \"INTERNATIONAL_BONDS\": 0.0, \"UK_TOTAL_MARKET_STOCKS\": 0.0, \"GLOBAL_MARKETS_STOCKS\": 0.0, \"US_TOTAL_MARKET_BONDS\": 0.0, \"AUS_HIGH_YIELD_STOCKS\": 0.0, \"AUS_MUNICIPAL_BONDS\": 0.25, \"INFLATION_PROTECTED_BONDS\": 0.0, \"AUS_LARGE_CAP_VALUE_STOCKS\": 0.0, \"AUS_GOVT_BONDS\": 0.0, \"EUR_TOTAL_MARKET_STOCKS\": 0.0, \"AUS_CORPORATE_BONDS\": 0.0, \"CN_TOTAL_MARKET_STOCKS\": 0.24, \"EMERGING_MARKETS_STOCKS\": 0.0, \"AUS_TOTAL_MARKET_STOCKS\": 0.0}", "risk": 0.24}, "pk": 7565}, {"model": "portfolios.portfoliobyrisk", "fields": {"expected_return": -3.17, "portfolio_set": 1, "volatility": 4.1608, "allocations": "{\"UK_TOTAL_MARKET_BONDS\": 0.0, \"CN_TOTAL_MARKET_BONDS\": 0.0, \"AUS_SMALL_CAP_VALUE_STOCKS\": 0.0, \"ASIA_EXJAP_TOTAL_MARKET_BONDS\": 0.5, \"US_TOTAL_MARKET_STOCKS\": 0.0, \"JAP_TOTAL_MARKET_STOCKS\": 0.0, \"ASIA_EXJAP_TOTAL_MARKET_STOCKS\": 0.0, \"EMERGING_MARKETS_BONDS\": 0.0, \"EUR_TOTAL_MARKET_BONDS\": 0.0, \"INTERNATIONAL_BONDS\": 0.0, \"UK_TOTAL_MARKET_STOCKS\": 0.0, \"GLOBAL_MARKETS_STOCKS\": 0.0, \"US_TOTAL_MARKET_BONDS\": 0.0, \"AUS_HIGH_YIELD_STOCKS\": 0.0, \"AUS_MUNICIPAL_BONDS\": 0.25, \"INFLATION_PROTECTED_BONDS\": 0.0, \"AUS_LARGE_CAP_VALUE_STOCKS\": 0.0, \"AUS_GOVT_BONDS\": 0.0, \"EUR_TOTAL_MARKET_STOCKS\": 0.0, \"AUS_CORPORATE_BONDS\": 0.0, \"CN_TOTAL_MARKET_STOCKS\": 0.25, \"EMERGING_MARKETS_STOCKS\": 0.0, \"AUS_TOTAL_MARKET_STOCKS\": 0.0}", "risk": 0.25}, "pk": 7566}, {"model": "portfolios.portfoliobyrisk", "fields": {"expected_return": -3.1, "portfolio_set": 1, "volatility": 4.126, "allocations": "{\"UK_TOTAL_MARKET_BONDS\": 0.74, \"CN_TOTAL_MARKET_BONDS\": 0.0, \"AUS_SMALL_CAP_VALUE_STOCKS\": 0.0, \"ASIA_EXJAP_TOTAL_MARKET_BONDS\": 0.0, \"US_TOTAL_MARKET_STOCKS\": 0.0, \"JAP_TOTAL_MARKET_STOCKS\": 0.0, \"ASIA_EXJAP_TOTAL_MARKET_STOCKS\": 0.0, \"EMERGING_MARKETS_BONDS\": 0.0, \"EUR_TOTAL_MARKET_BONDS\": 0.0, \"INTERNATIONAL_BONDS\": 0.0, \"UK_TOTAL_MARKET_STOCKS\": 0.0, \"GLOBAL_MARKETS_STOCKS\": 0.0, \"US_TOTAL_MARKET_BONDS\": 0.0, \"AUS_HIGH_YIELD_STOCKS\": 0.0, \"AUS_MUNICIPAL_BONDS\": 0.0, \"INFLATION_PROTECTED_BONDS\": 0.0, \"AUS_LARGE_CAP_VALUE_STOCKS\": 0.25, \"AUS_GOVT_BONDS\": 0.0, \"EUR_TOTAL_MARKET_STOCKS\": 0.01, \"AUS_CORPORATE_BONDS\": 0.0, \"CN_TOTAL_MARKET_STOCKS\": 0.0, \"EMERGING_MARKETS_STOCKS\": 0.0, \"AUS_TOTAL_MARKET_STOCKS\": 0.0}", "risk": 0.26}, "pk": 7567}, {"model": "portfolios.portfoliobyrisk", "fields": {"expected_return": -3.03, "portfolio_set": 1, "volatility": 4.0977, "allocations": "{\"UK_TOTAL_MARKET_BONDS\": 0.0, \"CN_TOTAL_MARKET_BONDS\": 0.48, \"AUS_SMALL_CAP_VALUE_STOCKS\": 0.0, \"ASIA_EXJAP_TOTAL_MARKET_BONDS\": 0.0, \"US_TOTAL_MARKET_STOCKS\": 0.0, \"JAP_TOTAL_MARKET_STOCKS\": 0.0, \"ASIA_EXJAP_TOTAL_MARKET_STOCKS\": 0.0, \"EMERGING_MARKETS_BONDS\": 0.0, \"EUR_TOTAL_MARKET_BONDS\": 0.0, \"INTERNATIONAL_BONDS\": 0.0, \"UK_TOTAL_MARKET_STOCKS\": 0.0, \"GLOBAL_MARKETS_STOCKS\": 0.0, \"US_TOTAL_MARKET_BONDS\": 0.0, \"AUS_HIGH_YIELD_STOCKS\": 0.0, \"AUS_MUNICIPAL_BONDS\": 0.25, \"INFLATION_PROTECTED_BONDS\": 0.0, \"AUS_LARGE_CAP_VALUE_STOCKS\": 0.0, \"AUS_GOVT_BONDS\": 0.0, \"EUR_TOTAL_MARKET_STOCKS\": 0.0, \"AUS_CORPORATE_BONDS\": 0.0, \"CN_TOTAL_MARKET_STOCKS\": 0.27, \"EMERGING_MARKETS_STOCKS\": 0.0, \"AUS_TOTAL_MARKET_STOCKS\": 0.0}", "risk": 0.27}, "pk": 7568}, {"model": "portfolios.portfoliobyrisk", "fields": {"expected_return": -2.95, "portfolio_set": 1, "volatility": 4.0754, "allocations": "{\"UK_TOTAL_MARKET_BONDS\": 0.0, \"CN_TOTAL_MARKET_BONDS\": 0.47, \"AUS_SMALL_CAP_VALUE_STOCKS\": 0.0, \"ASIA_EXJAP_TOTAL_MARKET_BONDS\": 0.0, \"US_TOTAL_MARKET_STOCKS\": 0.0, \"JAP_TOTAL_MARKET_STOCKS\": 0.0, \"ASIA_EXJAP_TOTAL_MARKET_STOCKS\": 0.0, \"EMERGING_MARKETS_BONDS\": 0.0, \"EUR_TOTAL_MARKET_BONDS\": 0.0, \"INTERNATIONAL_BONDS\": 0.0, \"UK_TOTAL_MARKET_STOCKS\": 0.0, \"GLOBAL_MARKETS_STOCKS\": 0.0, \"US_TOTAL_MARKET_BONDS\": 0.0, \"AUS_HIGH_YIELD_STOCKS\": 0.0, \"AUS_MUNICIPAL_BONDS\": 0.25, \"INFLATION_PROTECTED_BONDS\": 0.0, \"AUS_LARGE_CAP_VALUE_STOCKS\": 0.0, \"AUS_GOVT_BONDS\": 0.0, \"EUR_TOTAL_MARKET_STOCKS\": 0.0, \"AUS_CORPORATE_BONDS\": 0.0, \"CN_TOTAL_MARKET_STOCKS\": 0.28, \"EMERGING_MARKETS_STOCKS\": 0.0, \"AUS_TOTAL_MARKET_STOCKS\": 0.0}", "risk": 0.28}, "pk": 7569}, {"model": "portfolios.portfoliobyrisk", "fields": {"expected_return": -2.87, "portfolio_set": 1, "volatility": 4.0611, "allocations": "{\"UK_TOTAL_MARKET_BONDS\": 0.71, \"CN_TOTAL_MARKET_BONDS\": 0.0, \"AUS_SMALL_CAP_VALUE_STOCKS\": 0.0, \"ASIA_EXJAP_TOTAL_MARKET_BONDS\": 0.0, \"US_TOTAL_MARKET_STOCKS\": 0.0, \"JAP_TOTAL_MARKET_STOCKS\": 0.0, \"ASIA_EXJAP_TOTAL_MARKET_STOCKS\": 0.0, \"EMERGING_MARKETS_BONDS\": 0.0, \"EUR_TOTAL_MARKET_BONDS\": 0.0, \"INTERNATIONAL_BONDS\": 0.0, \"UK_TOTAL_MARKET_STOCKS\": 0.0, \"GLOBAL_MARKETS_STOCKS\": 0.0, \"US_TOTAL_MARKET_BONDS\": 0.0, \"AUS_HIGH_YIELD_STOCKS\": 0.0, \"AUS_MUNICIPAL_BONDS\": 0.0, \"INFLATION_PROTECTED_BONDS\": 0.0, \"AUS_LARGE_CAP_VALUE_STOCKS\": 0.25, \"AUS_GOVT_BONDS\": 0.0, \"EUR_TOTAL_MARKET_STOCKS\": 0.04, \"AUS_CORPORATE_BONDS\": 0.0, \"CN_TOTAL_MARKET_STOCKS\": 0.0, \"EMERGING_MARKETS_STOCKS\": 0.0, \"AUS_TOTAL_MARKET_STOCKS\": 0.0}", "risk": 0.29}, "pk": 7570}, {"model": "portfolios.portfoliobyrisk", "fields": {"expected_return": -2.82, "portfolio_set": 1, "volatility": 4.0478, "allocations": "{\"UK_TOTAL_MARKET_BONDS\": 0.7, \"CN_TOTAL_MARKET_BONDS\": 0.0, \"AUS_SMALL_CAP_VALUE_STOCKS\": 0.0, \"ASIA_EXJAP_TOTAL_MARKET_BONDS\": 0.0, \"US_TOTAL_MARKET_STOCKS\": 0.0, \"JAP_TOTAL_MARKET_STOCKS\": 0.05, \"ASIA_EXJAP_TOTAL_MARKET_STOCKS\": 0.0, \"EMERGING_MARKETS_BONDS\": 0.0, \"EUR_TOTAL_MARKET_BONDS\": 0.0, \"INTERNATIONAL_BONDS\": 0.0, \"UK_TOTAL_MARKET_STOCKS\": 0.0, \"GLOBAL_MARKETS_STOCKS\": 0.0, \"US_TOTAL_MARKET_BONDS\": 0.0, \"AUS_HIGH_YIELD_STOCKS\": 0.0, \"AUS_MUNICIPAL_BONDS\": 0.0, \"INFLATION_PROTECTED_BONDS\": 0.0, \"AUS_LARGE_CAP_VALUE_STOCKS\": 0.25, \"AUS_GOVT_BONDS\": 0.0, \"EUR_TOTAL_MARKET_STOCKS\": 0.0, \"AUS_CORPORATE_BONDS\": 0.0, \"CN_TOTAL_MARKET_STOCKS\": 0.0, \"EMERGING_MARKETS_STOCKS\": 0.0, \"AUS_TOTAL_MARKET_STOCKS\": 0.0}", "risk": 0.3}, "pk": 7571}, {"model": "portfolios.portfoliobyrisk", "fields": {"expected_return": -2.25, "portfolio_set": 1, "volatility": 4.1251, "allocations": "{\"UK_TOTAL_MARKET_BONDS\": 0.69, \"CN_TOTAL_MARKET_BONDS\": 0.0, \"AUS_SMALL_CAP_VALUE_STOCKS\": 0.0, \"ASIA_EXJAP_TOTAL_MARKET_BONDS\": 0.0, \"US_TOTAL_MARKET_STOCKS\": 0.0, \"JAP_TOTAL_MARKET_STOCKS\": 0.06, \"ASIA_EXJAP_TOTAL_MARKET_STOCKS\": 0.0, \"EMERGING_MARKETS_BONDS\": 0.0, \"EUR_TOTAL_MARKET_BONDS\": 0.0, \"INTERNATIONAL_BONDS\": 0.0, \"UK_TOTAL_MARKET_STOCKS\": 0.0, \"GLOBAL_MARKETS_STOCKS\": 0.0, \"US_TOTAL_MARKET_BONDS\": 0.0, \"AUS_HIGH_YIELD_STOCKS\": 0.0, \"AUS_MUNICIPAL_BONDS\": 0.0, \"INFLATION_PROTECTED_BONDS\": 0.0, \"AUS_LARGE_CAP_VALUE_STOCKS\": 0.25, \"AUS_GOVT_BONDS\": 0.0, \"EUR_TOTAL_MARKET_STOCKS\": 0.0, \"AUS_CORPORATE_BONDS\": 0.0, \"CN_TOTAL_MARKET_STOCKS\": 0.0, \"EMERGING_MARKETS_STOCKS\": 0.0, \"AUS_TOTAL_MARKET_STOCKS\": 0.0}", "risk": 0.31}, "pk": 7572}, {"model": "portfolios.portfoliobyrisk", "fields": {"expected_return": -2.1, "portfolio_set": 1, "volatility": 4.1391, "allocations": "{\"UK_TOTAL_MARKET_BONDS\": 0.68, \"CN_TOTAL_MARKET_BONDS\": 0.0, \"AUS_SMALL_CAP_VALUE_STOCKS\": 0.0, \"ASIA_EXJAP_TOTAL_MARKET_BONDS\": 0.0, \"US_TOTAL_MARKET_STOCKS\": 0.0, \"JAP_TOTAL_MARKET_STOCKS\": 0.0, \"ASIA_EXJAP_TOTAL_MARKET_STOCKS\": 0.0, \"EMERGING_MARKETS_BONDS\": 0.0, \"EUR_TOTAL_MARKET_BONDS\": 0.0, \"INTERNATIONAL_BONDS\": 0.0, \"UK_TOTAL_MARKET_STOCKS\": 0.0, \"GLOBAL_MARKETS_STOCKS\": 0.0, \"US_TOTAL_MARKET_BONDS\": 0.0, \"AUS_HIGH_YIELD_STOCKS\": 0.0, \"AUS_MUNICIPAL_BONDS\": 0.0, \"INFLATION_PROTECTED_BONDS\": 0.0, \"AUS_LARGE_CAP_VALUE_STOCKS\": 0.25, \"AUS_GOVT_BONDS\": 0.0, \"EUR_TOTAL_MARKET_STOCKS\": 0.07, \"AUS_CORPORATE_BONDS\": 0.0, \"CN_TOTAL_MARKET_STOCKS\": 0.0, \"EMERGING_MARKETS_STOCKS\": 0.0, \"AUS_TOTAL_MARKET_STOCKS\": 0.0}", "risk": 0.32}, "pk": 7573}, {"model": "portfolios.portfoliobyrisk", "fields": {"expected_return": -1.95, "portfolio_set": 1, "volatility": 4.1586, "allocations": "{\"UK_TOTAL_MARKET_BONDS\": 0.0, \"CN_TOTAL_MARKET_BONDS\": 0.42, \"AUS_SMALL_CAP_VALUE_STOCKS\": 0.0, \"ASIA_EXJAP_TOTAL_MARKET_BONDS\": 0.0, \"US_TOTAL_MARKET_STOCKS\": 0.0, \"JAP_TOTAL_MARKET_STOCKS\": 0.0, \"ASIA_EXJAP_TOTAL_MARKET_STOCKS\": 0.0, \"EMERGING_MARKETS_BONDS\": 0.0, \"EUR_TOTAL_MARKET_BONDS\": 0.0, \"INTERNATIONAL_BONDS\": 0.0, \"UK_TOTAL_MARKET_STOCKS\": 0.0, \"GLOBAL_MARKETS_STOCKS\": 0.0, \"US_TOTAL_MARKET_BONDS\": 0.0, \"AUS_HIGH_YIELD_STOCKS\": 0.0, \"AUS_MUNICIPAL_BONDS\": 0.25, \"INFLATION_PROTECTED_BONDS\": 0.0, \"AUS_LARGE_CAP_VALUE_STOCKS\": 0.0, \"AUS_GOVT_BONDS\": 0.0, \"EUR_TOTAL_MARKET_STOCKS\": 0.0, \"AUS_CORPORATE_BONDS\": 0.0, \"CN_TOTAL_MARKET_STOCKS\": 0.33, \"EMERGING_MARKETS_STOCKS\": 0.0, \"AUS_TOTAL_MARKET_STOCKS\": 0.0}", "risk": 0.33}, "pk": 7574}, {"model": "portfolios.portfoliobyrisk", "fields": {"expected_return": -1.79, "portfolio_set": 1, "volatility": 4.1837, "allocations": "{\"UK_TOTAL_MARKET_BONDS\": 0.0, \"CN_TOTAL_MARKET_BONDS\": 0.41, \"AUS_SMALL_CAP_VALUE_STOCKS\": 0.0, \"ASIA_EXJAP_TOTAL_MARKET_BONDS\": 0.0, \"US_TOTAL_MARKET_STOCKS\": 0.0, \"JAP_TOTAL_MARKET_STOCKS\": 0.0, \"ASIA_EXJAP_TOTAL_MARKET_STOCKS\": 0.0, \"EMERGING_MARKETS_BONDS\": 0.0, \"EUR_TOTAL_MARKET_BONDS\": 0.0, \"INTERNATIONAL_BONDS\": 0.0, \"UK_TOTAL_MARKET_STOCKS\": 0.0, \"GLOBAL_MARKETS_STOCKS\": 0.0, \"US_TOTAL_MARKET_BONDS\": 0.0, \"AUS_HIGH_YIELD_STOCKS\": 0.0, \"AUS_MUNICIPAL_BONDS\": 0.25, \"INFLATION_PROTECTED_BONDS\": 0.0, \"AUS_LARGE_CAP_VALUE_STOCKS\": 0.0, \"AUS_GOVT_BONDS\": 0.0, \"EUR_TOTAL_MARKET_STOCKS\": 0.0, \"AUS_CORPORATE_BONDS\": 0.0, \"CN_TOTAL_MARKET_STOCKS\": 0.34, \"EMERGING_MARKETS_STOCKS\": 0.0, \"AUS_TOTAL_MARKET_STOCKS\": 0.0}", "risk": 0.34}, "pk": 7575}, {"model": "portfolios.portfoliobyrisk", "fields": {"expected_return": -1.64, "portfolio_set": 1, "volatility": 4.2141, "allocations": "{\"UK_TOTAL_MARKET_BONDS\": 0.0, \"CN_TOTAL_MARKET_BONDS\": 0.4, \"AUS_SMALL_CAP_VALUE_STOCKS\": 0.0, \"ASIA_EXJAP_TOTAL_MARKET_BONDS\": 0.0, \"US_TOTAL_MARKET_STOCKS\": 0.0, \"JAP_TOTAL_MARKET_STOCKS\": 0.0, \"ASIA_EXJAP_TOTAL_MARKET_STOCKS\": 0.0, \"EMERGING_MARKETS_BONDS\": 0.0, \"EUR_TOTAL_MARKET_BONDS\": 0.0, \"INTERNATIONAL_BONDS\": 0.0, \"UK_TOTAL_MARKET_STOCKS\": 0.0, \"GLOBAL_MARKETS_STOCKS\": 0.0, \"US_TOTAL_MARKET_BONDS\": 0.0, \"AUS_HIGH_YIELD_STOCKS\": 0.0, \"AUS_MUNICIPAL_BONDS\": 0.25, \"INFLATION_PROTECTED_BONDS\": 0.0, \"AUS_LARGE_CAP_VALUE_STOCKS\": 0.0, \"AUS_GOVT_BONDS\": 0.0, \"EUR_TOTAL_MARKET_STOCKS\": 0.0, \"AUS_CORPORATE_BONDS\": 0.0, \"CN_TOTAL_MARKET_STOCKS\": 0.35, \"EMERGING_MARKETS_STOCKS\": 0.0, \"AUS_TOTAL_MARKET_STOCKS\": 0.0}", "risk": 0.35}, "pk": 7576}, {"model": "portfolios.portfoliobyrisk", "fields": {"expected_return": -1.49, "portfolio_set": 1, "volatility": 4.2498, "allocations": "{\"UK_TOTAL_MARKET_BONDS\": 0.64, \"CN_TOTAL_MARKET_BONDS\": 0.0, \"AUS_SMALL_CAP_VALUE_STOCKS\": 0.0, \"ASIA_EXJAP_TOTAL_MARKET_BONDS\": 0.0, \"US_TOTAL_MARKET_STOCKS\": 0.0, \"JAP_TOTAL_MARKET_STOCKS\": 0.0, \"ASIA_EXJAP_TOTAL_MARKET_STOCKS\": 0.0, \"EMERGING_MARKETS_BONDS\": 0.0, \"EUR_TOTAL_MARKET_BONDS\": 0.0, \"INTERNATIONAL_BONDS\": 0.0, \"UK_TOTAL_MARKET_STOCKS\": 0.0, \"GLOBAL_MARKETS_STOCKS\": 0.0, \"US_TOTAL_MARKET_BONDS\": 0.0, \"AUS_HIGH_YIELD_STOCKS\": 0.0, \"AUS_MUNICIPAL_BONDS\": 0.0, \"INFLATION_PROTECTED_BONDS\": 0.0, \"AUS_LARGE_CAP_VALUE_STOCKS\": 0.25, \"AUS_GOVT_BONDS\": 0.0, \"EUR_TOTAL_MARKET_STOCKS\": 0.11, \"AUS_CORPORATE_BONDS\": 0.0, \"CN_TOTAL_MARKET_STOCKS\": 0.0, \"EMERGING_MARKETS_STOCKS\": 0.0, \"AUS_TOTAL_MARKET_STOCKS\": 0.0}", "risk": 0.36}, "pk": 7577}, {"model": "portfolios.portfoliobyrisk", "fields": {"expected_return": -1.33, "portfolio_set": 1, "volatility": 4.2918, "allocations": "{\"UK_TOTAL_MARKET_BONDS\": 0.0, \"CN_TOTAL_MARKET_BONDS\": 0.38, \"AUS_SMALL_CAP_VALUE_STOCKS\": 0.0, \"ASIA_EXJAP_TOTAL_MARKET_BONDS\": 0.0, \"US_TOTAL_MARKET_STOCKS\": 0.0, \"JAP_TOTAL_MARKET_STOCKS\": 0.0, \"ASIA_EXJAP_TOTAL_MARKET_STOCKS\": 0.0, \"EMERGING_MARKETS_BONDS\": 0.0, \"EUR_TOTAL_MARKET_BONDS\": 0.0, \"INTERNATIONAL_BONDS\": 0.0, \"UK_TOTAL_MARKET_STOCKS\": 0.0, \"GLOBAL_MARKETS_STOCKS\": 0.0, \"US_TOTAL_MARKET_BONDS\": 0.0, \"AUS_HIGH_YIELD_STOCKS\": 0.0, \"AUS_MUNICIPAL_BONDS\": 0.25, \"INFLATION_PROTECTED_BONDS\": 0.0, \"AUS_LARGE_CAP_VALUE_STOCKS\": 0.0, \"AUS_GOVT_BONDS\": 0.0, \"EUR_TOTAL_MARKET_STOCKS\": 0.0, \"AUS_CORPORATE_BONDS\": 0.0, \"CN_TOTAL_MARKET_STOCKS\": 0.37, \"EMERGING_MARKETS_STOCKS\": 0.0, \"AUS_TOTAL_MARKET_STOCKS\": 0.0}", "risk": 0.37}, "pk": 7578}, {"model": "portfolios.portfoliobyrisk", "fields": {"expected_return": -1.2, "portfolio_set": 1, "volatility": 4.332, "allocations": "{\"UK_TOTAL_MARKET_BONDS\": 0.62, \"CN_TOTAL_MARKET_BONDS\": 0.0, \"AUS_SMALL_CAP_VALUE_STOCKS\": 0.0, \"ASIA_EXJAP_TOTAL_MARKET_BONDS\": 0.0, \"US_TOTAL_MARKET_STOCKS\": 0.0, \"JAP_TOTAL_MARKET_STOCKS\": 0.0, \"ASIA_EXJAP_TOTAL_MARKET_STOCKS\": 0.0, \"EMERGING_MARKETS_BONDS\": 0.0, \"EUR_TOTAL_MARKET_BONDS\": 0.0, \"INTERNATIONAL_BONDS\": 0.0, \"UK_TOTAL_MARKET_STOCKS\": 0.0, \"GLOBAL_MARKETS_STOCKS\": 0.0, \"US_TOTAL_MARKET_BONDS\": 0.0, \"AUS_HIGH_YIELD_STOCKS\": 0.0, \"AUS_MUNICIPAL_BONDS\": 0.0, \"INFLATION_PROTECTED_BONDS\": 0.0, \"AUS_LARGE_CAP_VALUE_STOCKS\": 0.25, \"AUS_GOVT_BONDS\": 0.0, \"EUR_TOTAL_MARKET_STOCKS\": 0.13, \"AUS_CORPORATE_BONDS\": 0.0, \"CN_TOTAL_MARKET_STOCKS\": 0.0, \"EMERGING_MARKETS_STOCKS\": 0.0, \"AUS_TOTAL_MARKET_STOCKS\": 0.0}", "risk": 0.38}, "pk": 7579}, {"model": "portfolios.portfoliobyrisk", "fields": {"expected_return": -1.04, "portfolio_set": 1, "volatility": 4.3848, "allocations": "{\"UK_TOTAL_MARKET_BONDS\": 0.0, \"CN_TOTAL_MARKET_BONDS\": 0.0, \"AUS_SMALL_CAP_VALUE_STOCKS\": 0.0, \"ASIA_EXJAP_TOTAL_MARKET_BONDS\": 0.36, \"US_TOTAL_MARKET_STOCKS\": 0.0, \"JAP_TOTAL_MARKET_STOCKS\": 0.0, \"ASIA_EXJAP_TOTAL_MARKET_STOCKS\": 0.0, \"EMERGING_MARKETS_BONDS\": 0.0, \"EUR_TOTAL_MARKET_BONDS\": 0.0, \"INTERNATIONAL_BONDS\": 0.0, \"UK_TOTAL_MARKET_STOCKS\": 0.0, \"GLOBAL_MARKETS_STOCKS\": 0.0, \"US_TOTAL_MARKET_BONDS\": 0.0, \"AUS_HIGH_YIELD_STOCKS\": 0.0, \"AUS_MUNICIPAL_BONDS\": 0.25, \"INFLATION_PROTECTED_BONDS\": 0.0, \"AUS_LARGE_CAP_VALUE_STOCKS\": 0.0, \"AUS_GOVT_BONDS\": 0.0, \"EUR_TOTAL_MARKET_STOCKS\": 0.0, \"AUS_CORPORATE_BONDS\": 0.0, \"CN_TOTAL_MARKET_STOCKS\": 0.39, \"EMERGING_MARKETS_STOCKS\": 0.0, \"AUS_TOTAL_MARKET_STOCKS\": 0.0}", "risk": 0.39}, "pk": 7580}, {"model": "portfolios.portfoliobyrisk", "fields": {"expected_return": -0.88, "portfolio_set": 1, "volatility": 4.4417, "allocations": "{\"UK_TOTAL_MARKET_BONDS\": 0.0, \"CN_TOTAL_MARKET_BONDS\": 0.35, \"AUS_SMALL_CAP_VALUE_STOCKS\": 0.0, \"ASIA_EXJAP_TOTAL_MARKET_BONDS\": 0.0, \"US_TOTAL_MARKET_STOCKS\": 0.0, \"JAP_TOTAL_MARKET_STOCKS\": 0.0, \"ASIA_EXJAP_TOTAL_MARKET_STOCKS\": 0.0, \"EMERGING_MARKETS_BONDS\": 0.0, \"EUR_TOTAL_MARKET_BONDS\": 0.0, \"INTERNATIONAL_BONDS\": 0.0, \"UK_TOTAL_MARKET_STOCKS\": 0.0, \"GLOBAL_MARKETS_STOCKS\": 0.0, \"US_TOTAL_MARKET_BONDS\": 0.0, \"AUS_HIGH_YIELD_STOCKS\": 0.0, \"AUS_MUNICIPAL_BONDS\": 0.25, \"INFLATION_PROTECTED_BONDS\": 0.0, \"AUS_LARGE_CAP_VALUE_STOCKS\": 0.0, \"AUS_GOVT_BONDS\": 0.0, \"EUR_TOTAL_MARKET_STOCKS\": 0.0, \"AUS_CORPORATE_BONDS\": 0.0, \"CN_TOTAL_MARKET_STOCKS\": 0.4, \"EMERGING_MARKETS_STOCKS\": 0.0, \"AUS_TOTAL_MARKET_STOCKS\": 0.0}", "risk": 0.4}, "pk": 7581}, {"model": "portfolios.portfoliobyrisk", "fields": {"expected_return": -0.75, "portfolio_set": 1, "volatility": 4.4964, "allocations": "{\"UK_TOTAL_MARKET_BONDS\": 0.59, \"CN_TOTAL_MARKET_BONDS\": 0.0, \"AUS_SMALL_CAP_VALUE_STOCKS\": 0.0, \"ASIA_EXJAP_TOTAL_MARKET_BONDS\": 0.0, \"US_TOTAL_MARKET_STOCKS\": 0.0, \"JAP_TOTAL_MARKET_STOCKS\": 0.16, \"ASIA_EXJAP_TOTAL_MARKET_STOCKS\": 0.0, \"EMERGING_MARKETS_BONDS\": 0.0, \"EUR_TOTAL_MARKET_BONDS\": 0.0, \"INTERNATIONAL_BONDS\": 0.0, \"UK_TOTAL_MARKET_STOCKS\": 0.0, \"GLOBAL_MARKETS_STOCKS\": 0.0, \"US_TOTAL_MARKET_BONDS\": 0.0, \"AUS_HIGH_YIELD_STOCKS\": 0.0, \"AUS_MUNICIPAL_BONDS\": 0.0, \"INFLATION_PROTECTED_BONDS\": 0.0, \"AUS_LARGE_CAP_VALUE_STOCKS\": 0.25, \"AUS_GOVT_BONDS\": 0.0, \"EUR_TOTAL_MARKET_STOCKS\": 0.0, \"AUS_CORPORATE_BONDS\": 0.0, \"CN_TOTAL_MARKET_STOCKS\": 0.0, \"EMERGING_MARKETS_STOCKS\": 0.0, \"AUS_TOTAL_MARKET_STOCKS\": 0.0}", "risk": 0.41}, "pk": 7582}, {"model": "portfolios.portfoliobyrisk", "fields": {"expected_return": -0.56, "portfolio_set": 1, "volatility": 4.567, "allocations": "{\"UK_TOTAL_MARKET_BONDS\": 0.0, \"CN_TOTAL_MARKET_BONDS\": 0.58, \"AUS_SMALL_CAP_VALUE_STOCKS\": 0.25, \"ASIA_EXJAP_TOTAL_MARKET_BONDS\": 0.0, \"US_TOTAL_MARKET_STOCKS\": 0.0, \"JAP_TOTAL_MARKET_STOCKS\": 0.0, \"ASIA_EXJAP_TOTAL_MARKET_STOCKS\": 0.0, \"EMERGING_MARKETS_BONDS\": 0.0, \"EUR_TOTAL_MARKET_BONDS\": 0.0, \"INTERNATIONAL_BONDS\": 0.0, \"UK_TOTAL_MARKET_STOCKS\": 0.0, \"GLOBAL_MARKETS_STOCKS\": 0.0, \"US_TOTAL_MARKET_BONDS\": 0.0, \"AUS_HIGH_YIELD_STOCKS\": 0.0, \"AUS_MUNICIPAL_BONDS\": 0.0, \"INFLATION_PROTECTED_BONDS\": 0.0, \"AUS_LARGE_CAP_VALUE_STOCKS\": 0.0, \"AUS_GOVT_BONDS\": 0.0, \"EUR_TOTAL_MARKET_STOCKS\": 0.0, \"AUS_CORPORATE_BONDS\": 0.0, \"CN_TOTAL_MARKET_STOCKS\": 0.17, \"EMERGING_MARKETS_STOCKS\": 0.0, \"AUS_TOTAL_MARKET_STOCKS\": 0.0}", "risk": 0.42}, "pk": 7583}, {"model": "portfolios.portfoliobyrisk", "fields": {"expected_return": -0.49, "portfolio_set": 1, "volatility": 4.6219, "allocations": "{\"UK_TOTAL_MARKET_BONDS\": 0.57, \"CN_TOTAL_MARKET_BONDS\": 0.0, \"AUS_SMALL_CAP_VALUE_STOCKS\": 0.0, \"ASIA_EXJAP_TOTAL_MARKET_BONDS\": 0.0, \"US_TOTAL_MARKET_STOCKS\": 0.0, \"JAP_TOTAL_MARKET_STOCKS\": 0.18, \"ASIA_EXJAP_TOTAL_MARKET_STOCKS\": 0.0, \"EMERGING_MARKETS_BONDS\": 0.0, \"EUR_TOTAL_MARKET_BONDS\": 0.0, \"INTERNATIONAL_BONDS\": 0.0, \"UK_TOTAL_MARKET_STOCKS\": 0.0, \"GLOBAL_MARKETS_STOCKS\": 0.0, \"US_TOTAL_MARKET_BONDS\": 0.0, \"AUS_HIGH_YIELD_STOCKS\": 0.0, \"AUS_MUNICIPAL_BONDS\": 0.0, \"INFLATION_PROTECTED_BONDS\": 0.0, \"AUS_LARGE_CAP_VALUE_STOCKS\": 0.25, \"AUS_GOVT_BONDS\": 0.0, \"EUR_TOTAL_MARKET_STOCKS\": 0.0, \"AUS_CORPORATE_BONDS\": 0.0, \"CN_TOTAL_MARKET_STOCKS\": 0.0, \"EMERGING_MARKETS_STOCKS\": 0.0, \"AUS_TOTAL_MARKET_STOCKS\": 0.0}", "risk": 0.43}, "pk": 7584}, {"model": "portfolios.portfoliobyrisk", "fields": {"expected_return": -0.26, "portfolio_set": 1, "volatility": 4.7078, "allocations": "{\"UK_TOTAL_MARKET_BONDS\": 0.56, \"CN_TOTAL_MARKET_BONDS\": 0.0, \"AUS_SMALL_CAP_VALUE_STOCKS\": 0.0, \"ASIA_EXJAP_TOTAL_MARKET_BONDS\": 0.0, \"US_TOTAL_MARKET_STOCKS\": 0.0, \"JAP_TOTAL_MARKET_STOCKS\": 0.0, \"ASIA_EXJAP_TOTAL_MARKET_STOCKS\": 0.0, \"EMERGING_MARKETS_BONDS\": 0.0, \"EUR_TOTAL_MARKET_BONDS\": 0.0, \"INTERNATIONAL_BONDS\": 0.0, \"UK_TOTAL_MARKET_STOCKS\": 0.0, \"GLOBAL_MARKETS_STOCKS\": 0.0, \"US_TOTAL_MARKET_BONDS\": 0.0, \"AUS_HIGH_YIELD_STOCKS\": 0.0, \"AUS_MUNICIPAL_BONDS\": 0.0, \"INFLATION_PROTECTED_BONDS\": 0.0, \"AUS_LARGE_CAP_VALUE_STOCKS\": 0.25, \"AUS_GOVT_BONDS\": 0.0, \"EUR_TOTAL_MARKET_STOCKS\": 0.19, \"AUS_CORPORATE_BONDS\": 0.0, \"CN_TOTAL_MARKET_STOCKS\": 0.0, \"EMERGING_MARKETS_STOCKS\": 0.0, \"AUS_TOTAL_MARKET_STOCKS\": 0.0}", "risk": 0.44}, "pk": 7585}, {"model": "portfolios.portfoliobyrisk", "fields": {"expected_return": -0.1, "portfolio_set": 1, "volatility": 4.784, "allocations": "{\"UK_TOTAL_MARKET_BONDS\": 0.0, \"CN_TOTAL_MARKET_BONDS\": 0.0, \"AUS_SMALL_CAP_VALUE_STOCKS\": 0.0, \"ASIA_EXJAP_TOTAL_MARKET_BONDS\": 0.3, \"US_TOTAL_MARKET_STOCKS\": 0.0, \"JAP_TOTAL_MARKET_STOCKS\": 0.0, \"ASIA_EXJAP_TOTAL_MARKET_STOCKS\": 0.0, \"EMERGING_MARKETS_BONDS\": 0.0, \"EUR_TOTAL_MARKET_BONDS\": 0.0, \"INTERNATIONAL_BONDS\": 0.0, \"UK_TOTAL_MARKET_STOCKS\": 0.0, \"GLOBAL_MARKETS_STOCKS\": 0.0, \"US_TOTAL_MARKET_BONDS\": 0.0, \"AUS_HIGH_YIELD_STOCKS\": 0.0, \"AUS_MUNICIPAL_BONDS\": 0.25, \"INFLATION_PROTECTED_BONDS\": 0.0, \"AUS_LARGE_CAP_VALUE_STOCKS\": 0.0, \"AUS_GOVT_BONDS\": 0.0, \"EUR_TOTAL_MARKET_STOCKS\": 0.0, \"AUS_CORPORATE_BONDS\": 0.0, \"CN_TOTAL_MARKET_STOCKS\": 0.45, \"EMERGING_MARKETS_STOCKS\": 0.0, \"AUS_TOTAL_MARKET_STOCKS\": 0.0}", "risk": 0.45}, "pk": 7586}, {"model": "portfolios.portfoliobyrisk", "fields": {"expected_return": 0.05, "portfolio_set": 1, "volatility": 4.8638, "allocations": "{\"UK_TOTAL_MARKET_BONDS\": 0.0, \"CN_TOTAL_MARKET_BONDS\": 0.0, \"AUS_SMALL_CAP_VALUE_STOCKS\": 0.0, \"ASIA_EXJAP_TOTAL_MARKET_BONDS\": 0.54, \"US_TOTAL_MARKET_STOCKS\": 0.0, \"JAP_TOTAL_MARKET_STOCKS\": 0.0, \"ASIA_EXJAP_TOTAL_MARKET_STOCKS\": 0.0, \"EMERGING_MARKETS_BONDS\": 0.0, \"EUR_TOTAL_MARKET_BONDS\": 0.0, \"INTERNATIONAL_BONDS\": 0.0, \"UK_TOTAL_MARKET_STOCKS\": 0.0, \"GLOBAL_MARKETS_STOCKS\": 0.0, \"US_TOTAL_MARKET_BONDS\": 0.0, \"AUS_HIGH_YIELD_STOCKS\": 0.0, \"AUS_MUNICIPAL_BONDS\": 0.0, \"INFLATION_PROTECTED_BONDS\": 0.0, \"AUS_LARGE_CAP_VALUE_STOCKS\": 0.0, \"AUS_GOVT_BONDS\": 0.0, \"EUR_TOTAL_MARKET_STOCKS\": 0.0, \"AUS_CORPORATE_BONDS\": 0.0, \"CN_TOTAL_MARKET_STOCKS\": 0.21, \"EMERGING_MARKETS_STOCKS\": 0.0, \"AUS_TOTAL_MARKET_STOCKS\": 0.25}", "risk": 0.46}, "pk": 7587}, {"model": "portfolios.portfoliobyrisk", "fields": {"expected_return": 0.2, "portfolio_set": 1, "volatility": 4.947, "allocations": "{\"UK_TOTAL_MARKET_BONDS\": 0.0, \"CN_TOTAL_MARKET_BONDS\": 0.53, \"AUS_SMALL_CAP_VALUE_STOCKS\": 0.0, \"ASIA_EXJAP_TOTAL_MARKET_BONDS\": 0.0, \"US_TOTAL_MARKET_STOCKS\": 0.0, \"JAP_TOTAL_MARKET_STOCKS\": 0.0, \"ASIA_EXJAP_TOTAL_MARKET_STOCKS\": 0.0, \"EMERGING_MARKETS_BONDS\": 0.0, \"EUR_TOTAL_MARKET_BONDS\": 0.0, \"INTERNATIONAL_BONDS\": 0.0, \"UK_TOTAL_MARKET_STOCKS\": 0.0, \"GLOBAL_MARKETS_STOCKS\": 0.0, \"US_TOTAL_MARKET_BONDS\": 0.0, \"AUS_HIGH_YIELD_STOCKS\": 0.3609, \"AUS_MUNICIPAL_BONDS\": 0.0, \"INFLATION_PROTECTED_BONDS\": 0.0, \"AUS_LARGE_CAP_VALUE_STOCKS\": 0.0, \"AUS_GOVT_BONDS\": 0.0, \"EUR_TOTAL_MARKET_STOCKS\": 0.0, \"AUS_CORPORATE_BONDS\": 0.0, \"CN_TOTAL_MARKET_STOCKS\": 0.1091, \"EMERGING_MARKETS_STOCKS\": 0.0, \"AUS_TOTAL_MARKET_STOCKS\": 0.0}", "risk": 0.47}, "pk": 7588}, {"model": "portfolios.portfoliobyrisk", "fields": {"expected_return": 0.15, "portfolio_set": 1, "volatility": 5.0031, "allocations": "{\"UK_TOTAL_MARKET_BONDS\": 0.27, \"CN_TOTAL_MARKET_BONDS\": 0.0, \"AUS_SMALL_CAP_VALUE_STOCKS\": 0.0, \"ASIA_EXJAP_TOTAL_MARKET_BONDS\": 0.0, \"US_TOTAL_MARKET_STOCKS\": 0.0, \"JAP_TOTAL_MARKET_STOCKS\": 0.0, \"ASIA_EXJAP_TOTAL_MARKET_STOCKS\": 0.0, \"EMERGING_MARKETS_BONDS\": 0.0, \"EUR_TOTAL_MARKET_BONDS\": 0.0, \"INTERNATIONAL_BONDS\": 0.0, \"UK_TOTAL_MARKET_STOCKS\": 0.0, \"GLOBAL_MARKETS_STOCKS\": 0.0, \"US_TOTAL_MARKET_BONDS\": 0.0, \"AUS_HIGH_YIELD_STOCKS\": 0.0, \"AUS_MUNICIPAL_BONDS\": 0.0, \"INFLATION_PROTECTED_BONDS\": 0.0, \"AUS_LARGE_CAP_VALUE_STOCKS\": 0.0, \"AUS_GOVT_BONDS\": 0.0, \"EUR_TOTAL_MARKET_STOCKS\": 0.48, \"AUS_CORPORATE_BONDS\": 0.25, \"CN_TOTAL_MARKET_STOCKS\": 0.0, \"EMERGING_MARKETS_STOCKS\": 0.0, \"AUS_TOTAL_MARKET_STOCKS\": 0.0}", "risk": 0.48}, "pk": 7589}, {"model": "portfolios.portfoliobyrisk", "fields": {"expected_return": 0.45, "portfolio_set": 1, "volatility": 5.1146, "allocations": "{\"UK_TOTAL_MARKET_BONDS\": 0.0, \"CN_TOTAL_MARKET_BONDS\": 0.0, \"AUS_SMALL_CAP_VALUE_STOCKS\": 0.0, \"ASIA_EXJAP_TOTAL_MARKET_BONDS\": 0.26, \"US_TOTAL_MARKET_STOCKS\": 0.0, \"JAP_TOTAL_MARKET_STOCKS\": 0.0, \"ASIA_EXJAP_TOTAL_MARKET_STOCKS\": 0.0, \"EMERGING_MARKETS_BONDS\": 0.0, \"EUR_TOTAL_MARKET_BONDS\": 0.0, \"INTERNATIONAL_BONDS\": 0.0, \"UK_TOTAL_MARKET_STOCKS\": 0.0, \"GLOBAL_MARKETS_STOCKS\": 0.0, \"US_TOTAL_MARKET_BONDS\": 0.0, \"AUS_HIGH_YIELD_STOCKS\": 0.0, \"AUS_MUNICIPAL_BONDS\": 0.25, \"INFLATION_PROTECTED_BONDS\": 0.0, \"AUS_LARGE_CAP_VALUE_STOCKS\": 0.0, \"AUS_GOVT_BONDS\": 0.0, \"EUR_TOTAL_MARKET_STOCKS\": 0.0, \"AUS_CORPORATE_BONDS\": 0.0, \"CN_TOTAL_MARKET_STOCKS\": 0.49, \"EMERGING_MARKETS_STOCKS\": 0.0, \"AUS_TOTAL_MARKET_STOCKS\": 0.0}", "risk": 0.49}, "pk": 7590}, {"model": "portfolios.portfoliobyrisk", "fields": {"expected_return": 0.41, "portfolio_set": 1, "volatility": 5.1807, "allocations": "{\"UK_TOTAL_MARKET_BONDS\": 0.0, \"CN_TOTAL_MARKET_BONDS\": 0.25, \"AUS_SMALL_CAP_VALUE_STOCKS\": 0.0, \"ASIA_EXJAP_TOTAL_MARKET_BONDS\": 0.0, \"US_TOTAL_MARKET_STOCKS\": 0.0, \"JAP_TOTAL_MARKET_STOCKS\": 0.0, \"ASIA_EXJAP_TOTAL_MARKET_STOCKS\": 0.0, \"EMERGING_MARKETS_BONDS\": 0.0, \"EUR_TOTAL_MARKET_BONDS\": 0.0, \"INTERNATIONAL_BONDS\": 0.0, \"UK_TOTAL_MARKET_STOCKS\": 0.0, \"GLOBAL_MARKETS_STOCKS\": 0.0, \"US_TOTAL_MARKET_BONDS\": 0.0, \"AUS_HIGH_YIELD_STOCKS\": 0.0, \"AUS_MUNICIPAL_BONDS\": 0.25, \"INFLATION_PROTECTED_BONDS\": 0.0, \"AUS_LARGE_CAP_VALUE_STOCKS\": 0.0, \"AUS_GOVT_BONDS\": 0.0, \"EUR_TOTAL_MARKET_STOCKS\": 0.0, \"AUS_CORPORATE_BONDS\": 0.0, \"CN_TOTAL_MARKET_STOCKS\": 0.5, \"EMERGING_MARKETS_STOCKS\": 0.0, \"AUS_TOTAL_MARKET_STOCKS\": 0.0}", "risk": 0.5}, "pk": 7591}, {"model": "portfolios.portfoliobyrisk", "fields": {"expected_return": 0.71, "portfolio_set": 1, "volatility": 5.2958, "allocations": "{\"UK_TOTAL_MARKET_BONDS\": 0.0, \"CN_TOTAL_MARKET_BONDS\": 0.24, \"AUS_SMALL_CAP_VALUE_STOCKS\": 0.0, \"ASIA_EXJAP_TOTAL_MARKET_BONDS\": 0.0, \"US_TOTAL_MARKET_STOCKS\": 0.0, \"JAP_TOTAL_MARKET_STOCKS\": 0.0, \"ASIA_EXJAP_TOTAL_MARKET_STOCKS\": 0.0, \"EMERGING_MARKETS_BONDS\": 0.0, \"EUR_TOTAL_MARKET_BONDS\": 0.0, \"INTERNATIONAL_BONDS\": 0.0, \"UK_TOTAL_MARKET_STOCKS\": 0.0, \"GLOBAL_MARKETS_STOCKS\": 0.0, \"US_TOTAL_MARKET_BONDS\": 0.0, \"AUS_HIGH_YIELD_STOCKS\": 0.0, \"AUS_MUNICIPAL_BONDS\": 0.25, \"INFLATION_PROTECTED_BONDS\": 0.0, \"AUS_LARGE_CAP_VALUE_STOCKS\": 0.0, \"AUS_GOVT_BONDS\": 0.0, \"EUR_TOTAL_MARKET_STOCKS\": 0.0, \"AUS_CORPORATE_BONDS\": 0.0, \"CN_TOTAL_MARKET_STOCKS\": 0.51, \"EMERGING_MARKETS_STOCKS\": 0.0, \"AUS_TOTAL_MARKET_STOCKS\": 0.0}", "risk": 0.51}, "pk": 7592}, {"model": "portfolios.portfoliobyrisk", "fields": {"expected_return": 1.14, "portfolio_set": 1, "volatility": 5.434, "allocations": "{\"UK_TOTAL_MARKET_BONDS\": 0.0, \"CN_TOTAL_MARKET_BONDS\": 0.0, \"AUS_SMALL_CAP_VALUE_STOCKS\": 0.0, \"ASIA_EXJAP_TOTAL_MARKET_BONDS\": 0.0, \"US_TOTAL_MARKET_STOCKS\": 0.0, \"JAP_TOTAL_MARKET_STOCKS\": 0.0, \"ASIA_EXJAP_TOTAL_MARKET_STOCKS\": 0.0, \"EMERGING_MARKETS_BONDS\": 0.0, \"EUR_TOTAL_MARKET_BONDS\": 0.23, \"INTERNATIONAL_BONDS\": 0.0, \"UK_TOTAL_MARKET_STOCKS\": 0.0, \"GLOBAL_MARKETS_STOCKS\": 0.52, \"US_TOTAL_MARKET_BONDS\": 0.0, \"AUS_HIGH_YIELD_STOCKS\": 0.0, \"AUS_MUNICIPAL_BONDS\": 0.2496, \"INFLATION_PROTECTED_BONDS\": 0.0, \"AUS_LARGE_CAP_VALUE_STOCKS\": 0.0, \"AUS_GOVT_BONDS\": 0.0, \"EUR_TOTAL_MARKET_STOCKS\": 0.0, \"AUS_CORPORATE_BONDS\": 0.0004, \"CN_TOTAL_MARKET_STOCKS\": 0.0, \"EMERGING_MARKETS_STOCKS\": 0.0, \"AUS_TOTAL_MARKET_STOCKS\": 0.0}", "risk": 0.52}, "pk": 7593}, {"model": "portfolios.portfoliobyrisk", "fields": {"expected_return": 1.13, "portfolio_set": 1, "volatility": 5.5095, "allocations": "{\"UK_TOTAL_MARKET_BONDS\": 0.21, \"CN_TOTAL_MARKET_BONDS\": 0.0, \"AUS_SMALL_CAP_VALUE_STOCKS\": 0.2006, \"ASIA_EXJAP_TOTAL_MARKET_BONDS\": 0.0, \"US_TOTAL_MARKET_STOCKS\": 0.0, \"JAP_TOTAL_MARKET_STOCKS\": 0.0, \"ASIA_EXJAP_TOTAL_MARKET_STOCKS\": 0.0, \"EMERGING_MARKETS_BONDS\": 0.0, \"EUR_TOTAL_MARKET_BONDS\": 0.2106, \"INTERNATIONAL_BONDS\": 0.0, \"UK_TOTAL_MARKET_STOCKS\": 0.0, \"GLOBAL_MARKETS_STOCKS\": 0.0, \"US_TOTAL_MARKET_BONDS\": 0.0, \"AUS_HIGH_YIELD_STOCKS\": 0.0, \"AUS_MUNICIPAL_BONDS\": 0.0, \"INFLATION_PROTECTED_BONDS\": 0.0, \"AUS_LARGE_CAP_VALUE_STOCKS\": 0.0, \"AUS_GOVT_BONDS\": 0.0, \"EUR_TOTAL_MARKET_STOCKS\": 0.3294, \"AUS_CORPORATE_BONDS\": 0.0494, \"CN_TOTAL_MARKET_STOCKS\": 0.0, \"EMERGING_MARKETS_STOCKS\": 0.0, \"AUS_TOTAL_MARKET_STOCKS\": 0.0}", "risk": 0.53}, "pk": 7594}, {"model": "portfolios.portfoliobyrisk", "fields": {"expected_return": 1.37, "portfolio_set": 1, "volatility": 5.6253, "allocations": "{\"UK_TOTAL_MARKET_BONDS\": 0.46, \"CN_TOTAL_MARKET_BONDS\": 0.0, \"AUS_SMALL_CAP_VALUE_STOCKS\": 0.0, \"ASIA_EXJAP_TOTAL_MARKET_BONDS\": 0.0, \"US_TOTAL_MARKET_STOCKS\": 0.0, \"JAP_TOTAL_MARKET_STOCKS\": 0.0, \"ASIA_EXJAP_TOTAL_MARKET_STOCKS\": 0.0, \"EMERGING_MARKETS_BONDS\": 0.0, \"EUR_TOTAL_MARKET_BONDS\": 0.0, \"INTERNATIONAL_BONDS\": 0.0, \"UK_TOTAL_MARKET_STOCKS\": 0.0, \"GLOBAL_MARKETS_STOCKS\": 0.0, \"US_TOTAL_MARKET_BONDS\": 0.0, \"AUS_HIGH_YIELD_STOCKS\": 0.0, \"AUS_MUNICIPAL_BONDS\": 0.0, \"INFLATION_PROTECTED_BONDS\": 0.0, \"AUS_LARGE_CAP_VALUE_STOCKS\": 0.25, \"AUS_GOVT_BONDS\": 0.0, \"EUR_TOTAL_MARKET_STOCKS\": 0.29, \"AUS_CORPORATE_BONDS\": 0.0, \"CN_TOTAL_MARKET_STOCKS\": 0.0, \"EMERGING_MARKETS_STOCKS\": 0.0, \"AUS_TOTAL_MARKET_STOCKS\": 0.0}", "risk": 0.54}, "pk": 7595}, {"model": "portfolios.portfoliobyrisk", "fields": {"expected_return": 1.43, "portfolio_set": 1, "volatility": 5.7175, "allocations": "{\"UK_TOTAL_MARKET_BONDS\": 0.0, \"CN_TOTAL_MARKET_BONDS\": 0.45, \"AUS_SMALL_CAP_VALUE_STOCKS\": 0.0, \"ASIA_EXJAP_TOTAL_MARKET_BONDS\": 0.0, \"US_TOTAL_MARKET_STOCKS\": 0.0, \"JAP_TOTAL_MARKET_STOCKS\": 0.0, \"ASIA_EXJAP_TOTAL_MARKET_STOCKS\": 0.0, \"EMERGING_MARKETS_BONDS\": 0.0, \"EUR_TOTAL_MARKET_BONDS\": 0.0, \"INTERNATIONAL_BONDS\": 0.0, \"UK_TOTAL_MARKET_STOCKS\": 0.0, \"GLOBAL_MARKETS_STOCKS\": 0.0173, \"US_TOTAL_MARKET_BONDS\": 0.0, \"AUS_HIGH_YIELD_STOCKS\": 0.25, \"AUS_MUNICIPAL_BONDS\": 0.0, \"INFLATION_PROTECTED_BONDS\": 0.0, \"AUS_LARGE_CAP_VALUE_STOCKS\": 0.0, \"AUS_GOVT_BONDS\": 0.0, \"EUR_TOTAL_MARKET_STOCKS\": 0.0, \"AUS_CORPORATE_BONDS\": 0.0, \"CN_TOTAL_MARKET_STOCKS\": 0.2827, \"EMERGING_MARKETS_STOCKS\": 0.0, \"AUS_TOTAL_MARKET_STOCKS\": 0.0}", "risk": 0.55}, "pk": 7596}, {"model": "portfolios.portfoliobyrisk", "fields": {"expected_return": 1.62, "portfolio_set": 1, "volatility": 5.8293, "allocations": "{\"UK_TOTAL_MARKET_BONDS\": 0.0, \"CN_TOTAL_MARKET_BONDS\": 0.2467, \"AUS_SMALL_CAP_VALUE_STOCKS\": 0.0, \"ASIA_EXJAP_TOTAL_MARKET_BONDS\": 0.1933, \"US_TOTAL_MARKET_STOCKS\": 0.0, \"JAP_TOTAL_MARKET_STOCKS\": 0.31, \"ASIA_EXJAP_TOTAL_MARKET_STOCKS\": 0.0, \"EMERGING_MARKETS_BONDS\": 0.0, \"EUR_TOTAL_MARKET_BONDS\": 0.0, \"INTERNATIONAL_BONDS\": 0.0, \"UK_TOTAL_MARKET_STOCKS\": 0.0, \"GLOBAL_MARKETS_STOCKS\": 0.0, \"US_TOTAL_MARKET_BONDS\": 0.0, \"AUS_HIGH_YIELD_STOCKS\": 0.0, \"AUS_MUNICIPAL_BONDS\": 0.0, \"INFLATION_PROTECTED_BONDS\": 0.0, \"AUS_LARGE_CAP_VALUE_STOCKS\": 0.1453, \"AUS_GOVT_BONDS\": 0.0, \"EUR_TOTAL_MARKET_STOCKS\": 0.0, \"AUS_CORPORATE_BONDS\": 0.0, \"CN_TOTAL_MARKET_STOCKS\": 0.0, \"EMERGING_MARKETS_STOCKS\": 0.0, \"AUS_TOTAL_MARKET_STOCKS\": 0.1047}", "risk": 0.56}, "pk": 7597}, {"model": "portfolios.portfoliobyrisk", "fields": {"expected_return": 0.83, "portfolio_set": 1, "volatility": 5.9725, "allocations": "{\"UK_TOTAL_MARKET_BONDS\": 0.43, \"CN_TOTAL_MARKET_BONDS\": 0.0, \"AUS_SMALL_CAP_VALUE_STOCKS\": 0.0, \"ASIA_EXJAP_TOTAL_MARKET_BONDS\": 0.0, \"US_TOTAL_MARKET_STOCKS\": 0.0, \"JAP_TOTAL_MARKET_STOCKS\": 0.0, \"ASIA_EXJAP_TOTAL_MARKET_STOCKS\": 0.0, \"EMERGING_MARKETS_BONDS\": 0.0, \"EUR_TOTAL_MARKET_BONDS\": 0.0, \"INTERNATIONAL_BONDS\": 0.0, \"UK_TOTAL_MARKET_STOCKS\": 0.0, \"GLOBAL_MARKETS_STOCKS\": 0.0, \"US_TOTAL_MARKET_BONDS\": 0.0, \"AUS_HIGH_YIELD_STOCKS\": 0.0, \"AUS_MUNICIPAL_BONDS\": 0.0, \"INFLATION_PROTECTED_BONDS\": 0.0, \"AUS_LARGE_CAP_VALUE_STOCKS\": 0.25, \"AUS_GOVT_BONDS\": 0.0, \"EUR_TOTAL_MARKET_STOCKS\": 0.32, \"AUS_CORPORATE_BONDS\": 0.0, \"CN_TOTAL_MARKET_STOCKS\": 0.0, \"EMERGING_MARKETS_STOCKS\": 0.0, \"AUS_TOTAL_MARKET_STOCKS\": 0.0}", "risk": 0.57}, "pk": 7598}, {"model": "portfolios.portfoliobyrisk", "fields": {"expected_return": 0.79, "portfolio_set": 1, "volatility": 6.0817, "allocations": "{\"UK_TOTAL_MARKET_BONDS\": 0.42, \"CN_TOTAL_MARKET_BONDS\": 0.0, \"AUS_SMALL_CAP_VALUE_STOCKS\": 0.0, \"ASIA_EXJAP_TOTAL_MARKET_BONDS\": 0.0, \"US_TOTAL_MARKET_STOCKS\": 0.0, \"JAP_TOTAL_MARKET_STOCKS\": 0.0, \"ASIA_EXJAP_TOTAL_MARKET_STOCKS\": 0.0, \"EMERGING_MARKETS_BONDS\": 0.0, \"EUR_TOTAL_MARKET_BONDS\": 0.0, \"INTERNATIONAL_BONDS\": 0.0, \"UK_TOTAL_MARKET_STOCKS\": 0.0, \"GLOBAL_MARKETS_STOCKS\": 0.33, \"US_TOTAL_MARKET_BONDS\": 0.0, \"AUS_HIGH_YIELD_STOCKS\": 0.0, \"AUS_MUNICIPAL_BONDS\": 0.0, \"INFLATION_PROTECTED_BONDS\": 0.0, \"AUS_LARGE_CAP_VALUE_STOCKS\": 0.25, \"AUS_GOVT_BONDS\": 0.0, \"EUR_TOTAL_MARKET_STOCKS\": 0.0, \"AUS_CORPORATE_BONDS\": 0.0, \"CN_TOTAL_MARKET_STOCKS\": 0.0, \"EMERGING_MARKETS_STOCKS\": 0.0, \"AUS_TOTAL_MARKET_STOCKS\": 0.0}", "risk": 0.58}, "pk": 7599}, {"model": "portfolios.portfoliobyrisk", "fields": {"expected_return": 0.82, "portfolio_set": 1, "volatility": 6.1921, "allocations": "{\"UK_TOTAL_MARKET_BONDS\": 0.0, \"CN_TOTAL_MARKET_BONDS\": 0.16, \"AUS_SMALL_CAP_VALUE_STOCKS\": 0.0, \"ASIA_EXJAP_TOTAL_MARKET_BONDS\": 0.0, \"US_TOTAL_MARKET_STOCKS\": 0.0, \"JAP_TOTAL_MARKET_STOCKS\": 0.0, \"ASIA_EXJAP_TOTAL_MARKET_STOCKS\": 0.0, \"EMERGING_MARKETS_BONDS\": 0.0, \"EUR_TOTAL_MARKET_BONDS\": 0.0, \"INTERNATIONAL_BONDS\": 0.0, \"UK_TOTAL_MARKET_STOCKS\": 0.0, \"GLOBAL_MARKETS_STOCKS\": 0.0, \"US_TOTAL_MARKET_BONDS\": 0.0, \"AUS_HIGH_YIELD_STOCKS\": 0.0, \"AUS_MUNICIPAL_BONDS\": 0.25, \"INFLATION_PROTECTED_BONDS\": 0.0, \"AUS_LARGE_CAP_VALUE_STOCKS\": 0.0, \"AUS_GOVT_BONDS\": 0.0, \"EUR_TOTAL_MARKET_STOCKS\": 0.0, \"AUS_CORPORATE_BONDS\": 0.0, \"CN_TOTAL_MARKET_STOCKS\": 0.59, \"EMERGING_MARKETS_STOCKS\": 0.0, \"AUS_TOTAL_MARKET_STOCKS\": 0.0}", "risk": 0.59}, "pk": 7600}, {"model": "portfolios.portfoliobyrisk", "fields": {"expected_return": 0.79, "portfolio_set": 1, "volatility": 6.3044, "allocations": "{\"UK_TOTAL_MARKET_BONDS\": 0.0, \"CN_TOTAL_MARKET_BONDS\": 0.15, \"AUS_SMALL_CAP_VALUE_STOCKS\": 0.0, \"ASIA_EXJAP_TOTAL_MARKET_BONDS\": 0.0, \"US_TOTAL_MARKET_STOCKS\": 0.0, \"JAP_TOTAL_MARKET_STOCKS\": 0.0, \"ASIA_EXJAP_TOTAL_MARKET_STOCKS\": 0.0, \"EMERGING_MARKETS_BONDS\": 0.0, \"EUR_TOTAL_MARKET_BONDS\": 0.0, \"INTERNATIONAL_BONDS\": 0.0, \"UK_TOTAL_MARKET_STOCKS\": 0.0, \"GLOBAL_MARKETS_STOCKS\": 0.0, \"US_TOTAL_MARKET_BONDS\": 0.0, \"AUS_HIGH_YIELD_STOCKS\": 0.0, \"AUS_MUNICIPAL_BONDS\": 0.25, \"INFLATION_PROTECTED_BONDS\": 0.0, \"AUS_LARGE_CAP_VALUE_STOCKS\": 0.0, \"AUS_GOVT_BONDS\": 0.0, \"EUR_TOTAL_MARKET_STOCKS\": 0.0, \"AUS_CORPORATE_BONDS\": 0.0, \"CN_TOTAL_MARKET_STOCKS\": 0.6, \"EMERGING_MARKETS_STOCKS\": 0.0, \"AUS_TOTAL_MARKET_STOCKS\": 0.0}", "risk": 0.6}, "pk": 7601}, {"model": "portfolios.portfoliobyrisk", "fields": {"expected_return": 0.81, "portfolio_set": 1, "volatility": 6.4176, "allocations": "{\"UK_TOTAL_MARKET_BONDS\": 0.0, \"CN_TOTAL_MARKET_BONDS\": 0.14, \"AUS_SMALL_CAP_VALUE_STOCKS\": 0.0, \"ASIA_EXJAP_TOTAL_MARKET_BONDS\": 0.0, \"US_TOTAL_MARKET_STOCKS\": 0.0, \"JAP_TOTAL_MARKET_STOCKS\": 0.0, \"ASIA_EXJAP_TOTAL_MARKET_STOCKS\": 0.0, \"EMERGING_MARKETS_BONDS\": 0.0, \"EUR_TOTAL_MARKET_BONDS\": 0.0, \"INTERNATIONAL_BONDS\": 0.0, \"UK_TOTAL_MARKET_STOCKS\": 0.0, \"GLOBAL_MARKETS_STOCKS\": 0.0, \"US_TOTAL_MARKET_BONDS\": 0.0, \"AUS_HIGH_YIELD_STOCKS\": 0.0, \"AUS_MUNICIPAL_BONDS\": 0.25, \"INFLATION_PROTECTED_BONDS\": 0.0, \"AUS_LARGE_CAP_VALUE_STOCKS\": 0.0, \"AUS_GOVT_BONDS\": 0.0, \"EUR_TOTAL_MARKET_STOCKS\": 0.0, \"AUS_CORPORATE_BONDS\": 0.0, \"CN_TOTAL_MARKET_STOCKS\": 0.61, \"EMERGING_MARKETS_STOCKS\": 0.0, \"AUS_TOTAL_MARKET_STOCKS\": 0.0}", "risk": 0.61}, "pk": 7602}, {"model": "portfolios.portfoliobyrisk", "fields": {"expected_return": 0.8, "portfolio_set": 1, "volatility": 6.5315, "allocations": "{\"UK_TOTAL_MARKET_BONDS\": 0.0, \"CN_TOTAL_MARKET_BONDS\": 0.13, \"AUS_SMALL_CAP_VALUE_STOCKS\": 0.0, \"ASIA_EXJAP_TOTAL_MARKET_BONDS\": 0.0, \"US_TOTAL_MARKET_STOCKS\": 0.0, \"JAP_TOTAL_MARKET_STOCKS\": 0.0, \"ASIA_EXJAP_TOTAL_MARKET_STOCKS\": 0.0, \"EMERGING_MARKETS_BONDS\": 0.0, \"EUR_TOTAL_MARKET_BONDS\": 0.0, \"INTERNATIONAL_BONDS\": 0.0, \"UK_TOTAL_MARKET_STOCKS\": 0.0, \"GLOBAL_MARKETS_STOCKS\": 0.0, \"US_TOTAL_MARKET_BONDS\": 0.0, \"AUS_HIGH_YIELD_STOCKS\": 0.0, \"AUS_MUNICIPAL_BONDS\": 0.25, \"INFLATION_PROTECTED_BONDS\": 0.0, \"AUS_LARGE_CAP_VALUE_STOCKS\": 0.0, \"AUS_GOVT_BONDS\": 0.0, \"EUR_TOTAL_MARKET_STOCKS\": 0.0, \"AUS_CORPORATE_BONDS\": 0.0, \"CN_TOTAL_MARKET_STOCKS\": 0.62, \"EMERGING_MARKETS_STOCKS\": 0.0, \"AUS_TOTAL_MARKET_STOCKS\": 0.0}", "risk": 0.62}, "pk": 7603}, {"model": "portfolios.portfoliobyrisk", "fields": {"expected_return": 0.81, "portfolio_set": 1, "volatility": 6.6467, "allocations": "{\"UK_TOTAL_MARKET_BONDS\": 0.0, \"CN_TOTAL_MARKET_BONDS\": 0.37, \"AUS_SMALL_CAP_VALUE_STOCKS\": 0.0, \"ASIA_EXJAP_TOTAL_MARKET_BONDS\": 0.0, \"US_TOTAL_MARKET_STOCKS\": 0.0, \"JAP_TOTAL_MARKET_STOCKS\": 0.0, \"ASIA_EXJAP_TOTAL_MARKET_STOCKS\": 0.0, \"EMERGING_MARKETS_BONDS\": 0.0, \"EUR_TOTAL_MARKET_BONDS\": 0.0, \"INTERNATIONAL_BONDS\": 0.0, \"UK_TOTAL_MARKET_STOCKS\": 0.0, \"GLOBAL_MARKETS_STOCKS\": 0.0, \"US_TOTAL_MARKET_BONDS\": 0.0, \"AUS_HIGH_YIELD_STOCKS\": 0.25, \"AUS_MUNICIPAL_BONDS\": 0.0, \"INFLATION_PROTECTED_BONDS\": 0.0, \"AUS_LARGE_CAP_VALUE_STOCKS\": 0.0, \"AUS_GOVT_BONDS\": 0.0, \"EUR_TOTAL_MARKET_STOCKS\": 0.0, \"AUS_CORPORATE_BONDS\": 0.0, \"CN_TOTAL_MARKET_STOCKS\": 0.38, \"EMERGING_MARKETS_STOCKS\": 0.0, \"AUS_TOTAL_MARKET_STOCKS\": 0.0}", "risk": 0.63}, "pk": 7604}, {"model": "portfolios.portfoliobyrisk", "fields": {"expected_return": 0.76, "portfolio_set": 1, "volatility": 6.7596, "allocations": "{\"UK_TOTAL_MARKET_BONDS\": 0.0, \"CN_TOTAL_MARKET_BONDS\": 0.0, \"AUS_SMALL_CAP_VALUE_STOCKS\": 0.0, \"ASIA_EXJAP_TOTAL_MARKET_BONDS\": 0.11, \"US_TOTAL_MARKET_STOCKS\": 0.0, \"JAP_TOTAL_MARKET_STOCKS\": 0.0, \"ASIA_EXJAP_TOTAL_MARKET_STOCKS\": 0.0, \"EMERGING_MARKETS_BONDS\": 0.0, \"EUR_TOTAL_MARKET_BONDS\": 0.0, \"INTERNATIONAL_BONDS\": 0.0, \"UK_TOTAL_MARKET_STOCKS\": 0.0, \"GLOBAL_MARKETS_STOCKS\": 0.0, \"US_TOTAL_MARKET_BONDS\": 0.0, \"AUS_HIGH_YIELD_STOCKS\": 0.0, \"AUS_MUNICIPAL_BONDS\": 0.25, \"INFLATION_PROTECTED_BONDS\": 0.0, \"AUS_LARGE_CAP_VALUE_STOCKS\": 0.0, \"AUS_GOVT_BONDS\": 0.0, \"EUR_TOTAL_MARKET_STOCKS\": 0.0, \"AUS_CORPORATE_BONDS\": 0.0, \"CN_TOTAL_MARKET_STOCKS\": 0.64, \"EMERGING_MARKETS_STOCKS\": 0.0, \"AUS_TOTAL_MARKET_STOCKS\": 0.0}", "risk": 0.64}, "pk": 7605}, {"model": "portfolios.portfoliobyrisk", "fields": {"expected_return": 0.75, "portfolio_set": 1, "volatility": 6.8756, "allocations": "{\"UK_TOTAL_MARKET_BONDS\": 0.0, \"CN_TOTAL_MARKET_BONDS\": 0.0, \"AUS_SMALL_CAP_VALUE_STOCKS\": 0.0, \"ASIA_EXJAP_TOTAL_MARKET_BONDS\": 0.1, \"US_TOTAL_MARKET_STOCKS\": 0.0, \"JAP_TOTAL_MARKET_STOCKS\": 0.0, \"ASIA_EXJAP_TOTAL_MARKET_STOCKS\": 0.0, \"EMERGING_MARKETS_BONDS\": 0.0, \"EUR_TOTAL_MARKET_BONDS\": 0.0, \"INTERNATIONAL_BONDS\": 0.0, \"UK_TOTAL_MARKET_STOCKS\": 0.0, \"GLOBAL_MARKETS_STOCKS\": 0.0, \"US_TOTAL_MARKET_BONDS\": 0.0, \"AUS_HIGH_YIELD_STOCKS\": 0.0, \"AUS_MUNICIPAL_BONDS\": 0.25, \"INFLATION_PROTECTED_BONDS\": 0.0, \"AUS_LARGE_CAP_VALUE_STOCKS\": 0.0, \"AUS_GOVT_BONDS\": 0.0, \"EUR_TOTAL_MARKET_STOCKS\": 0.0, \"AUS_CORPORATE_BONDS\": 0.0, \"CN_TOTAL_MARKET_STOCKS\": 0.65, \"EMERGING_MARKETS_STOCKS\": 0.0, \"AUS_TOTAL_MARKET_STOCKS\": 0.0}", "risk": 0.65}, "pk": 7606}, {"model": "portfolios.portfoliobyrisk", "fields": {"expected_return": 0.82, "portfolio_set": 1, "volatility": 6.997, "allocations": "{\"UK_TOTAL_MARKET_BONDS\": 0.0, \"CN_TOTAL_MARKET_BONDS\": 0.34, \"AUS_SMALL_CAP_VALUE_STOCKS\": 0.25, \"ASIA_EXJAP_TOTAL_MARKET_BONDS\": 0.0, \"US_TOTAL_MARKET_STOCKS\": 0.0, \"JAP_TOTAL_MARKET_STOCKS\": 0.0, \"ASIA_EXJAP_TOTAL_MARKET_STOCKS\": 0.0, \"EMERGING_MARKETS_BONDS\": 0.0, \"EUR_TOTAL_MARKET_BONDS\": 0.0, \"INTERNATIONAL_BONDS\": 0.0, \"UK_TOTAL_MARKET_STOCKS\": 0.0, \"GLOBAL_MARKETS_STOCKS\": 0.2269, \"US_TOTAL_MARKET_BONDS\": 0.0, \"AUS_HIGH_YIELD_STOCKS\": 0.0, \"AUS_MUNICIPAL_BONDS\": 0.0, \"INFLATION_PROTECTED_BONDS\": 0.0, \"AUS_LARGE_CAP_VALUE_STOCKS\": 0.0, \"AUS_GOVT_BONDS\": 0.0, \"EUR_TOTAL_MARKET_STOCKS\": 0.0, \"AUS_CORPORATE_BONDS\": 0.0, \"CN_TOTAL_MARKET_STOCKS\": 0.1831, \"EMERGING_MARKETS_STOCKS\": 0.0, \"AUS_TOTAL_MARKET_STOCKS\": 0.0}", "risk": 0.66}, "pk": 7607}, {"model": "portfolios.portfoliobyrisk", "fields": {"expected_return": 0.81, "portfolio_set": 1, "volatility": 7.1151, "allocations": "{\"UK_TOTAL_MARKET_BONDS\": 0.33, \"CN_TOTAL_MARKET_BONDS\": 0.0, \"AUS_SMALL_CAP_VALUE_STOCKS\": 0.0, \"ASIA_EXJAP_TOTAL_MARKET_BONDS\": 0.0, \"US_TOTAL_MARKET_STOCKS\": 0.0, \"JAP_TOTAL_MARKET_STOCKS\": 0.0, \"ASIA_EXJAP_TOTAL_MARKET_STOCKS\": 0.0, \"EMERGING_MARKETS_BONDS\": 0.0, \"EUR_TOTAL_MARKET_BONDS\": 0.0, \"INTERNATIONAL_BONDS\": 0.0, \"UK_TOTAL_MARKET_STOCKS\": 0.0, \"GLOBAL_MARKETS_STOCKS\": 0.0, \"US_TOTAL_MARKET_BONDS\": 0.0, \"AUS_HIGH_YIELD_STOCKS\": 0.0, \"AUS_MUNICIPAL_BONDS\": 0.0, \"INFLATION_PROTECTED_BONDS\": 0.0, \"AUS_LARGE_CAP_VALUE_STOCKS\": 0.25, \"AUS_GOVT_BONDS\": 0.0, \"EUR_TOTAL_MARKET_STOCKS\": 0.42, \"AUS_CORPORATE_BONDS\": 0.0, \"CN_TOTAL_MARKET_STOCKS\": 0.0, \"EMERGING_MARKETS_STOCKS\": 0.0, \"AUS_TOTAL_MARKET_STOCKS\": 0.0}", "risk": 0.67}, "pk": 7608}, {"model": "portfolios.portfoliobyrisk", "fields": {"expected_return": 0.81, "portfolio_set": 1, "volatility": 7.234, "allocations": "{\"UK_TOTAL_MARKET_BONDS\": 0.0, \"CN_TOTAL_MARKET_BONDS\": 0.0, \"AUS_SMALL_CAP_VALUE_STOCKS\": 0.0, \"ASIA_EXJAP_TOTAL_MARKET_BONDS\": 0.0, \"US_TOTAL_MARKET_STOCKS\": 0.0, \"JAP_TOTAL_MARKET_STOCKS\": 0.0, \"ASIA_EXJAP_TOTAL_MARKET_STOCKS\": 0.0, \"EMERGING_MARKETS_BONDS\": 0.0, \"EUR_TOTAL_MARKET_BONDS\": 0.2269, \"INTERNATIONAL_BONDS\": 0.0, \"UK_TOTAL_MARKET_STOCKS\": 0.0, \"GLOBAL_MARKETS_STOCKS\": 0.4693, \"US_TOTAL_MARKET_BONDS\": 0.0, \"AUS_HIGH_YIELD_STOCKS\": 0.0, \"AUS_MUNICIPAL_BONDS\": 0.0931, \"INFLATION_PROTECTED_BONDS\": 0.0, \"AUS_LARGE_CAP_VALUE_STOCKS\": 0.1569, \"AUS_GOVT_BONDS\": 0.0, \"EUR_TOTAL_MARKET_STOCKS\": 0.0, \"AUS_CORPORATE_BONDS\": 0.0, \"CN_TOTAL_MARKET_STOCKS\": 0.0, \"EMERGING_MARKETS_STOCKS\": 0.0539, \"AUS_TOTAL_MARKET_STOCKS\": 0.0}", "risk": 0.68}, "pk": 7609}, {"model": "portfolios.portfoliobyrisk", "fields": {"expected_return": 0.8, "portfolio_set": 1, "volatility": 7.3536, "allocations": "{\"UK_TOTAL_MARKET_BONDS\": 0.06, \"CN_TOTAL_MARKET_BONDS\": 0.0, \"AUS_SMALL_CAP_VALUE_STOCKS\": 0.0, \"ASIA_EXJAP_TOTAL_MARKET_BONDS\": 0.0, \"US_TOTAL_MARKET_STOCKS\": 0.0, \"JAP_TOTAL_MARKET_STOCKS\": 0.0, \"ASIA_EXJAP_TOTAL_MARKET_STOCKS\": 0.0, \"EMERGING_MARKETS_BONDS\": 0.0, \"EUR_TOTAL_MARKET_BONDS\": 0.0, \"INTERNATIONAL_BONDS\": 0.0, \"UK_TOTAL_MARKET_STOCKS\": 0.0, \"GLOBAL_MARKETS_STOCKS\": 0.0, \"US_TOTAL_MARKET_BONDS\": 0.0, \"AUS_HIGH_YIELD_STOCKS\": 0.0, \"AUS_MUNICIPAL_BONDS\": 0.0, \"INFLATION_PROTECTED_BONDS\": 0.0, \"AUS_LARGE_CAP_VALUE_STOCKS\": 0.0, \"AUS_GOVT_BONDS\": 0.0, \"EUR_TOTAL_MARKET_STOCKS\": 0.69, \"AUS_CORPORATE_BONDS\": 0.25, \"CN_TOTAL_MARKET_STOCKS\": 0.0, \"EMERGING_MARKETS_STOCKS\": 0.0, \"AUS_TOTAL_MARKET_STOCKS\": 0.0}", "risk": 0.69}, "pk": 7610}, {"model": "portfolios.portfoliobyrisk", "fields": {"expected_return": 0.82, "portfolio_set": 1, "volatility": 7.474, "allocations": "{\"UK_TOTAL_MARKET_BONDS\": 0.3, \"CN_TOTAL_MARKET_BONDS\": 0.0, \"AUS_SMALL_CAP_VALUE_STOCKS\": 0.0, \"ASIA_EXJAP_TOTAL_MARKET_BONDS\": 0.0, \"US_TOTAL_MARKET_STOCKS\": 0.0, \"JAP_TOTAL_MARKET_STOCKS\": 0.0, \"ASIA_EXJAP_TOTAL_MARKET_STOCKS\": 0.0, \"EMERGING_MARKETS_BONDS\": 0.0, \"EUR_TOTAL_MARKET_BONDS\": 0.0, \"INTERNATIONAL_BONDS\": 0.0, \"UK_TOTAL_MARKET_STOCKS\": 0.0, \"GLOBAL_MARKETS_STOCKS\": 0.0, \"US_TOTAL_MARKET_BONDS\": 0.0, \"AUS_HIGH_YIELD_STOCKS\": 0.0, \"AUS_MUNICIPAL_BONDS\": 0.0, \"INFLATION_PROTECTED_BONDS\": 0.0, \"AUS_LARGE_CAP_VALUE_STOCKS\": 0.25, \"AUS_GOVT_BONDS\": 0.0, \"EUR_TOTAL_MARKET_STOCKS\": 0.45, \"AUS_CORPORATE_BONDS\": 0.0, \"CN_TOTAL_MARKET_STOCKS\": 0.0, \"EMERGING_MARKETS_STOCKS\": 0.0, \"AUS_TOTAL_MARKET_STOCKS\": 0.0}", "risk": 0.7}, "pk": 7611}, {"model": "portfolios.portfoliobyrisk", "fields": {"expected_return": 0.82, "portfolio_set": 1, "volatility": 7.5952, "allocations": "{\"UK_TOTAL_MARKET_BONDS\": 0.29, \"CN_TOTAL_MARKET_BONDS\": 0.0, \"AUS_SMALL_CAP_VALUE_STOCKS\": 0.0, \"ASIA_EXJAP_TOTAL_MARKET_BONDS\": 0.0, \"US_TOTAL_MARKET_STOCKS\": 0.0, \"JAP_TOTAL_MARKET_STOCKS\": 0.0, \"ASIA_EXJAP_TOTAL_MARKET_STOCKS\": 0.0, \"EMERGING_MARKETS_BONDS\": 0.0, \"EUR_TOTAL_MARKET_BONDS\": 0.0, \"INTERNATIONAL_BONDS\": 0.0, \"UK_TOTAL_MARKET_STOCKS\": 0.0, \"GLOBAL_MARKETS_STOCKS\": 0.0, \"US_TOTAL_MARKET_BONDS\": 0.0, \"AUS_HIGH_YIELD_STOCKS\": 0.0, \"AUS_MUNICIPAL_BONDS\": 0.0, \"INFLATION_PROTECTED_BONDS\": 0.0, \"AUS_LARGE_CAP_VALUE_STOCKS\": 0.25, \"AUS_GOVT_BONDS\": 0.0, \"EUR_TOTAL_MARKET_STOCKS\": 0.46, \"AUS_CORPORATE_BONDS\": 0.0, \"CN_TOTAL_MARKET_STOCKS\": 0.0, \"EMERGING_MARKETS_STOCKS\": 0.0, \"AUS_TOTAL_MARKET_STOCKS\": 0.0}", "risk": 0.71}, "pk": 7612}, {"model": "portfolios.portfoliobyrisk", "fields": {"expected_return": 1.2, "portfolio_set": 1, "volatility": 7.7623, "allocations": "{\"UK_TOTAL_MARKET_BONDS\": 0.28, \"CN_TOTAL_MARKET_BONDS\": 0.0, \"AUS_SMALL_CAP_VALUE_STOCKS\": 0.0, \"ASIA_EXJAP_TOTAL_MARKET_BONDS\": 0.0, \"US_TOTAL_MARKET_STOCKS\": 0.0, \"JAP_TOTAL_MARKET_STOCKS\": 0.47, \"ASIA_EXJAP_TOTAL_MARKET_STOCKS\": 0.0, \"EMERGING_MARKETS_BONDS\": 0.0, \"EUR_TOTAL_MARKET_BONDS\": 0.0, \"INTERNATIONAL_BONDS\": 0.0, \"UK_TOTAL_MARKET_STOCKS\": 0.0, \"GLOBAL_MARKETS_STOCKS\": 0.0, \"US_TOTAL_MARKET_BONDS\": 0.0, \"AUS_HIGH_YIELD_STOCKS\": 0.0, \"AUS_MUNICIPAL_BONDS\": 0.0, \"INFLATION_PROTECTED_BONDS\": 0.0, \"AUS_LARGE_CAP_VALUE_STOCKS\": 0.25, \"AUS_GOVT_BONDS\": 0.0, \"EUR_TOTAL_MARKET_STOCKS\": 0.0, \"AUS_CORPORATE_BONDS\": 0.0, \"CN_TOTAL_MARKET_STOCKS\": 0.0, \"EMERGING_MARKETS_STOCKS\": 0.0, \"AUS_TOTAL_MARKET_STOCKS\": 0.0}", "risk": 0.72}, "pk": 7613}, {"model": "portfolios.portfoliobyrisk", "fields": {"expected_return": 1.22, "portfolio_set": 1, "volatility": 7.8837, "allocations": "{\"UK_TOTAL_MARKET_BONDS\": 0.27, \"CN_TOTAL_MARKET_BONDS\": 0.0, \"AUS_SMALL_CAP_VALUE_STOCKS\": 0.0, \"ASIA_EXJAP_TOTAL_MARKET_BONDS\": 0.0, \"US_TOTAL_MARKET_STOCKS\": 0.0, \"JAP_TOTAL_MARKET_STOCKS\": 0.0, \"ASIA_EXJAP_TOTAL_MARKET_STOCKS\": 0.0, \"EMERGING_MARKETS_BONDS\": 0.0, \"EUR_TOTAL_MARKET_BONDS\": 0.0, \"INTERNATIONAL_BONDS\": 0.0, \"UK_TOTAL_MARKET_STOCKS\": 0.0, \"GLOBAL_MARKETS_STOCKS\": 0.0, \"US_TOTAL_MARKET_BONDS\": 0.0, \"AUS_HIGH_YIELD_STOCKS\": 0.0, \"AUS_MUNICIPAL_BONDS\": 0.0, \"INFLATION_PROTECTED_BONDS\": 0.0, \"AUS_LARGE_CAP_VALUE_STOCKS\": 0.25, \"AUS_GOVT_BONDS\": 0.0, \"EUR_TOTAL_MARKET_STOCKS\": 0.48, \"AUS_CORPORATE_BONDS\": 0.0, \"CN_TOTAL_MARKET_STOCKS\": 0.0, \"EMERGING_MARKETS_STOCKS\": 0.0, \"AUS_TOTAL_MARKET_STOCKS\": 0.0}", "risk": 0.73}, "pk": 7614}, {"model": "portfolios.portfoliobyrisk", "fields": {"expected_return": 1.22, "portfolio_set": 1, "volatility": 8.0053, "allocations": "{\"UK_TOTAL_MARKET_BONDS\": 0.0, \"CN_TOTAL_MARKET_BONDS\": 0.26, \"AUS_SMALL_CAP_VALUE_STOCKS\": 0.0, \"ASIA_EXJAP_TOTAL_MARKET_BONDS\": 0.0, \"US_TOTAL_MARKET_STOCKS\": 0.0, \"JAP_TOTAL_MARKET_STOCKS\": 0.49, \"ASIA_EXJAP_TOTAL_MARKET_STOCKS\": 0.0, \"EMERGING_MARKETS_BONDS\": 0.0, \"EUR_TOTAL_MARKET_BONDS\": 0.0, \"INTERNATIONAL_BONDS\": 0.0, \"UK_TOTAL_MARKET_STOCKS\": 0.0, \"GLOBAL_MARKETS_STOCKS\": 0.0, \"US_TOTAL_MARKET_BONDS\": 0.0, \"AUS_HIGH_YIELD_STOCKS\": 0.064, \"AUS_MUNICIPAL_BONDS\": 0.0, \"INFLATION_PROTECTED_BONDS\": 0.0, \"AUS_LARGE_CAP_VALUE_STOCKS\": 0.186, \"AUS_GOVT_BONDS\": 0.0, \"EUR_TOTAL_MARKET_STOCKS\": 0.0, \"AUS_CORPORATE_BONDS\": 0.0, \"CN_TOTAL_MARKET_STOCKS\": 0.0, \"EMERGING_MARKETS_STOCKS\": 0.0, \"AUS_TOTAL_MARKET_STOCKS\": 0.0}", "risk": 0.74}, "pk": 7615}, {"model": "portfolios.portfoliobyrisk", "fields": {"expected_return": 1.23, "portfolio_set": 1, "volatility": 8.1276, "allocations": "{\"UK_TOTAL_MARKET_BONDS\": 0.25, \"CN_TOTAL_MARKET_BONDS\": 0.0, \"AUS_SMALL_CAP_VALUE_STOCKS\": 0.0, \"ASIA_EXJAP_TOTAL_MARKET_BONDS\": 0.0, \"US_TOTAL_MARKET_STOCKS\": 0.0, \"JAP_TOTAL_MARKET_STOCKS\": 0.0, \"ASIA_EXJAP_TOTAL_MARKET_STOCKS\": 0.0, \"EMERGING_MARKETS_BONDS\": 0.0, \"EUR_TOTAL_MARKET_BONDS\": 0.0, \"INTERNATIONAL_BONDS\": 0.0, \"UK_TOTAL_MARKET_STOCKS\": 0.0, \"GLOBAL_MARKETS_STOCKS\": 0.0, \"US_TOTAL_MARKET_BONDS\": 0.0, \"AUS_HIGH_YIELD_STOCKS\": 0.0, \"AUS_MUNICIPAL_BONDS\": 0.0, \"INFLATION_PROTECTED_BONDS\": 0.0, \"AUS_LARGE_CAP_VALUE_STOCKS\": 0.25, \"AUS_GOVT_BONDS\": 0.0, \"EUR_TOTAL_MARKET_STOCKS\": 0.5, \"AUS_CORPORATE_BONDS\": 0.0, \"CN_TOTAL_MARKET_STOCKS\": 0.0, \"EMERGING_MARKETS_STOCKS\": 0.0, \"AUS_TOTAL_MARKET_STOCKS\": 0.0}", "risk": 0.75}, "pk": 7616}, {"model": "portfolios.portfoliobyrisk", "fields": {"expected_return": 1.24, "portfolio_set": 1, "volatility": 8.2504, "allocations": "{\"UK_TOTAL_MARKET_BONDS\": 0.0742, \"CN_TOTAL_MARKET_BONDS\": 0.0, \"AUS_SMALL_CAP_VALUE_STOCKS\": 0.0, \"ASIA_EXJAP_TOTAL_MARKET_BONDS\": 0.0, \"US_TOTAL_MARKET_STOCKS\": 0.0, \"JAP_TOTAL_MARKET_STOCKS\": 0.0, \"ASIA_EXJAP_TOTAL_MARKET_STOCKS\": 0.0, \"EMERGING_MARKETS_BONDS\": 0.0, \"EUR_TOTAL_MARKET_BONDS\": 0.0, \"INTERNATIONAL_BONDS\": 0.0, \"UK_TOTAL_MARKET_STOCKS\": 0.0, \"GLOBAL_MARKETS_STOCKS\": 0.0, \"US_TOTAL_MARKET_BONDS\": 0.0, \"AUS_HIGH_YIELD_STOCKS\": 0.0, \"AUS_MUNICIPAL_BONDS\": 0.0094, \"INFLATION_PROTECTED_BONDS\": 0.0, \"AUS_LARGE_CAP_VALUE_STOCKS\": 0.0842, \"AUS_GOVT_BONDS\": 0.0, \"EUR_TOTAL_MARKET_STOCKS\": 0.6758, \"AUS_CORPORATE_BONDS\": 0.1564, \"CN_TOTAL_MARKET_STOCKS\": 0.0, \"EMERGING_MARKETS_STOCKS\": 0.0, \"AUS_TOTAL_MARKET_STOCKS\": 0.0}", "risk": 0.76}, "pk": 7617}, {"model": "portfolios.portfoliobyrisk", "fields": {"expected_return": 1.19, "portfolio_set": 1, "volatility": 8.3677, "allocations": "{\"UK_TOTAL_MARKET_BONDS\": 0.0, \"CN_TOTAL_MARKET_BONDS\": 0.23, \"AUS_SMALL_CAP_VALUE_STOCKS\": 0.0, \"ASIA_EXJAP_TOTAL_MARKET_BONDS\": 0.0, \"US_TOTAL_MARKET_STOCKS\": 0.0, \"JAP_TOTAL_MARKET_STOCKS\": 0.3325, \"ASIA_EXJAP_TOTAL_MARKET_STOCKS\": 0.1875, \"EMERGING_MARKETS_BONDS\": 0.0, \"EUR_TOTAL_MARKET_BONDS\": 0.0, \"INTERNATIONAL_BONDS\": 0.0, \"UK_TOTAL_MARKET_STOCKS\": 0.0, \"GLOBAL_MARKETS_STOCKS\": 0.0, \"US_TOTAL_MARKET_BONDS\": 0.0, \"AUS_HIGH_YIELD_STOCKS\": 0.25, \"AUS_MUNICIPAL_BONDS\": 0.0, \"INFLATION_PROTECTED_BONDS\": 0.0, \"AUS_LARGE_CAP_VALUE_STOCKS\": 0.0, \"AUS_GOVT_BONDS\": 0.0, \"EUR_TOTAL_MARKET_STOCKS\": 0.0, \"AUS_CORPORATE_BONDS\": 0.0, \"CN_TOTAL_MARKET_STOCKS\": 0.0, \"EMERGING_MARKETS_STOCKS\": 0.0, \"AUS_TOTAL_MARKET_STOCKS\": 0.0}", "risk": 0.77}, "pk": 7618}, {"model": "portfolios.portfoliobyrisk", "fields": {"expected_return": 1.38, "portfolio_set": 1, "volatility": 8.4998, "allocations": "{\"UK_TOTAL_MARKET_BONDS\": 0.0, \"CN_TOTAL_MARKET_BONDS\": 0.22, \"AUS_SMALL_CAP_VALUE_STOCKS\": 0.25, \"ASIA_EXJAP_TOTAL_MARKET_BONDS\": 0.0, \"US_TOTAL_MARKET_STOCKS\": 0.0, \"JAP_TOTAL_MARKET_STOCKS\": 0.0, \"ASIA_EXJAP_TOTAL_MARKET_STOCKS\": 0.0, \"EMERGING_MARKETS_BONDS\": 0.0, \"EUR_TOTAL_MARKET_BONDS\": 0.0, \"INTERNATIONAL_BONDS\": 0.0, \"UK_TOTAL_MARKET_STOCKS\": 0.0, \"GLOBAL_MARKETS_STOCKS\": 0.4262, \"US_TOTAL_MARKET_BONDS\": 0.0, \"AUS_HIGH_YIELD_STOCKS\": 0.0, \"AUS_MUNICIPAL_BONDS\": 0.0, \"INFLATION_PROTECTED_BONDS\": 0.0, \"AUS_LARGE_CAP_VALUE_STOCKS\": 0.0, \"AUS_GOVT_BONDS\": 0.0, \"EUR_TOTAL_MARKET_STOCKS\": 0.1031, \"AUS_CORPORATE_BONDS\": 0.0, \"CN_TOTAL_MARKET_STOCKS\": 0.0, \"EMERGING_MARKETS_STOCKS\": 0.0008, \"AUS_TOTAL_MARKET_STOCKS\": 0.0}", "risk": 0.78}, "pk": 7619}, {"model": "portfolios.portfoliobyrisk", "fields": {"expected_return": 1.56, "portfolio_set": 1, "volatility": 8.6364, "allocations": "{\"UK_TOTAL_MARKET_BONDS\": 0.0, \"CN_TOTAL_MARKET_BONDS\": 0.21, \"AUS_SMALL_CAP_VALUE_STOCKS\": 0.0, \"ASIA_EXJAP_TOTAL_MARKET_BONDS\": 0.0, \"US_TOTAL_MARKET_STOCKS\": 0.0, \"JAP_TOTAL_MARKET_STOCKS\": 0.0, \"ASIA_EXJAP_TOTAL_MARKET_STOCKS\": 0.0, \"EMERGING_MARKETS_BONDS\": 0.0, \"EUR_TOTAL_MARKET_BONDS\": 0.0, \"INTERNATIONAL_BONDS\": 0.0, \"UK_TOTAL_MARKET_STOCKS\": 0.0, \"GLOBAL_MARKETS_STOCKS\": 0.0, \"US_TOTAL_MARKET_BONDS\": 0.0, \"AUS_HIGH_YIELD_STOCKS\": 0.25, \"AUS_MUNICIPAL_BONDS\": 0.0, \"INFLATION_PROTECTED_BONDS\": 0.0, \"AUS_LARGE_CAP_VALUE_STOCKS\": 0.0, \"AUS_GOVT_BONDS\": 0.0, \"EUR_TOTAL_MARKET_STOCKS\": 0.0, \"AUS_CORPORATE_BONDS\": 0.0, \"CN_TOTAL_MARKET_STOCKS\": 0.54, \"EMERGING_MARKETS_STOCKS\": 0.0, \"AUS_TOTAL_MARKET_STOCKS\": 0.0}", "risk": 0.79}, "pk": 7620}, {"model": "portfolios.portfoliobyrisk", "fields": {"expected_return": 0.93, "portfolio_set": 1, "volatility": 8.7049, "allocations": "{\"UK_TOTAL_MARKET_BONDS\": 0.0, \"CN_TOTAL_MARKET_BONDS\": 0.2, \"AUS_SMALL_CAP_VALUE_STOCKS\": 0.387, \"ASIA_EXJAP_TOTAL_MARKET_BONDS\": 0.0, \"US_TOTAL_MARKET_STOCKS\": 0.0, \"JAP_TOTAL_MARKET_STOCKS\": 0.0, \"ASIA_EXJAP_TOTAL_MARKET_STOCKS\": 0.0, \"EMERGING_MARKETS_BONDS\": 0.0, \"EUR_TOTAL_MARKET_BONDS\": 0.0, \"INTERNATIONAL_BONDS\": 0.0, \"UK_TOTAL_MARKET_STOCKS\": 0.0, \"GLOBAL_MARKETS_STOCKS\": 0.1561, \"US_TOTAL_MARKET_BONDS\": 0.0, \"AUS_HIGH_YIELD_STOCKS\": 0.0, \"AUS_MUNICIPAL_BONDS\": 0.0, \"INFLATION_PROTECTED_BONDS\": 0.0, \"AUS_LARGE_CAP_VALUE_STOCKS\": 0.0, \"AUS_GOVT_BONDS\": 0.0, \"EUR_TOTAL_MARKET_STOCKS\": 0.0, \"AUS_CORPORATE_BONDS\": 0.0, \"CN_TOTAL_MARKET_STOCKS\": 0.2569, \"EMERGING_MARKETS_STOCKS\": 0.0, \"AUS_TOTAL_MARKET_STOCKS\": 0.0}", "risk": 0.8}, "pk": 7621}, {"model": "portfolios.portfoliobyrisk", "fields": {"expected_return": 1.06, "portfolio_set": 1, "volatility": 8.8421, "allocations": "{\"UK_TOTAL_MARKET_BONDS\": 0.0, \"CN_TOTAL_MARKET_BONDS\": 0.185, \"AUS_SMALL_CAP_VALUE_STOCKS\": 0.0, \"ASIA_EXJAP_TOTAL_MARKET_BONDS\": 0.0, \"US_TOTAL_MARKET_STOCKS\": 0.0, \"JAP_TOTAL_MARKET_STOCKS\": 0.0, \"ASIA_EXJAP_TOTAL_MARKET_STOCKS\": 0.0, \"EMERGING_MARKETS_BONDS\": 0.0, \"EUR_TOTAL_MARKET_BONDS\": 0.0, \"INTERNATIONAL_BONDS\": 0.0, \"UK_TOTAL_MARKET_STOCKS\": 0.0, \"GLOBAL_MARKETS_STOCKS\": 0.0, \"US_TOTAL_MARKET_BONDS\": 0.0, \"AUS_HIGH_YIELD_STOCKS\": 0.245, \"AUS_MUNICIPAL_BONDS\": 0.005, \"INFLATION_PROTECTED_BONDS\": 0.0, \"AUS_LARGE_CAP_VALUE_STOCKS\": 0.0, \"AUS_GOVT_BONDS\": 0.0, \"EUR_TOTAL_MARKET_STOCKS\": 0.0, \"AUS_CORPORATE_BONDS\": 0.0, \"CN_TOTAL_MARKET_STOCKS\": 0.565, \"EMERGING_MARKETS_STOCKS\": 0.0, \"AUS_TOTAL_MARKET_STOCKS\": 0.0}", "risk": 0.81}, "pk": 7622}, {"model": "portfolios.portfoliobyrisk", "fields": {"expected_return": 1.13, "portfolio_set": 1, "volatility": 8.978, "allocations": "{\"UK_TOTAL_MARKET_BONDS\": 0.18, \"CN_TOTAL_MARKET_BONDS\": 0.0, \"AUS_SMALL_CAP_VALUE_STOCKS\": 0.0, \"ASIA_EXJAP_TOTAL_MARKET_BONDS\": 0.0, \"US_TOTAL_MARKET_STOCKS\": 0.0, \"JAP_TOTAL_MARKET_STOCKS\": 0.0, \"ASIA_EXJAP_TOTAL_MARKET_STOCKS\": 0.0, \"EMERGING_MARKETS_BONDS\": 0.0, \"EUR_TOTAL_MARKET_BONDS\": 0.0, \"INTERNATIONAL_BONDS\": 0.0, \"UK_TOTAL_MARKET_STOCKS\": 0.0, \"GLOBAL_MARKETS_STOCKS\": 0.0, \"US_TOTAL_MARKET_BONDS\": 0.0, \"AUS_HIGH_YIELD_STOCKS\": 0.0, \"AUS_MUNICIPAL_BONDS\": 0.0, \"INFLATION_PROTECTED_BONDS\": 0.0, \"AUS_LARGE_CAP_VALUE_STOCKS\": 0.25, \"AUS_GOVT_BONDS\": 0.0, \"EUR_TOTAL_MARKET_STOCKS\": 0.57, \"AUS_CORPORATE_BONDS\": 0.0, \"CN_TOTAL_MARKET_STOCKS\": 0.0, \"EMERGING_MARKETS_STOCKS\": 0.0, \"AUS_TOTAL_MARKET_STOCKS\": 0.0}", "risk": 0.82}, "pk": 7623}, {"model": "portfolios.portfoliobyrisk", "fields": {"expected_return": 1.25, "portfolio_set": 1, "volatility": 9.1173, "allocations": "{\"UK_TOTAL_MARKET_BONDS\": 0.17, \"CN_TOTAL_MARKET_BONDS\": 0.0, \"AUS_SMALL_CAP_VALUE_STOCKS\": 0.0, \"ASIA_EXJAP_TOTAL_MARKET_BONDS\": 0.0, \"US_TOTAL_MARKET_STOCKS\": 0.0, \"JAP_TOTAL_MARKET_STOCKS\": 0.0, \"ASIA_EXJAP_TOTAL_MARKET_STOCKS\": 0.0, \"EMERGING_MARKETS_BONDS\": 0.0, \"EUR_TOTAL_MARKET_BONDS\": 0.0, \"INTERNATIONAL_BONDS\": 0.0, \"UK_TOTAL_MARKET_STOCKS\": 0.0, \"GLOBAL_MARKETS_STOCKS\": 0.0, \"US_TOTAL_MARKET_BONDS\": 0.0, \"AUS_HIGH_YIELD_STOCKS\": 0.0, \"AUS_MUNICIPAL_BONDS\": 0.0, \"INFLATION_PROTECTED_BONDS\": 0.0, \"AUS_LARGE_CAP_VALUE_STOCKS\": 0.25, \"AUS_GOVT_BONDS\": 0.0, \"EUR_TOTAL_MARKET_STOCKS\": 0.58, \"AUS_CORPORATE_BONDS\": 0.0, \"CN_TOTAL_MARKET_STOCKS\": 0.0, \"EMERGING_MARKETS_STOCKS\": 0.0, \"AUS_TOTAL_MARKET_STOCKS\": 0.0}", "risk": 0.83}, "pk": 7624}, {"model": "portfolios.portfoliobyrisk", "fields": {"expected_return": 1.28, "portfolio_set": 1, "volatility": 9.2426, "allocations": "{\"UK_TOTAL_MARKET_BONDS\": 0.16, \"CN_TOTAL_MARKET_BONDS\": 0.0, \"AUS_SMALL_CAP_VALUE_STOCKS\": 0.0, \"ASIA_EXJAP_TOTAL_MARKET_BONDS\": 0.0, \"US_TOTAL_MARKET_STOCKS\": 0.0, \"JAP_TOTAL_MARKET_STOCKS\": 0.0, \"ASIA_EXJAP_TOTAL_MARKET_STOCKS\": 0.0, \"EMERGING_MARKETS_BONDS\": 0.0, \"EUR_TOTAL_MARKET_BONDS\": 0.0, \"INTERNATIONAL_BONDS\": 0.0, \"UK_TOTAL_MARKET_STOCKS\": 0.0, \"GLOBAL_MARKETS_STOCKS\": 0.0, \"US_TOTAL_MARKET_BONDS\": 0.0, \"AUS_HIGH_YIELD_STOCKS\": 0.0, \"AUS_MUNICIPAL_BONDS\": 0.0, \"INFLATION_PROTECTED_BONDS\": 0.0, \"AUS_LARGE_CAP_VALUE_STOCKS\": 0.25, \"AUS_GOVT_BONDS\": 0.0, \"EUR_TOTAL_MARKET_STOCKS\": 0.59, \"AUS_CORPORATE_BONDS\": 0.0, \"CN_TOTAL_MARKET_STOCKS\": 0.0, \"EMERGING_MARKETS_STOCKS\": 0.0, \"AUS_TOTAL_MARKET_STOCKS\": 0.0}", "risk": 0.84}, "pk": 7625}, {"model": "portfolios.portfoliobyrisk", "fields": {"expected_return": 1.31, "portfolio_set": 1, "volatility": 9.3718, "allocations": "{\"UK_TOTAL_MARKET_BONDS\": 0.15, \"CN_TOTAL_MARKET_BONDS\": 0.0, \"AUS_SMALL_CAP_VALUE_STOCKS\": 0.0, \"ASIA_EXJAP_TOTAL_MARKET_BONDS\": 0.0, \"US_TOTAL_MARKET_STOCKS\": 0.0, \"JAP_TOTAL_MARKET_STOCKS\": 0.0, \"ASIA_EXJAP_TOTAL_MARKET_STOCKS\": 0.0, \"EMERGING_MARKETS_BONDS\": 0.0, \"EUR_TOTAL_MARKET_BONDS\": 0.0, \"INTERNATIONAL_BONDS\": 0.0, \"UK_TOTAL_MARKET_STOCKS\": 0.0, \"GLOBAL_MARKETS_STOCKS\": 0.0, \"US_TOTAL_MARKET_BONDS\": 0.0, \"AUS_HIGH_YIELD_STOCKS\": 0.0, \"AUS_MUNICIPAL_BONDS\": 0.0, \"INFLATION_PROTECTED_BONDS\": 0.0, \"AUS_LARGE_CAP_VALUE_STOCKS\": 0.25, \"AUS_GOVT_BONDS\": 0.0, \"EUR_TOTAL_MARKET_STOCKS\": 0.6, \"AUS_CORPORATE_BONDS\": 0.0, \"CN_TOTAL_MARKET_STOCKS\": 0.0, \"EMERGING_MARKETS_STOCKS\": 0.0, \"AUS_TOTAL_MARKET_STOCKS\": 0.0}", "risk": 0.85}, "pk": 7626}, {"model": "portfolios.portfoliobyrisk", "fields": {"expected_return": 1.32, "portfolio_set": 1, "volatility": 9.495, "allocations": "{\"UK_TOTAL_MARKET_BONDS\": 0.1298, \"CN_TOTAL_MARKET_BONDS\": 0.0, \"AUS_SMALL_CAP_VALUE_STOCKS\": 0.0, \"ASIA_EXJAP_TOTAL_MARKET_BONDS\": 0.0, \"US_TOTAL_MARKET_STOCKS\": 0.0, \"JAP_TOTAL_MARKET_STOCKS\": 0.0, \"ASIA_EXJAP_TOTAL_MARKET_STOCKS\": 0.0, \"EMERGING_MARKETS_BONDS\": 0.0, \"EUR_TOTAL_MARKET_BONDS\": 0.0, \"INTERNATIONAL_BONDS\": 0.0, \"UK_TOTAL_MARKET_STOCKS\": 0.0, \"GLOBAL_MARKETS_STOCKS\": 0.0, \"US_TOTAL_MARKET_BONDS\": 0.0, \"AUS_HIGH_YIELD_STOCKS\": 0.0, \"AUS_MUNICIPAL_BONDS\": 0.0, \"INFLATION_PROTECTED_BONDS\": 0.0, \"AUS_LARGE_CAP_VALUE_STOCKS\": 0.2398, \"AUS_GOVT_BONDS\": 0.0, \"EUR_TOTAL_MARKET_STOCKS\": 0.6202, \"AUS_CORPORATE_BONDS\": 0.0102, \"CN_TOTAL_MARKET_STOCKS\": 0.0, \"EMERGING_MARKETS_STOCKS\": 0.0, \"AUS_TOTAL_MARKET_STOCKS\": 0.0}", "risk": 0.86}, "pk": 7627}, {"model": "portfolios.portfoliobyrisk", "fields": {"expected_return": 1.31, "portfolio_set": 1, "volatility": 9.6165, "allocations": "{\"UK_TOTAL_MARKET_BONDS\": 0.0, \"CN_TOTAL_MARKET_BONDS\": 0.0091, \"AUS_SMALL_CAP_VALUE_STOCKS\": 0.0, \"ASIA_EXJAP_TOTAL_MARKET_BONDS\": 0.0, \"US_TOTAL_MARKET_STOCKS\": 0.0, \"JAP_TOTAL_MARKET_STOCKS\": 0.0, \"ASIA_EXJAP_TOTAL_MARKET_STOCKS\": 0.0, \"EMERGING_MARKETS_BONDS\": 0.0, \"EUR_TOTAL_MARKET_BONDS\": 0.0, \"INTERNATIONAL_BONDS\": 0.0, \"UK_TOTAL_MARKET_STOCKS\": 0.0, \"GLOBAL_MARKETS_STOCKS\": 0.0, \"US_TOTAL_MARKET_BONDS\": 0.0, \"AUS_HIGH_YIELD_STOCKS\": 0.1291, \"AUS_MUNICIPAL_BONDS\": 0.1209, \"INFLATION_PROTECTED_BONDS\": 0.0, \"AUS_LARGE_CAP_VALUE_STOCKS\": 0.0, \"AUS_GOVT_BONDS\": 0.0, \"EUR_TOTAL_MARKET_STOCKS\": 0.0, \"AUS_CORPORATE_BONDS\": 0.0, \"CN_TOTAL_MARKET_STOCKS\": 0.7409, \"EMERGING_MARKETS_STOCKS\": 0.0, \"AUS_TOTAL_MARKET_STOCKS\": 0.0}", "risk": 0.87}, "pk": 7628}, {"model": "portfolios.portfoliobyrisk", "fields": {"expected_return": 1.33, "portfolio_set": 1, "volatility": 9.7422, "allocations": "{\"UK_TOTAL_MARKET_BONDS\": 0.0, \"CN_TOTAL_MARKET_BONDS\": 0.0, \"AUS_SMALL_CAP_VALUE_STOCKS\": 0.13, \"ASIA_EXJAP_TOTAL_MARKET_BONDS\": 0.0, \"US_TOTAL_MARKET_STOCKS\": 0.0, \"JAP_TOTAL_MARKET_STOCKS\": 0.0, \"ASIA_EXJAP_TOTAL_MARKET_STOCKS\": 0.0, \"EMERGING_MARKETS_BONDS\": 0.0, \"EUR_TOTAL_MARKET_BONDS\": 0.0, \"INTERNATIONAL_BONDS\": 0.0, \"UK_TOTAL_MARKET_STOCKS\": 0.0, \"GLOBAL_MARKETS_STOCKS\": 0.0, \"US_TOTAL_MARKET_BONDS\": 0.0, \"AUS_HIGH_YIELD_STOCKS\": 0.0, \"AUS_MUNICIPAL_BONDS\": 0.12, \"INFLATION_PROTECTED_BONDS\": 0.0, \"AUS_LARGE_CAP_VALUE_STOCKS\": 0.0, \"AUS_GOVT_BONDS\": 0.0, \"EUR_TOTAL_MARKET_STOCKS\": 0.0, \"AUS_CORPORATE_BONDS\": 0.0, \"CN_TOTAL_MARKET_STOCKS\": 0.75, \"EMERGING_MARKETS_STOCKS\": 0.0, \"AUS_TOTAL_MARKET_STOCKS\": 0.0}", "risk": 0.88}, "pk": 7629}, {"model": "portfolios.portfoliobyrisk", "fields": {"expected_return": 1.33, "portfolio_set": 1, "volatility": 9.8653, "allocations": "{\"UK_TOTAL_MARKET_BONDS\": 0.11, \"CN_TOTAL_MARKET_BONDS\": 0.0, \"AUS_SMALL_CAP_VALUE_STOCKS\": 0.0, \"ASIA_EXJAP_TOTAL_MARKET_BONDS\": 0.0, \"US_TOTAL_MARKET_STOCKS\": 0.0, \"JAP_TOTAL_MARKET_STOCKS\": 0.5323, \"ASIA_EXJAP_TOTAL_MARKET_STOCKS\": 0.0, \"EMERGING_MARKETS_BONDS\": 0.0, \"EUR_TOTAL_MARKET_BONDS\": 0.0, \"INTERNATIONAL_BONDS\": 0.0, \"UK_TOTAL_MARKET_STOCKS\": 0.0, \"GLOBAL_MARKETS_STOCKS\": 0.1077, \"US_TOTAL_MARKET_BONDS\": 0.0, \"AUS_HIGH_YIELD_STOCKS\": 0.0, \"AUS_MUNICIPAL_BONDS\": 0.0, \"INFLATION_PROTECTED_BONDS\": 0.0, \"AUS_LARGE_CAP_VALUE_STOCKS\": 0.25, \"AUS_GOVT_BONDS\": 0.0, \"EUR_TOTAL_MARKET_STOCKS\": 0.0, \"AUS_CORPORATE_BONDS\": 0.0, \"CN_TOTAL_MARKET_STOCKS\": 0.0, \"EMERGING_MARKETS_STOCKS\": 0.0, \"AUS_TOTAL_MARKET_STOCKS\": 0.0}", "risk": 0.89}, "pk": 7630}, {"model": "portfolios.portfoliobyrisk", "fields": {"expected_return": 1.33, "portfolio_set": 1, "volatility": 9.9889, "allocations": "{\"UK_TOTAL_MARKET_BONDS\": 0.1, \"CN_TOTAL_MARKET_BONDS\": 0.0, \"AUS_SMALL_CAP_VALUE_STOCKS\": 0.0, \"ASIA_EXJAP_TOTAL_MARKET_BONDS\": 0.0, \"US_TOTAL_MARKET_STOCKS\": 0.0, \"JAP_TOTAL_MARKET_STOCKS\": 0.3366, \"ASIA_EXJAP_TOTAL_MARKET_STOCKS\": 0.0, \"EMERGING_MARKETS_BONDS\": 0.0, \"EUR_TOTAL_MARKET_BONDS\": 0.0, \"INTERNATIONAL_BONDS\": 0.0, \"UK_TOTAL_MARKET_STOCKS\": 0.0, \"GLOBAL_MARKETS_STOCKS\": 0.0, \"US_TOTAL_MARKET_BONDS\": 0.0, \"AUS_HIGH_YIELD_STOCKS\": 0.0, \"AUS_MUNICIPAL_BONDS\": 0.0, \"INFLATION_PROTECTED_BONDS\": 0.0, \"AUS_LARGE_CAP_VALUE_STOCKS\": 0.25, \"AUS_GOVT_BONDS\": 0.0, \"EUR_TOTAL_MARKET_STOCKS\": 0.3134, \"AUS_CORPORATE_BONDS\": 0.0, \"CN_TOTAL_MARKET_STOCKS\": 0.0, \"EMERGING_MARKETS_STOCKS\": 0.0, \"AUS_TOTAL_MARKET_STOCKS\": 0.0}", "risk": 0.9}, "pk": 7631}, {"model": "portfolios.portfoliobyrisk", "fields": {"expected_return": 1.33, "portfolio_set": 1, "volatility": 10.1127, "allocations": "{\"UK_TOTAL_MARKET_BONDS\": 0.0, \"CN_TOTAL_MARKET_BONDS\": 0.082, \"AUS_SMALL_CAP_VALUE_STOCKS\": 0.0, \"ASIA_EXJAP_TOTAL_MARKET_BONDS\": 0.008, \"US_TOTAL_MARKET_STOCKS\": 0.0, \"JAP_TOTAL_MARKET_STOCKS\": 0.2569, \"ASIA_EXJAP_TOTAL_MARKET_STOCKS\": 0.0, \"EMERGING_MARKETS_BONDS\": 0.0, \"EUR_TOTAL_MARKET_BONDS\": 0.0, \"INTERNATIONAL_BONDS\": 0.0, \"UK_TOTAL_MARKET_STOCKS\": 0.0, \"GLOBAL_MARKETS_STOCKS\": 0.0, \"US_TOTAL_MARKET_BONDS\": 0.0, \"AUS_HIGH_YIELD_STOCKS\": 0.0, \"AUS_MUNICIPAL_BONDS\": 0.0, \"INFLATION_PROTECTED_BONDS\": 0.0, \"AUS_LARGE_CAP_VALUE_STOCKS\": 0.0, \"AUS_GOVT_BONDS\": 0.0, \"EUR_TOTAL_MARKET_STOCKS\": 0.0, \"AUS_CORPORATE_BONDS\": 0.0, \"CN_TOTAL_MARKET_STOCKS\": 0.4031, \"EMERGING_MARKETS_STOCKS\": 0.0, \"AUS_TOTAL_MARKET_STOCKS\": 0.25}", "risk": 0.91}, "pk": 7632}, {"model": "portfolios.portfoliobyrisk", "fields": {"expected_return": 1.27, "portfolio_set": 1, "volatility": 10.2301, "allocations": "{\"UK_TOTAL_MARKET_BONDS\": 0.08, \"CN_TOTAL_MARKET_BONDS\": 0.0, \"AUS_SMALL_CAP_VALUE_STOCKS\": 0.0, \"ASIA_EXJAP_TOTAL_MARKET_BONDS\": 0.0, \"US_TOTAL_MARKET_STOCKS\": 0.0, \"JAP_TOTAL_MARKET_STOCKS\": 0.0, \"ASIA_EXJAP_TOTAL_MARKET_STOCKS\": 0.0, \"EMERGING_MARKETS_BONDS\": 0.0, \"EUR_TOTAL_MARKET_BONDS\": 0.0, \"INTERNATIONAL_BONDS\": 0.0, \"UK_TOTAL_MARKET_STOCKS\": 0.0, \"GLOBAL_MARKETS_STOCKS\": 0.0, \"US_TOTAL_MARKET_BONDS\": 0.0, \"AUS_HIGH_YIELD_STOCKS\": 0.0, \"AUS_MUNICIPAL_BONDS\": 0.0, \"INFLATION_PROTECTED_BONDS\": 0.0, \"AUS_LARGE_CAP_VALUE_STOCKS\": 0.25, \"AUS_GOVT_BONDS\": 0.0, \"EUR_TOTAL_MARKET_STOCKS\": 0.67, \"AUS_CORPORATE_BONDS\": 0.0, \"CN_TOTAL_MARKET_STOCKS\": 0.0, \"EMERGING_MARKETS_STOCKS\": 0.0, \"AUS_TOTAL_MARKET_STOCKS\": 0.0}", "risk": 0.92}, "pk": 7633}, {"model": "portfolios.portfoliobyrisk", "fields": {"expected_return": 1.51, "portfolio_set": 1, "volatility": 10.3644, "allocations": "{\"UK_TOTAL_MARKET_BONDS\": 0.0, \"CN_TOTAL_MARKET_BONDS\": 0.07, \"AUS_SMALL_CAP_VALUE_STOCKS\": 0.0, \"ASIA_EXJAP_TOTAL_MARKET_BONDS\": 0.0, \"US_TOTAL_MARKET_STOCKS\": 0.0, \"JAP_TOTAL_MARKET_STOCKS\": 0.0, \"ASIA_EXJAP_TOTAL_MARKET_STOCKS\": 0.0, \"EMERGING_MARKETS_BONDS\": 0.0, \"EUR_TOTAL_MARKET_BONDS\": 0.0, \"INTERNATIONAL_BONDS\": 0.0, \"UK_TOTAL_MARKET_STOCKS\": 0.0, \"GLOBAL_MARKETS_STOCKS\": 0.0, \"US_TOTAL_MARKET_BONDS\": 0.0, \"AUS_HIGH_YIELD_STOCKS\": 0.2386, \"AUS_MUNICIPAL_BONDS\": 0.0, \"INFLATION_PROTECTED_BONDS\": 0.0, \"AUS_LARGE_CAP_VALUE_STOCKS\": 0.0, \"AUS_GOVT_BONDS\": 0.0, \"EUR_TOTAL_MARKET_STOCKS\": 0.0, \"AUS_CORPORATE_BONDS\": 0.0, \"CN_TOTAL_MARKET_STOCKS\": 0.3266, \"EMERGING_MARKETS_STOCKS\": 0.0, \"AUS_TOTAL_MARKET_STOCKS\": 0.3648}", "risk": 0.93}, "pk": 7634}, {"model": "portfolios.portfoliobyrisk", "fields": {"expected_return": 1.75, "portfolio_set": 1, "volatility": 10.4921, "allocations": "{\"UK_TOTAL_MARKET_BONDS\": 0.06, \"CN_TOTAL_MARKET_BONDS\": 0.0, \"AUS_SMALL_CAP_VALUE_STOCKS\": 0.0, \"ASIA_EXJAP_TOTAL_MARKET_BONDS\": 0.0, \"US_TOTAL_MARKET_STOCKS\": 0.0, \"JAP_TOTAL_MARKET_STOCKS\": 0.0, \"ASIA_EXJAP_TOTAL_MARKET_STOCKS\": 0.0, \"EMERGING_MARKETS_BONDS\": 0.0, \"EUR_TOTAL_MARKET_BONDS\": 0.0, \"INTERNATIONAL_BONDS\": 0.0, \"UK_TOTAL_MARKET_STOCKS\": 0.0, \"GLOBAL_MARKETS_STOCKS\": 0.0, \"US_TOTAL_MARKET_BONDS\": 0.0, \"AUS_HIGH_YIELD_STOCKS\": 0.0, \"AUS_MUNICIPAL_BONDS\": 0.0, \"INFLATION_PROTECTED_BONDS\": 0.0, \"AUS_LARGE_CAP_VALUE_STOCKS\": 0.25, \"AUS_GOVT_BONDS\": 0.0, \"EUR_TOTAL_MARKET_STOCKS\": 0.69, \"AUS_CORPORATE_BONDS\": 0.0, \"CN_TOTAL_MARKET_STOCKS\": 0.0, \"EMERGING_MARKETS_STOCKS\": 0.0, \"AUS_TOTAL_MARKET_STOCKS\": 0.0}", "risk": 0.94}, "pk": 7635}, {"model": "portfolios.portfoliobyrisk", "fields": {"expected_return": 2.0, "portfolio_set": 1, "volatility": 10.6243, "allocations": "{\"UK_TOTAL_MARKET_BONDS\": 0.0, \"CN_TOTAL_MARKET_BONDS\": 0.0, \"AUS_SMALL_CAP_VALUE_STOCKS\": 0.0, \"ASIA_EXJAP_TOTAL_MARKET_BONDS\": 0.05, \"US_TOTAL_MARKET_STOCKS\": 0.0, \"JAP_TOTAL_MARKET_STOCKS\": 0.0, \"ASIA_EXJAP_TOTAL_MARKET_STOCKS\": 0.0, \"EMERGING_MARKETS_BONDS\": 0.0, \"EUR_TOTAL_MARKET_BONDS\": 0.0, \"INTERNATIONAL_BONDS\": 0.0, \"UK_TOTAL_MARKET_STOCKS\": 0.0, \"GLOBAL_MARKETS_STOCKS\": 0.0, \"US_TOTAL_MARKET_BONDS\": 0.0, \"AUS_HIGH_YIELD_STOCKS\": 0.3081, \"AUS_MUNICIPAL_BONDS\": 0.0, \"INFLATION_PROTECTED_BONDS\": 0.0, \"AUS_LARGE_CAP_VALUE_STOCKS\": 0.0, \"AUS_GOVT_BONDS\": 0.0, \"EUR_TOTAL_MARKET_STOCKS\": 0.0, \"AUS_CORPORATE_BONDS\": 0.0, \"CN_TOTAL_MARKET_STOCKS\": 0.4039, \"EMERGING_MARKETS_STOCKS\": 0.0, \"AUS_TOTAL_MARKET_STOCKS\": 0.238}", "risk": 0.95}, "pk": 7636}, {"model": "portfolios.portfoliobyrisk", "fields": {"expected_return": 2.19, "portfolio_set": 1, "volatility": 10.7432, "allocations": "{\"UK_TOTAL_MARKET_BONDS\": 0.0076, \"CN_TOTAL_MARKET_BONDS\": 0.0, \"AUS_SMALL_CAP_VALUE_STOCKS\": 0.0, \"ASIA_EXJAP_TOTAL_MARKET_BONDS\": 0.0, \"US_TOTAL_MARKET_STOCKS\": 0.0, \"JAP_TOTAL_MARKET_STOCKS\": 0.0, \"ASIA_EXJAP_TOTAL_MARKET_STOCKS\": 0.0, \"EMERGING_MARKETS_BONDS\": 0.0, \"EUR_TOTAL_MARKET_BONDS\": 0.0324, \"INTERNATIONAL_BONDS\": 0.0, \"UK_TOTAL_MARKET_STOCKS\": 0.0, \"GLOBAL_MARKETS_STOCKS\": 0.0, \"US_TOTAL_MARKET_BONDS\": 0.0, \"AUS_HIGH_YIELD_STOCKS\": 0.0, \"AUS_MUNICIPAL_BONDS\": 0.0, \"INFLATION_PROTECTED_BONDS\": 0.0, \"AUS_LARGE_CAP_VALUE_STOCKS\": 0.1918, \"AUS_GOVT_BONDS\": 0.0, \"EUR_TOTAL_MARKET_STOCKS\": 0.71, \"AUS_CORPORATE_BONDS\": 0.0, \"CN_TOTAL_MARKET_STOCKS\": 0.0, \"EMERGING_MARKETS_STOCKS\": 0.0, \"AUS_TOTAL_MARKET_STOCKS\": 0.0582}", "risk": 0.96}, "pk": 7637}, {"model": "portfolios.portfoliobyrisk", "fields": {"expected_return": 2.37, "portfolio_set": 1, "volatility": 10.8719, "allocations": "{\"UK_TOTAL_MARKET_BONDS\": 0.03, \"CN_TOTAL_MARKET_BONDS\": 0.0, \"AUS_SMALL_CAP_VALUE_STOCKS\": 0.0, \"ASIA_EXJAP_TOTAL_MARKET_BONDS\": 0.0, \"US_TOTAL_MARKET_STOCKS\": 0.0, \"JAP_TOTAL_MARKET_STOCKS\": 0.0, \"ASIA_EXJAP_TOTAL_MARKET_STOCKS\": 0.0, \"EMERGING_MARKETS_BONDS\": 0.0, \"EUR_TOTAL_MARKET_BONDS\": 0.0, \"INTERNATIONAL_BONDS\": 0.0, \"UK_TOTAL_MARKET_STOCKS\": 0.0, \"GLOBAL_MARKETS_STOCKS\": 0.0, \"US_TOTAL_MARKET_BONDS\": 0.0, \"AUS_HIGH_YIELD_STOCKS\": 0.0, \"AUS_MUNICIPAL_BONDS\": 0.0, \"INFLATION_PROTECTED_BONDS\": 0.0, \"AUS_LARGE_CAP_VALUE_STOCKS\": 0.25, \"AUS_GOVT_BONDS\": 0.0, \"EUR_TOTAL_MARKET_STOCKS\": 0.72, \"AUS_CORPORATE_BONDS\": 0.0, \"CN_TOTAL_MARKET_STOCKS\": 0.0, \"EMERGING_MARKETS_STOCKS\": 0.0, \"AUS_TOTAL_MARKET_STOCKS\": 0.0}", "risk": 0.97}, "pk": 7638}, {"model": "portfolios.portfoliobyrisk", "fields": {"expected_return": 2.59, "portfolio_set": 1, "volatility": 11.0072, "allocations": "{\"UK_TOTAL_MARKET_BONDS\": 0.02, \"CN_TOTAL_MARKET_BONDS\": 0.0, \"AUS_SMALL_CAP_VALUE_STOCKS\": 0.0, \"ASIA_EXJAP_TOTAL_MARKET_BONDS\": 0.0, \"US_TOTAL_MARKET_STOCKS\": 0.0, \"JAP_TOTAL_MARKET_STOCKS\": 0.0, \"ASIA_EXJAP_TOTAL_MARKET_STOCKS\": 0.0, \"EMERGING_MARKETS_BONDS\": 0.0, \"EUR_TOTAL_MARKET_BONDS\": 0.0, \"INTERNATIONAL_BONDS\": 0.0, \"UK_TOTAL_MARKET_STOCKS\": 0.0, \"GLOBAL_MARKETS_STOCKS\": 0.0, \"US_TOTAL_MARKET_BONDS\": 0.0, \"AUS_HIGH_YIELD_STOCKS\": 0.0, \"AUS_MUNICIPAL_BONDS\": 0.0, \"INFLATION_PROTECTED_BONDS\": 0.0, \"AUS_LARGE_CAP_VALUE_STOCKS\": 0.25, \"AUS_GOVT_BONDS\": 0.0, \"EUR_TOTAL_MARKET_STOCKS\": 0.73, \"AUS_CORPORATE_BONDS\": 0.0, \"CN_TOTAL_MARKET_STOCKS\": 0.0, \"EMERGING_MARKETS_STOCKS\": 0.0, \"AUS_TOTAL_MARKET_STOCKS\": 0.0}", "risk": 0.98}, "pk": 7639}, {"model": "portfolios.portfoliobyrisk", "fields": {"expected_return": 2.43, "portfolio_set": 1, "volatility": 11.0954, "allocations": "{\"UK_TOTAL_MARKET_BONDS\": 0.0, \"CN_TOTAL_MARKET_BONDS\": 0.0, \"AUS_SMALL_CAP_VALUE_STOCKS\": 0.0, \"ASIA_EXJAP_TOTAL_MARKET_BONDS\": 0.0, \"US_TOTAL_MARKET_STOCKS\": 0.0, \"JAP_TOTAL_MARKET_STOCKS\": 0.0, \"ASIA_EXJAP_TOTAL_MARKET_STOCKS\": 0.0, \"EMERGING_MARKETS_BONDS\": 0.0, \"EUR_TOTAL_MARKET_BONDS\": 0.0, \"INTERNATIONAL_BONDS\": 0.0, \"UK_TOTAL_MARKET_STOCKS\": 0.0, \"GLOBAL_MARKETS_STOCKS\": 0.0, \"US_TOTAL_MARKET_BONDS\": 0.0, \"AUS_HIGH_YIELD_STOCKS\": 0.0, \"AUS_MUNICIPAL_BONDS\": 0.0, \"INFLATION_PROTECTED_BONDS\": 0.0, \"AUS_LARGE_CAP_VALUE_STOCKS\": 0.24, \"AUS_GOVT_BONDS\": 0.0, \"EUR_TOTAL_MARKET_STOCKS\": 0.75, \"AUS_CORPORATE_BONDS\": 0.01, \"CN_TOTAL_MARKET_STOCKS\": 0.0, \"EMERGING_MARKETS_STOCKS\": 0.0, \"AUS_TOTAL_MARKET_STOCKS\": 0.0}", "risk": 0.99}, "pk": 7640}, {"model": "portfolios.portfoliobyrisk", "fields": {"expected_return": 2.73, "portfolio_set": 1, "volatility": 11.2417, "allocations": "{\"UK_TOTAL_MARKET_BONDS\": 0.0, \"CN_TOTAL_MARKET_BONDS\": 0.0, \"AUS_SMALL_CAP_VALUE_STOCKS\": 0.0, \"ASIA_EXJAP_TOTAL_MARKET_BONDS\": 0.0, \"US_TOTAL_MARKET_STOCKS\": 0.0, \"JAP_TOTAL_MARKET_STOCKS\": 0.0, \"ASIA_EXJAP_TOTAL_MARKET_STOCKS\": 0.0, \"EMERGING_MARKETS_BONDS\": 0.0, \"EUR_TOTAL_MARKET_BONDS\": 0.0, \"INTERNATIONAL_BONDS\": 0.0, \"UK_TOTAL_MARKET_STOCKS\": 0.0, \"GLOBAL_MARKETS_STOCKS\": 0.0, \"US_TOTAL_MARKET_BONDS\": 0.0, \"AUS_HIGH_YIELD_STOCKS\": 0.0, \"AUS_MUNICIPAL_BONDS\": 0.0, \"INFLATION_PROTECTED_BONDS\": 0.0, \"AUS_LARGE_CAP_VALUE_STOCKS\": 0.25, \"AUS_GOVT_BONDS\": 0.0, \"EUR_TOTAL_MARKET_STOCKS\": 0.75, \"AUS_CORPORATE_BONDS\": 0.0, \"CN_TOTAL_MARKET_STOCKS\": 0.0, \"EMERGING_MARKETS_STOCKS\": 0.0, \"AUS_TOTAL_MARKET_STOCKS\": 0.0}", "risk": 1.0}, "pk": 7641}, {"model": "portfolios.view", "fields": {"portfolio_set": 1, "assets": "VAS, ILB\r\n1, -1", "q": 0.01}, "pk": 1}, {"model": "portfolios.view", "fields": {"portfolio_set": 1, "assets": "VAS, VHY\r\n1, -1", "q": 0.01}, "pk": 3}, {"model": "portfolios.view", "fields": {"portfolio_set": 1, "assets": "VAS, RGB\r\n1, -1", "q": 0.01}, "pk": 4}, {"model": "portfolios.view", "fields": {"portfolio_set": 1, "assets": "VLC, VGS\r\n1, -1", "q": 0.01}, "pk": 5}, {"model": "portfolios.view", "fields": {"portfolio_set": 1, "assets": "VTS, VAS\r\n-1, 1", "q": 0.01}, "pk": 6}]