[{"fields": {"last_login": "2015-09-09T22:11:00.514Z", "password": "pbkdf2_sha256$20000$UWhfnhzn9qYn$624ImfWoaOkkqloUAU3xcyOMwwEHdtU42j1gIWZ/CDQ=", "first_name": "cristian", "is_staff": true, "date_joined": "2015-08-31T22:52:32.864Z", "last_name": "lozano", "is_superuser": true, "groups": [], "user_permissions": [], "email": "criscalovis@gmail.com", "is_active": true, "username": "criloz", "middle_name": ""}, "pk": 1, "model": "main.user"}, {"fields": {"last_login": "2015-09-02T10:58:00.493Z", "password": "pbkdf2_sha256$20000$s4CrKBiiuwAr$0x90N7nE0qJC8pFEmUi+Ah+0nQvh/qov26PQv7ZiOqc=", "first_name": "Alberto", "is_staff": false, "date_joined": "2015-09-02T10:45:08.785Z", "last_name": "Santos", "is_superuser": false, "groups": [], "user_permissions": [], "email": "criscalovis@hotmail.com", "is_active": true, "username": "", "middle_name": "N"}, "pk": 2, "model": "main.user"}, {"fields": {"last_login": "2015-09-10T12:23:31.583Z", "password": "pbkdf2_sha256$20000$s4CrKBiiuwAr$0x90N7nE0qJC8pFEmUi+Ah+0nQvh/qov26PQv7ZiOqc=", "first_name": "demo", "is_staff": false, "date_joined": "2015-09-02T15:08:53Z", "last_name": "advisor", "is_superuser": false, "groups": [], "user_permissions": [], "email": "advisor@example.org", "is_active": true, "username": "", "middle_name": ""}, "pk": 3, "model": "main.user"}, {"fields": {"last_login": "2015-09-07T11:03:29.167Z", "password": "", "first_name": "Rhonda", "is_staff": false, "date_joined": "2015-09-02T18:07:41Z", "last_name": "Pearlman", "is_superuser": false, "groups": [], "user_permissions": [], "email": "20825@example.com", "is_active": true, "username": "", "middle_name": ""}, "pk": 4, "model": "main.user"}, {"fields": {"last_login": null, "password": "", "first_name": "John", "is_staff": false, "date_joined": "2015-09-03T03:43:15Z", "last_name": "Adams", "is_superuser": false, "groups": [], "user_permissions": [], "email": "6587@demo.org", "is_active": true, "username": "", "middle_name": ""}, "pk": 5, "model": "main.user"}, {"fields": {"last_login": "2015-09-10T12:51:50.998Z", "password": "", "first_name": "Barack", "is_staff": false, "date_joined": "2015-09-03T11:16:36Z", "last_name": "Obama", "is_superuser": false, "groups": [], "user_permissions": [], "email": "obama@demo.org", "is_active": true, "username": "", "middle_name": ""}, "pk": 6, "model": "main.user"}, {"fields": {"last_login": "2015-09-06T22:54:43.610Z", "password": "pbkdf2_sha256$20000$s4CrKBiiuwAr$0x90N7nE0qJC8pFEmUi+Ah+0nQvh/qov26PQv7ZiOqc=", "first_name": "advisor 2", "is_staff": false, "date_joined": "2015-09-04T08:10:59Z", "last_name": "demo", "is_superuser": false, "groups": [], "user_permissions": [], "email": "advisor2@example.org", "is_active": true, "username": "", "middle_name": ""}, "pk": 7, "model": "main.user"}, {"fields": {"last_login": null, "password": "", "first_name": "advisor 3", "is_staff": false, "date_joined": "2015-09-04T08:21:43Z", "last_name": "demo", "is_superuser": false, "groups": [], "user_permissions": [], "email": "advisor3@example.org", "is_active": true, "username": "", "middle_name": ""}, "pk": 8, "model": "main.user"}, {"fields": {"last_login": null, "password": "pbkdf2_sha256$20000$33u3rIEY1z7M$tGR1g3rnnc2fO1xzMl1Q5uHkuwQ5DKH2sY6b8VEWpyk=", "first_name": "admin", "is_staff": false, "date_joined": "2015-09-07T07:29:19Z", "last_name": "demo", "is_superuser": false, "groups": [], "user_permissions": [], "email": "admin@demo.com", "is_active": true, "username": "", "middle_name": ""}, "pk": 9, "model": "main.user"}, {"fields": {"slug": "cristian-advisors", "dealer_group_number": "", "token": "7b5e7cae-951d-4a43-aa37-7fbef39b0656", "form_adv_part2_url": "", "fee": 0, "knocked_out_logo_url": "./MSA_Logo.png", "logo_url": "", "client_agreement_url": "./pgadmin_yxCqN9n.log", "name": "Cristian Advisors"}, "pk": 1, "model": "main.firm"}, {"fields": {"slug": "bancolombia", "dealer_group_number": "", "token": "c4305001-dab3-4185-9def-32aca6e99e2c", "form_adv_part2_url": "", "fee": 0, "knocked_out_logo_url": "", "logo_url": "", "client_agreement_url": "", "name": "Bancolombia"}, "pk": 2, "model": "main.firm"}, {"fields": {"alternate_email_address": "criscalovis@gmail.com", "postal_post_code": "2512", "fee_bank_account_bsb_number": "sdfsd", "postal_state": "NSW", "office_state": "NSW", "office_address_line_1": "Kr 55 No 5-41", "afsl_asic_document": "./Compa\u00f1\u00eda_de_Financiamiento_Tuya_S_ix37QXO.pdf", "same_address": false, "postal_city": "Medellin", "office_address_line_2": "sadfsdsdf", "australian_business_number": "dsfsdfsdfsdfsd", "last_change": "2015-09-01", "firm": 2, "office_post_code": "4454", "afsl_asic": "546546446", "postal_address_line_2": "lokjlk", "fee_bank_account_number": "54164164", "fax_number": "2365896574", "mobile_phone_number": "2365896574", "fee_bank_account_branch_name": "54545", "daytime_phone_number": "2365896574", "postal_address_line_1": "Kr 55 No 5-41", "fee_bank_account_name": "Cristian Lozano", "office_city": "Medellin", "fee_bank_account_holder_name": "fsdfdsfsdfds"}, "pk": 1, "model": "main.firmdata"}, {"fields": {"firm": 1, "security_question_2": "What is your oldest sibling's birth month?", "is_confirmed": true, "gender": "Male", "date_of_birth": "1987-10-15", "address_line_2": "", "security_question_1": "What was the name of your elementary school?", "security_answer_2": "ccc", "medicare_number": "121646a", "is_accepted": true, "security_answer_1": "aaa", "letter_of_authority": "./Change-of-Dealer-Group-form.pdf", "post_code": "1259", "betasmartz_agreement": true, "phone_number": "1234567891", "token": "12d8b193-0835-40b9-baa5-01f9a668b434", "state": "NT", "address_line_1": "Kr 55 No 5-41", "confirmation_key": null, "user": 3, "city": "Secret"}, "pk": 1, "model": "main.advisor"}, {"fields": {"firm": 1, "security_question_2": "What is your oldest sibling's birth month?", "is_confirmed": true, "gender": "Male", "date_of_birth": "1957-09-04", "address_line_2": "PLDE", "security_question_1": "What was the name of your elementary school?", "security_answer_2": "hoho", "medicare_number": "2583694", "is_accepted": true, "security_answer_1": "hoho", "letter_of_authority": "./pgadmin_ggskSUU.log", "post_code": "3658", "betasmartz_agreement": true, "phone_number": "4582356871", "token": null, "state": "NSW", "address_line_1": "WXYZ", "confirmation_key": null, "user": 7, "city": "Ft. lorenzo"}, "pk": 2, "model": "main.advisor"}, {"fields": {"firm": 1, "security_question_2": "In what city did your mother and father meet?", "is_confirmed": true, "gender": "Male", "date_of_birth": "1975-09-04", "address_line_2": "bng", "security_question_1": "What was the name of your favorite childhood friend?", "security_answer_2": "mmmm", "medicare_number": "55454596", "is_accepted": false, "security_answer_1": "mmmm", "letter_of_authority": "./pgadmin_gnUq2VU.log", "post_code": "2569", "betasmartz_agreement": true, "phone_number": "3214569875", "token": null, "state": "NT", "address_line_1": "lkj", "confirmation_key": null, "user": 8, "city": "jjj"}, "pk": 3, "model": "main.advisor"}, {"fields": {"advisor": 1, "secondary_advisors": [], "name": "new household"}, "pk": 7, "model": "main.accountgroup"}, {"fields": {"advisor": 1, "secondary_advisors": [], "name": "Rhonda Pearlman edition"}, "pk": 8, "model": "main.accountgroup"}, {"fields": {"custom_fee": 0, "created_at": "2015-09-04T10:57:57.210Z", "account_type": "1", "primary_owner": 1, "account_group": 8}, "pk": 5, "model": "main.clientaccount"}, {"fields": {"custom_fee": 33, "created_at": "2015-09-04T10:57:57.210Z", "account_type": "PERSONAL", "primary_owner": 3, "account_group": 7}, "pk": 6, "model": "main.clientaccount"}, {"fields": {"security_question_2": "What street did you live on in third grade?", "secondary_advisors": [], "gender": "Male", "ten_percent_insider": false, "tax_file_number": "656566", "security_answer_2": "ccc", "city": "ACK", "address_line_1": "Kr 55 No 5-41", "create_date": "2015-09-03T00:00:00Z", "state": "SA", "associated_to_broker_dealer": false, "advisor": 1, "is_confirmed": true, "provide_tfn": 0, "date_of_birth": "1975-09-02", "address_line_2": "apt 01", "user": 4, "is_accepted": true, "security_answer_1": "aaa", "post_code": "1259", "security_question_1": "What was the name of your elementary school?", "confirmation_key": null, "client_agreement": "./pgadmin.log", "phone_number": "9874563248"}, "pk": 1, "model": "main.client"}, {"fields": {"security_question_2": "What street did you live on in third grade?", "secondary_advisors": [], "gender": "Male", "ten_percent_insider": false, "tax_file_number": "441513", "security_answer_2": "zxy", "city": "aaa", "address_line_1": "abc", "create_date": "2015-09-03T00:00:00Z", "state": "NSW", "associated_to_broker_dealer": false, "advisor": 1, "is_confirmed": true, "provide_tfn": 0, "date_of_birth": "1985-09-02", "address_line_2": "tbd", "user": 5, "is_accepted": true, "security_answer_1": "pld", "post_code": "8564", "security_question_1": "What was the name of your elementary school?", "confirmation_key": null, "client_agreement": "./Change-of-Dealer-Group-form_byjTfb5.pdf", "phone_number": "6549871236"}, "pk": 2, "model": "main.client"}, {"fields": {"security_question_2": "What street did you live on in third grade?", "secondary_advisors": [], "gender": "Male", "ten_percent_insider": false, "tax_file_number": "85755", "security_answer_2": "00330", "city": "aaaa", "address_line_1": "xyz", "create_date": "2015-09-03T11:18:40.686Z", "state": "SA", "associated_to_broker_dealer": false, "advisor": 1, "is_confirmed": true, "provide_tfn": 0, "date_of_birth": "1972-09-22", "address_line_2": "xwx", "user": 6, "is_accepted": true, "security_answer_1": "232323", "post_code": "6339", "security_question_1": "What was the name of your favorite childhood friend?", "confirmation_key": null, "client_agreement": "./pgadmin_bsHD0jP.log", "phone_number": "1234567893"}, "pk": 3, "model": "main.client"}, {"fields": {"asset_class_explanation": "Australian Small-Cap Value stocks overlap with the Australian Total Stock Market, but are included to tilt the portfolio towards small size companies with generally low price-to-earnings ratios. Value-tilting has historically showed good results, and it in general increases the portfolio's dividend yield.", "display_order": 2, "display_name": "Australian Small-Cap Value", "drift_color": "#B9D0A5", "tickers_explanation": "VSO, ISO, and SSO are highly correlated options to gain Australian Small-Cap Value stock exposure. VSO is our primary choice with its low expenses and large asset base.", "investment_type": "STOCKS", "super_asset_class": "EQUITY_AU", "foreground_color": "#FFFFFF", "primary_color": "#50891E", "name": "AUS_SMALL_CAP_VALUE_STOCKS"}, "pk": 1, "model": "main.assetclass"}, {"fields": {"asset_class_explanation": "Australian High Yield Stocks overlap with the Australian Total Stock Market, but are included to tilt the portfolio towards companies with higher forecast dividends relative to other companies. Value-tilting has historically showed good results, and generally increases the portfolio's dividend yield.", "display_order": 3, "display_name": "Australian High Yield Corporate", "drift_color": "#9ABE9F", "tickers_explanation": "VHY, RDV, YMAX, SYI, RVL and IHD are all dependable avenues to gain exposure to Australian High Yield Stocks. VHY is our primary choice with its tight bid-ask spread and a low expense ratio.", "investment_type": "STOCKS", "super_asset_class": "EQUITY_AU", "foreground_color": "#FFFFFF", "primary_color": "#035D0E", "name": "AUS_HIGH_YIELD_STOCKS"}, "pk": 2, "model": "main.assetclass"}, {"fields": {"asset_class_explanation": "Global Markets stocks provide exposure to a diverse set of companies from international developed economies including the US, UK, Europe, Japan, and others, excluding Australia. It reflects global risk/return and has lower correlations to the Australian market.", "display_order": 4, "display_name": "Global Markets", "drift_color": "#9EB0A0", "tickers_explanation": "VGS and IOO are both dependable avenues to gain exposure to Global Market stocks. VGS is our primary choice with its tight bid-ask spread and a low expense ratio.", "investment_type": "STOCKS", "super_asset_class": "EQUITY_US", "foreground_color": "#FFFFFF", "primary_color": "#0C3911", "name": "GLOBAL_MARKETS_STOCKS"}, "pk": 3, "model": "main.assetclass"}, {"fields": {"asset_class_explanation": "Australian Government Bonds are an extremely low-risk asset class as a cash alternative that generates nominal benefit through interest payments, and de-risks the portfolio at safer allocations.", "display_order": 7, "display_name": "Australian Government Bonds", "drift_color": "#EFF7FF", "tickers_explanation": "RGB, GOVT, VGB and IGB offer broad exposure to the Australian Government Bond market. RGB is our primary choice due to its low expense ratio and high liquidity.", "investment_type": "BONDS", "super_asset_class": "FIXED_INCOME_AU", "foreground_color": "#333333", "primary_color": "#D6EBFF", "name": "AUS_GOVT_BONDS"}, "pk": 4, "model": "main.assetclass"}, {"fields": {"asset_class_explanation": "Australian Corporate Bonds are issued by corporations to finance business activities. Corporate bonds generally offer much more attractive yields and opportunity for capital appreciation to compensate investors for default risk. They also diversify the fixed-income portfolio, resulting in higher risk-adjusted returns.", "display_order": 6, "display_name": "Australian Corporate Bonds", "drift_color": "#B3D7FB", "tickers_explanation": "BOND, IAF, and RCB provide portfolio exposure to the Australian Corporate Bond market. BOND's tight bid-ask spread and stronger asset base make it our primary choice.", "investment_type": "BONDS", "super_asset_class": "FIXED_INCOME_AU", "foreground_color": "#FFFFFF", "primary_color": "#409BF6", "name": "AUS_CORPORATE_BONDS"}, "pk": 5, "model": "main.assetclass"}, {"fields": {"asset_class_explanation": "Australian Total Stock Market contains broad exposure to the entire Australian stock market, including growth and value companies of small, mid and large capitalizations. This asset class allows participation in the historically strong long-term growth of the Australian economy.", "display_order": 0, "display_name": "Australian Total Stock Market", "drift_color": "#E4F5C9", "tickers_explanation": "VAS, STW, and QOZ all offer exposure to the entire Australian Stock market and are highly correlated. They all have very low expense ratios. VAS has high liquidity and small bid-ask spreads so it is our primary choice.", "investment_type": "STOCKS", "super_asset_class": "EQUITY_AU", "foreground_color": "#333333", "primary_color": "#BCE577", "name": "AUS_TOTAL_MARKET_STOCKS"}, "pk": 6, "model": "main.assetclass"}, {"fields": {"asset_class_explanation": "Australian Government Inflation includes Australian Government Bonds issued by the Australian Commonwealth Government and Australian State-Governments which are supposed to provide a hedge against inflation. This allocation serves to insulate a part of the portfolio from the depreciating effects of inflation while also having historically relatively low correlation with other asset classes.", "display_order": 8, "display_name": "Australian Government Inflation", "drift_color": "#DEEFFF", "tickers_explanation": "ILB is the only offering to have a broad representation of Australian Government Inflation and has a low expense ratio.", "investment_type": "BONDS", "super_asset_class": "FIXED_INCOME_AU", "foreground_color": "#FFFFFF", "primary_color": "#ADD6FF", "name": "INFLATION_PROTECTED_BONDS"}, "pk": 7, "model": "main.assetclass"}, {"fields": {"asset_class_explanation": "International Bonds are issued by non-Australian developed and emerging market governments, semi-governments and corporates. They have high credit quality and provide interest rate diversification for a bond portfolio, generally resulting in higher risk-adjusted returns.", "display_order": 10, "display_name": "International Bonds", "drift_color": "#99BEE3", "tickers_explanation": "RIGS (NYSE) provides exposure to the whole international fixed-income market. It carries a competitive expense ratio and robust asset base.", "investment_type": "BONDS", "super_asset_class": "FIXED_INCOME_US", "foreground_color": "#FFFFFF", "primary_color": "#005CB8", "name": "INTERNATIONAL_BONDS"}, "pk": 8, "model": "main.assetclass"}, {"fields": {"asset_class_explanation": "Australian Large-Cap Value stocks overlap with the Australian Total Stock Market, but are included to tilt the portfolio toward large size companies with generally low price-to-earnings ratios. Value-tilting has historically showed good performance, and also in general increases the portfolio's dividend yield.", "display_order": 1, "display_name": "Australian Large-Cap Value", "drift_color": "#D5EDC1", "tickers_explanation": "VLC, ILC and SFY all offer broad Australian Large-Cap Value Stock exposure and are highly correlated. VLC and ILC have the lowest expense ratios. VLC is our primary choice due to its high liquidity.", "investment_type": "STOCKS", "super_asset_class": "EQUITY_AU", "foreground_color": "#FFFFFF", "primary_color": "#96D363", "name": "AUS_LARGE_CAP_VALUE_STOCKS"}, "pk": 9, "model": "main.assetclass"}, {"fields": {"asset_class_explanation": "Australian Semi-Government Bonds are issue by State Government, State Treasury Corporations and Municipalities to finance capital expenditures. While Semi-Government Bond credit risk is slightly higher than Australian Government Bonds, it is still quite low and makes them an excellent addition to portfolios.", "display_order": 9, "display_name": "Australian Semi-Government Bonds", "drift_color": "#DAEDFF", "tickers_explanation": "RSM offers broad exposure to the Australian Semi-Government Bond market. RSM is our primary choice due to its low expense ratio and high liquidity.", "investment_type": "BONDS", "super_asset_class": "FIXED_INCOME_AU", "foreground_color": "#FFFFFF", "primary_color": "#8BC5FF", "name": "AUS_MUNICIPAL_BONDS"}, "pk": 10, "model": "main.assetclass"}, {"fields": {"currency": "AUD", "asset_class": 1, "description": "Australian Small-Cap Value", "ordering": 0, "display_name": "Vanguard MSCI Australian Small Companies Index ETF", "symbol": "VSO", "unit_price": 40.5, "url": "https://www.vanguardinvestments.com.au/retail/ret/investments/etfdetailVASCIE.jsp"}, "pk": 1, "model": "main.ticker"}, {"fields": {"currency": "AUD", "asset_class": 2, "description": "Australian High Yield Corporate", "ordering": 0, "display_name": "Vanguard Australian Shares High Yield ETF", "symbol": "VHY", "unit_price": 58.17, "url": "https://www.vanguardinvestments.com.au/retail/ret/investments/etfdetailVASHYE.jsp"}, "pk": 3, "model": "main.ticker"}, {"fields": {"currency": "AUD", "asset_class": 3, "description": "Global Markets", "ordering": 0, "display_name": "Vanguard MSCI Index International Shares ETF", "symbol": "VGS", "unit_price": 58.9, "url": "https://www.vanguardinvestments.com.au/retail/ret/investments/etfdetailVISIFE.jsp"}, "pk": 5, "model": "main.ticker"}, {"fields": {"currency": "AUD", "asset_class": 4, "description": "Australian Government Bonds", "ordering": 0, "display_name": "Russell Australian Government Bond ETF", "symbol": "RGB", "unit_price": 21.1, "url": "http://www.russell.com/au/solutions/exchange-traded-funds/data.aspx?id=RAGBETF"}, "pk": 7, "model": "main.ticker"}, {"fields": {"currency": "AUD", "asset_class": 5, "description": "Australian Corporate Bonds", "ordering": 0, "display_name": "SPDR S&P/ASX Australian Bond Fund", "symbol": "BOND", "unit_price": 28.94, "url": "https://www.spdrs.com.au/etf/fund/fund_detail_BOND.html"}, "pk": 8, "model": "main.ticker"}, {"fields": {"currency": "AUD", "asset_class": 6, "description": "Australian Total Stock Market", "ordering": 0, "display_name": "Vanguard Australian Shares Index ETF", "symbol": "VAS", "unit_price": 65.53, "url": "https://www.vanguardinvestments.com.au/retail/ret/investments/etfdetailVASIFE.jsp"}, "pk": 10, "model": "main.ticker"}, {"fields": {"currency": "AUD", "asset_class": 7, "description": "Australian Government Inflation", "ordering": 0, "display_name": "iShares Government Inflation ETF", "symbol": "ILB", "unit_price": 113.8, "url": "https://www.blackrock.com/au/individual/products/251978/ishares-government-inflation-etf"}, "pk": 12, "model": "main.ticker"}, {"fields": {"currency": "USD", "asset_class": 8, "description": "International Bonds", "ordering": 0, "display_name": "RiverFront Strategic Income Fund ETF", "symbol": "RIGS", "unit_price": 16.6263, "url": "http://www.alpsfunds.com/overview/RIGS"}, "pk": 13, "model": "main.ticker"}, {"fields": {"currency": "AUD", "asset_class": 9, "description": "Australian Large-Cap Value", "ordering": 0, "display_name": "Vanguard Value ETF", "symbol": "VLC", "unit_price": 55.0, "url": "https://www.vanguardinvestments.com.au/retail/ret/investments/etfdetailVALCIE.jsp"}, "pk": 14, "model": "main.ticker"}, {"fields": {"currency": "AUD", "asset_class": 10, "description": "Australian Semi-Government Bonds", "ordering": 0, "display_name": "Russell Australian Semi-Govt Bd ETF", "symbol": "RSM", "unit_price": 20.71, "url": "http://www.russell.com/au/solutions/exchange-traded-funds/data.aspx?id=RASGBETF"}, "pk": 16, "model": "main.ticker"}, {"fields": {"status": 1, "email": "criscalovis@yahoo.com", "send_count": 14, "inviter_id": 2, "send_date": "2015-09-01T06:13:25.443Z", "inviter_type": 7, "invitation_type": 1}, "pk": 24, "model": "main.emailinvitation"}, {"fields": {"status": 0, "email": "criscalovis@hotmail.com", "send_count": 1, "inviter_id": 2, "send_date": "2015-09-01T06:19:04.827Z", "inviter_type": 7, "invitation_type": 1}, "pk": 25, "model": "main.emailinvitation"}, {"fields": {"status": 0, "email": "criscalovis@yahoo.com", "send_count": 1, "inviter_id": 1, "send_date": "2015-09-01T08:02:56.351Z", "inviter_type": 7, "invitation_type": 1}, "pk": 26, "model": "main.emailinvitation"}, {"fields": {"status": 0, "email": "criscalovis@gmail.com", "send_count": 4, "inviter_id": 1, "send_date": "2015-09-01T08:16:27.015Z", "inviter_type": 7, "invitation_type": 1}, "pk": 27, "model": "main.emailinvitation"}, {"fields": {"status": 0, "email": "criscalovis@gmail.com", "send_count": 2, "inviter_id": 2, "send_date": "2015-09-01T17:54:28.627Z", "inviter_type": 7, "invitation_type": 2}, "pk": 28, "model": "main.emailinvitation"}, {"fields": {"status": 0, "email": "criscalovis@gmail.com", "send_count": 1, "inviter_id": 2, "send_date": "2015-09-01T17:56:57.539Z", "inviter_type": 7, "invitation_type": 0}, "pk": 29, "model": "main.emailinvitation"}, {"fields": {"status": 3, "email": "criscalovis@hotmail.com", "send_count": 1, "inviter_id": 1, "send_date": "2015-09-02T12:38:40.524Z", "inviter_type": 7, "invitation_type": 1}, "pk": 30, "model": "main.emailinvitation"}, {"fields": {"status": 0, "email": "democlient@demo.com", "send_count": 1, "inviter_id": 1, "send_date": "2015-09-02T17:19:37.373Z", "inviter_type": 9, "invitation_type": 3}, "pk": 31, "model": "main.emailinvitation"}, {"fields": {"status": 0, "email": "criscalovis@hotmail.com", "send_count": 1, "inviter_id": 1, "send_date": "2015-09-02T17:19:47.936Z", "inviter_type": 9, "invitation_type": 3}, "pk": 32, "model": "main.emailinvitation"}, {"fields": {"fee": 25, "api": "YAHOO", "portfolio_set": 1}, "pk": 1, "model": "main.platform"}, {"fields": {"account": 6, "type": "RETIREMENT", "created_date": "2015-09-09T05:54:03.919Z", "account_type": "INVESTING", "completion_date": "2015-09-09T05:53:57Z", "allocation": 0.4, "target": 320000.0, "name": "Retirement"}, "pk": 1, "model": "main.goal"}, {"fields": {"account": 6, "type": "EMERGENCY", "created_date": "2015-09-09T06:09:24.387Z", "account_type": "INVESTING", "completion_date": "2018-09-08T09:09:24Z", "allocation": 0.4, "target": 70000.0, "name": "Wealth Protection"}, "pk": 4, "model": "main.goal"}, {"fields": {"goal": 1, "ticker": 13, "value": 3251.0}, "pk": 1, "model": "main.position"}, {"fields": {"goal": 1, "ticker": 7, "value": 6565.0}, "pk": 2, "model": "main.position"}, {"fields": {"account": 1, "type": "DEPOSIT", "created_date": "2015-09-09T03:46:57.818Z", "status": "PENDING", "to_account": null, "from_account": null, "amount": 300}, "pk": 18, "model": "main.transaction"}, {"fields": {"account": 1, "type": "DEPOSIT", "created_date": "2015-09-09T07:10:24.649Z", "status": "PENDING", "to_account": null, "from_account": null, "amount": 300}, "pk": 20, "model": "main.transaction"}, {"fields": {"account": 4, "type": "DEPOSIT", "created_date": "2015-09-09T07:22:36.466Z", "status": "PENDING", "to_account": null, "from_account": null, "amount": 8000}, "pk": 21, "model": "main.transaction"}, {"fields": {"asset_classes": [1, 2, 3, 6, 9, 5, 4, 7, 10, 8], "tau": 0.07, "risk_free_rate": 0.21, "name": "default"}, "pk": 1, "model": "portfolios.portfolioset"}, {"fields": {"risk": 0.0, "expected_return": 0.08, "portfolio_set": 1, "volatility": 2.443, "allocations": "{\"INFLATION_PROTECTED_BONDS\": 0.0, \"AUS_TOTAL_MARKET_STOCKS\": 0.0, \"AUS_HIGH_YIELD_STOCKS\": 0.0, \"GLOBAL_MARKETS_STOCKS\": 0.0, \"AUS_CORPORATE_BONDS\": 0.1569, \"AUS_SMALL_CAP_VALUE_STOCKS\": 0.0, \"INTERNATIONAL_BONDS\": 0.4225, \"AUS_LARGE_CAP_VALUE_STOCKS\": 0.0, \"AUS_MUNICIPAL_BONDS\": 0.3307, \"AUS_GOVT_BONDS\": 0.0898}"}, "pk": 2624, "model": "portfolios.portfoliobyrisk"}, {"fields": {"risk": 0.01, "expected_return": 0.25, "portfolio_set": 1, "volatility": 2.5029, "allocations": "{\"INFLATION_PROTECTED_BONDS\": 0.0, \"AUS_TOTAL_MARKET_STOCKS\": 0.0, \"AUS_HIGH_YIELD_STOCKS\": 0.0, \"GLOBAL_MARKETS_STOCKS\": 0.01, \"AUS_CORPORATE_BONDS\": 0.1555, \"AUS_SMALL_CAP_VALUE_STOCKS\": 0.0, \"INTERNATIONAL_BONDS\": 0.4169, \"AUS_LARGE_CAP_VALUE_STOCKS\": 0.0, \"AUS_MUNICIPAL_BONDS\": 0.3296, \"AUS_GOVT_BONDS\": 0.088}"}, "pk": 2625, "model": "portfolios.portfoliobyrisk"}, {"fields": {"risk": 0.02, "expected_return": 0.43, "portfolio_set": 1, "volatility": 2.5678, "allocations": "{\"INFLATION_PROTECTED_BONDS\": 0.0, \"AUS_TOTAL_MARKET_STOCKS\": 0.0, \"AUS_HIGH_YIELD_STOCKS\": 0.0, \"GLOBAL_MARKETS_STOCKS\": 0.02, \"AUS_CORPORATE_BONDS\": 0.1569, \"AUS_SMALL_CAP_VALUE_STOCKS\": 0.0, \"INTERNATIONAL_BONDS\": 0.4105, \"AUS_LARGE_CAP_VALUE_STOCKS\": 0.0, \"AUS_MUNICIPAL_BONDS\": 0.3245, \"AUS_GOVT_BONDS\": 0.0881}"}, "pk": 2626, "model": "portfolios.portfoliobyrisk"}, {"fields": {"risk": 0.03, "expected_return": 0.6, "portfolio_set": 1, "volatility": 2.6365, "allocations": "{\"INFLATION_PROTECTED_BONDS\": 0.0, \"AUS_TOTAL_MARKET_STOCKS\": 0.0, \"AUS_HIGH_YIELD_STOCKS\": 0.0, \"GLOBAL_MARKETS_STOCKS\": 0.03, \"AUS_CORPORATE_BONDS\": 0.1129, \"AUS_SMALL_CAP_VALUE_STOCKS\": 0.0, \"INTERNATIONAL_BONDS\": 0.4797, \"AUS_LARGE_CAP_VALUE_STOCKS\": 0.0, \"AUS_MUNICIPAL_BONDS\": 0.3774, \"AUS_GOVT_BONDS\": 0.0}"}, "pk": 2627, "model": "portfolios.portfoliobyrisk"}, {"fields": {"risk": 0.04, "expected_return": 0.78, "portfolio_set": 1, "volatility": 2.7086, "allocations": "{\"INFLATION_PROTECTED_BONDS\": 0.0, \"AUS_TOTAL_MARKET_STOCKS\": 0.0, \"AUS_HIGH_YIELD_STOCKS\": 0.0, \"GLOBAL_MARKETS_STOCKS\": 0.04, \"AUS_CORPORATE_BONDS\": 0.159, \"AUS_SMALL_CAP_VALUE_STOCKS\": 0.0, \"INTERNATIONAL_BONDS\": 0.393, \"AUS_LARGE_CAP_VALUE_STOCKS\": 0.0, \"AUS_MUNICIPAL_BONDS\": 0.3193, \"AUS_GOVT_BONDS\": 0.0887}"}, "pk": 2628, "model": "portfolios.portfoliobyrisk"}, {"fields": {"risk": 0.05, "expected_return": 0.71, "portfolio_set": 1, "volatility": 2.6515, "allocations": "{\"INFLATION_PROTECTED_BONDS\": 0.0, \"AUS_TOTAL_MARKET_STOCKS\": 0.0, \"AUS_HIGH_YIELD_STOCKS\": 0.0, \"GLOBAL_MARKETS_STOCKS\": 0.05, \"AUS_CORPORATE_BONDS\": 0.1143, \"AUS_SMALL_CAP_VALUE_STOCKS\": 0.0, \"INTERNATIONAL_BONDS\": 0.4626, \"AUS_LARGE_CAP_VALUE_STOCKS\": 0.0, \"AUS_MUNICIPAL_BONDS\": 0.3731, \"AUS_GOVT_BONDS\": 0.0}"}, "pk": 2629, "model": "portfolios.portfoliobyrisk"}, {"fields": {"risk": 0.06, "expected_return": 0.89, "portfolio_set": 1, "volatility": 2.7288, "allocations": "{\"INFLATION_PROTECTED_BONDS\": 0.0, \"AUS_TOTAL_MARKET_STOCKS\": 0.0, \"AUS_HIGH_YIELD_STOCKS\": 0.0, \"GLOBAL_MARKETS_STOCKS\": 0.06, \"AUS_CORPORATE_BONDS\": 0.1178, \"AUS_SMALL_CAP_VALUE_STOCKS\": 0.0, \"INTERNATIONAL_BONDS\": 0.4513, \"AUS_LARGE_CAP_VALUE_STOCKS\": 0.0, \"AUS_MUNICIPAL_BONDS\": 0.3709, \"AUS_GOVT_BONDS\": 0.0}"}, "pk": 2630, "model": "portfolios.portfoliobyrisk"}, {"fields": {"risk": 0.07, "expected_return": 1.07, "portfolio_set": 1, "volatility": 2.8094, "allocations": "{\"INFLATION_PROTECTED_BONDS\": 0.0, \"AUS_TOTAL_MARKET_STOCKS\": 0.0, \"AUS_HIGH_YIELD_STOCKS\": 0.0, \"GLOBAL_MARKETS_STOCKS\": 0.07, \"AUS_CORPORATE_BONDS\": 0.1196, \"AUS_SMALL_CAP_VALUE_STOCKS\": 0.0, \"INTERNATIONAL_BONDS\": 0.4444, \"AUS_LARGE_CAP_VALUE_STOCKS\": 0.0, \"AUS_MUNICIPAL_BONDS\": 0.366, \"AUS_GOVT_BONDS\": 0.0}"}, "pk": 2631, "model": "portfolios.portfoliobyrisk"}, {"fields": {"risk": 0.08, "expected_return": 1.25, "portfolio_set": 1, "volatility": 2.8924, "allocations": "{\"INFLATION_PROTECTED_BONDS\": 0.0, \"AUS_TOTAL_MARKET_STOCKS\": 0.0, \"AUS_HIGH_YIELD_STOCKS\": 0.0, \"GLOBAL_MARKETS_STOCKS\": 0.08, \"AUS_CORPORATE_BONDS\": 0.1214, \"AUS_SMALL_CAP_VALUE_STOCKS\": 0.0, \"INTERNATIONAL_BONDS\": 0.4294, \"AUS_LARGE_CAP_VALUE_STOCKS\": 0.0, \"AUS_MUNICIPAL_BONDS\": 0.3692, \"AUS_GOVT_BONDS\": 0.0}"}, "pk": 2632, "model": "portfolios.portfoliobyrisk"}, {"fields": {"risk": 0.09, "expected_return": 1.42, "portfolio_set": 1, "volatility": 2.9781, "allocations": "{\"INFLATION_PROTECTED_BONDS\": 0.0, \"AUS_TOTAL_MARKET_STOCKS\": 0.0, \"AUS_HIGH_YIELD_STOCKS\": 0.0, \"GLOBAL_MARKETS_STOCKS\": 0.09, \"AUS_CORPORATE_BONDS\": 0.1242, \"AUS_SMALL_CAP_VALUE_STOCKS\": 0.0, \"INTERNATIONAL_BONDS\": 0.421, \"AUS_LARGE_CAP_VALUE_STOCKS\": 0.0, \"AUS_MUNICIPAL_BONDS\": 0.3648, \"AUS_GOVT_BONDS\": 0.0}"}, "pk": 2633, "model": "portfolios.portfoliobyrisk"}, {"fields": {"risk": 0.1, "expected_return": 1.6, "portfolio_set": 1, "volatility": 3.066, "allocations": "{\"INFLATION_PROTECTED_BONDS\": 0.0, \"AUS_TOTAL_MARKET_STOCKS\": 0.0, \"AUS_HIGH_YIELD_STOCKS\": 0.0, \"GLOBAL_MARKETS_STOCKS\": 0.1, \"AUS_CORPORATE_BONDS\": 0.1248, \"AUS_SMALL_CAP_VALUE_STOCKS\": 0.0, \"INTERNATIONAL_BONDS\": 0.4138, \"AUS_LARGE_CAP_VALUE_STOCKS\": 0.0, \"AUS_MUNICIPAL_BONDS\": 0.3614, \"AUS_GOVT_BONDS\": 0.0}"}, "pk": 2634, "model": "portfolios.portfoliobyrisk"}, {"fields": {"risk": 0.11, "expected_return": 1.78, "portfolio_set": 1, "volatility": 3.156, "allocations": "{\"INFLATION_PROTECTED_BONDS\": 0.0, \"AUS_TOTAL_MARKET_STOCKS\": 0.0, \"AUS_HIGH_YIELD_STOCKS\": 0.0, \"GLOBAL_MARKETS_STOCKS\": 0.11, \"AUS_CORPORATE_BONDS\": 0.1262, \"AUS_SMALL_CAP_VALUE_STOCKS\": 0.0, \"INTERNATIONAL_BONDS\": 0.4017, \"AUS_LARGE_CAP_VALUE_STOCKS\": 0.0, \"AUS_MUNICIPAL_BONDS\": 0.3621, \"AUS_GOVT_BONDS\": 0.0}"}, "pk": 2635, "model": "portfolios.portfoliobyrisk"}, {"fields": {"risk": 0.12, "expected_return": 1.96, "portfolio_set": 1, "volatility": 3.2478, "allocations": "{\"INFLATION_PROTECTED_BONDS\": 0.0, \"AUS_TOTAL_MARKET_STOCKS\": 0.0, \"AUS_HIGH_YIELD_STOCKS\": 0.0, \"GLOBAL_MARKETS_STOCKS\": 0.12, \"AUS_CORPORATE_BONDS\": 0.1254, \"AUS_SMALL_CAP_VALUE_STOCKS\": 0.0, \"INTERNATIONAL_BONDS\": 0.3956, \"AUS_LARGE_CAP_VALUE_STOCKS\": 0.0, \"AUS_MUNICIPAL_BONDS\": 0.3589, \"AUS_GOVT_BONDS\": 0.0}"}, "pk": 2636, "model": "portfolios.portfoliobyrisk"}, {"fields": {"risk": 0.13, "expected_return": 2.14, "portfolio_set": 1, "volatility": 3.3413, "allocations": "{\"INFLATION_PROTECTED_BONDS\": 0.0, \"AUS_TOTAL_MARKET_STOCKS\": 0.0, \"AUS_HIGH_YIELD_STOCKS\": 0.0, \"GLOBAL_MARKETS_STOCKS\": 0.13, \"AUS_CORPORATE_BONDS\": 0.126, \"AUS_SMALL_CAP_VALUE_STOCKS\": 0.0, \"INTERNATIONAL_BONDS\": 0.3836, \"AUS_LARGE_CAP_VALUE_STOCKS\": 0.0, \"AUS_MUNICIPAL_BONDS\": 0.3603, \"AUS_GOVT_BONDS\": 0.0}"}, "pk": 2637, "model": "portfolios.portfoliobyrisk"}, {"fields": {"risk": 0.14, "expected_return": 2.32, "portfolio_set": 1, "volatility": 3.4354, "allocations": "{\"INFLATION_PROTECTED_BONDS\": 0.0, \"AUS_TOTAL_MARKET_STOCKS\": 0.0, \"AUS_HIGH_YIELD_STOCKS\": 0.0053, \"GLOBAL_MARKETS_STOCKS\": 0.1347, \"AUS_CORPORATE_BONDS\": 0.1268, \"AUS_SMALL_CAP_VALUE_STOCKS\": 0.0, \"INTERNATIONAL_BONDS\": 0.3788, \"AUS_LARGE_CAP_VALUE_STOCKS\": 0.0, \"AUS_MUNICIPAL_BONDS\": 0.3544, \"AUS_GOVT_BONDS\": 0.0}"}, "pk": 2638, "model": "portfolios.portfoliobyrisk"}, {"fields": {"risk": 0.15, "expected_return": 1.67, "portfolio_set": 1, "volatility": 3.5504, "allocations": "{\"INFLATION_PROTECTED_BONDS\": 0.0, \"AUS_TOTAL_MARKET_STOCKS\": 0.0, \"AUS_HIGH_YIELD_STOCKS\": 0.0, \"GLOBAL_MARKETS_STOCKS\": 0.15, \"AUS_CORPORATE_BONDS\": 0.1276, \"AUS_SMALL_CAP_VALUE_STOCKS\": 0.0, \"INTERNATIONAL_BONDS\": 0.3708, \"AUS_LARGE_CAP_VALUE_STOCKS\": 0.0, \"AUS_MUNICIPAL_BONDS\": 0.3516, \"AUS_GOVT_BONDS\": 0.0}"}, "pk": 2639, "model": "portfolios.portfoliobyrisk"}, {"fields": {"risk": 0.16, "expected_return": 2.67, "portfolio_set": 1, "volatility": 3.6306, "allocations": "{\"INFLATION_PROTECTED_BONDS\": 0.0, \"AUS_TOTAL_MARKET_STOCKS\": 0.0, \"AUS_HIGH_YIELD_STOCKS\": 0.0, \"GLOBAL_MARKETS_STOCKS\": 0.16, \"AUS_CORPORATE_BONDS\": 0.1272, \"AUS_SMALL_CAP_VALUE_STOCKS\": 0.0, \"INTERNATIONAL_BONDS\": 0.3638, \"AUS_LARGE_CAP_VALUE_STOCKS\": 0.0, \"AUS_MUNICIPAL_BONDS\": 0.349, \"AUS_GOVT_BONDS\": 0.0}"}, "pk": 2640, "model": "portfolios.portfoliobyrisk"}, {"fields": {"risk": 0.17, "expected_return": 2.85, "portfolio_set": 1, "volatility": 3.7292, "allocations": "{\"INFLATION_PROTECTED_BONDS\": 0.0, \"AUS_TOTAL_MARKET_STOCKS\": 0.0, \"AUS_HIGH_YIELD_STOCKS\": 0.0, \"GLOBAL_MARKETS_STOCKS\": 0.17, \"AUS_CORPORATE_BONDS\": 0.128, \"AUS_SMALL_CAP_VALUE_STOCKS\": 0.0, \"INTERNATIONAL_BONDS\": 0.3533, \"AUS_LARGE_CAP_VALUE_STOCKS\": 0.0, \"AUS_MUNICIPAL_BONDS\": 0.3487, \"AUS_GOVT_BONDS\": 0.0}"}, "pk": 2641, "model": "portfolios.portfoliobyrisk"}, {"fields": {"risk": 0.18, "expected_return": 3.02, "portfolio_set": 1, "volatility": 3.8298, "allocations": "{\"INFLATION_PROTECTED_BONDS\": 0.0, \"AUS_TOTAL_MARKET_STOCKS\": 0.0, \"AUS_HIGH_YIELD_STOCKS\": 0.0, \"GLOBAL_MARKETS_STOCKS\": 0.18, \"AUS_CORPORATE_BONDS\": 0.1296, \"AUS_SMALL_CAP_VALUE_STOCKS\": 0.0, \"INTERNATIONAL_BONDS\": 0.344, \"AUS_LARGE_CAP_VALUE_STOCKS\": 0.0, \"AUS_MUNICIPAL_BONDS\": 0.3465, \"AUS_GOVT_BONDS\": 0.0}"}, "pk": 2642, "model": "portfolios.portfoliobyrisk"}, {"fields": {"risk": 0.19, "expected_return": 2.09, "portfolio_set": 1, "volatility": 3.9095, "allocations": "{\"INFLATION_PROTECTED_BONDS\": 0.0, \"AUS_TOTAL_MARKET_STOCKS\": 0.0, \"AUS_HIGH_YIELD_STOCKS\": 0.0, \"GLOBAL_MARKETS_STOCKS\": 0.19, \"AUS_CORPORATE_BONDS\": 0.1294, \"AUS_SMALL_CAP_VALUE_STOCKS\": 0.0, \"INTERNATIONAL_BONDS\": 0.3377, \"AUS_LARGE_CAP_VALUE_STOCKS\": 0.0, \"AUS_MUNICIPAL_BONDS\": 0.3429, \"AUS_GOVT_BONDS\": 0.0}"}, "pk": 2643, "model": "portfolios.portfoliobyrisk"}, {"fields": {"risk": 0.2, "expected_return": 3.37, "portfolio_set": 1, "volatility": 4.0327, "allocations": "{\"INFLATION_PROTECTED_BONDS\": 0.0, \"AUS_TOTAL_MARKET_STOCKS\": 0.0, \"AUS_HIGH_YIELD_STOCKS\": 0.0028, \"GLOBAL_MARKETS_STOCKS\": 0.1972, \"AUS_CORPORATE_BONDS\": 0.1299, \"AUS_SMALL_CAP_VALUE_STOCKS\": 0.0, \"INTERNATIONAL_BONDS\": 0.3282, \"AUS_LARGE_CAP_VALUE_STOCKS\": 0.0, \"AUS_MUNICIPAL_BONDS\": 0.3419, \"AUS_GOVT_BONDS\": 0.0}"}, "pk": 2644, "model": "portfolios.portfoliobyrisk"}, {"fields": {"risk": 0.21, "expected_return": 3.43, "portfolio_set": 1, "volatility": 4.1341, "allocations": "{\"INFLATION_PROTECTED_BONDS\": 0.0, \"AUS_TOTAL_MARKET_STOCKS\": 0.0, \"AUS_HIGH_YIELD_STOCKS\": 0.0058, \"GLOBAL_MARKETS_STOCKS\": 0.2042, \"AUS_CORPORATE_BONDS\": 0.1299, \"AUS_SMALL_CAP_VALUE_STOCKS\": 0.0, \"INTERNATIONAL_BONDS\": 0.3207, \"AUS_LARGE_CAP_VALUE_STOCKS\": 0.0, \"AUS_MUNICIPAL_BONDS\": 0.3394, \"AUS_GOVT_BONDS\": 0.0}"}, "pk": 2645, "model": "portfolios.portfoliobyrisk"}, {"fields": {"risk": 0.22, "expected_return": 3.49, "portfolio_set": 1, "volatility": 4.2359, "allocations": "{\"INFLATION_PROTECTED_BONDS\": 0.0, \"AUS_TOTAL_MARKET_STOCKS\": 0.0, \"AUS_HIGH_YIELD_STOCKS\": 0.0111, \"GLOBAL_MARKETS_STOCKS\": 0.2089, \"AUS_CORPORATE_BONDS\": 0.1305, \"AUS_SMALL_CAP_VALUE_STOCKS\": 0.0, \"INTERNATIONAL_BONDS\": 0.3117, \"AUS_LARGE_CAP_VALUE_STOCKS\": 0.0, \"AUS_MUNICIPAL_BONDS\": 0.3378, \"AUS_GOVT_BONDS\": 0.0}"}, "pk": 2646, "model": "portfolios.portfoliobyrisk"}, {"fields": {"risk": 0.23, "expected_return": 3.55, "portfolio_set": 1, "volatility": 4.3382, "allocations": "{\"INFLATION_PROTECTED_BONDS\": 0.0, \"AUS_TOTAL_MARKET_STOCKS\": 0.0, \"AUS_HIGH_YIELD_STOCKS\": 0.0162, \"GLOBAL_MARKETS_STOCKS\": 0.2138, \"AUS_CORPORATE_BONDS\": 0.1307, \"AUS_SMALL_CAP_VALUE_STOCKS\": 0.0, \"INTERNATIONAL_BONDS\": 0.3043, \"AUS_LARGE_CAP_VALUE_STOCKS\": 0.0, \"AUS_MUNICIPAL_BONDS\": 0.335, \"AUS_GOVT_BONDS\": 0.0}"}, "pk": 2647, "model": "portfolios.portfoliobyrisk"}, {"fields": {"risk": 0.24, "expected_return": 3.62, "portfolio_set": 1, "volatility": 4.441, "allocations": "{\"INFLATION_PROTECTED_BONDS\": 0.0, \"AUS_TOTAL_MARKET_STOCKS\": 0.0, \"AUS_HIGH_YIELD_STOCKS\": 0.0199, \"GLOBAL_MARKETS_STOCKS\": 0.2201, \"AUS_CORPORATE_BONDS\": 0.13, \"AUS_SMALL_CAP_VALUE_STOCKS\": 0.0, \"INTERNATIONAL_BONDS\": 0.2984, \"AUS_LARGE_CAP_VALUE_STOCKS\": 0.0, \"AUS_MUNICIPAL_BONDS\": 0.3316, \"AUS_GOVT_BONDS\": 0.0}"}, "pk": 2648, "model": "portfolios.portfoliobyrisk"}, {"fields": {"risk": 0.25, "expected_return": 3.69, "portfolio_set": 1, "volatility": 4.5442, "allocations": "{\"INFLATION_PROTECTED_BONDS\": 0.0, \"AUS_TOTAL_MARKET_STOCKS\": 0.0, \"AUS_HIGH_YIELD_STOCKS\": 0.025, \"GLOBAL_MARKETS_STOCKS\": 0.225, \"AUS_CORPORATE_BONDS\": 0.1305, \"AUS_SMALL_CAP_VALUE_STOCKS\": 0.0, \"INTERNATIONAL_BONDS\": 0.29, \"AUS_LARGE_CAP_VALUE_STOCKS\": 0.0, \"AUS_MUNICIPAL_BONDS\": 0.3295, \"AUS_GOVT_BONDS\": 0.0}"}, "pk": 2649, "model": "portfolios.portfoliobyrisk"}, {"fields": {"risk": 0.26, "expected_return": 3.76, "portfolio_set": 1, "volatility": 4.6478, "allocations": "{\"INFLATION_PROTECTED_BONDS\": 0.0, \"AUS_TOTAL_MARKET_STOCKS\": 0.0, \"AUS_HIGH_YIELD_STOCKS\": 0.0284, \"GLOBAL_MARKETS_STOCKS\": 0.2316, \"AUS_CORPORATE_BONDS\": 0.1297, \"AUS_SMALL_CAP_VALUE_STOCKS\": 0.0, \"INTERNATIONAL_BONDS\": 0.2843, \"AUS_LARGE_CAP_VALUE_STOCKS\": 0.0, \"AUS_MUNICIPAL_BONDS\": 0.326, \"AUS_GOVT_BONDS\": 0.0}"}, "pk": 2650, "model": "portfolios.portfoliobyrisk"}, {"fields": {"risk": 0.27, "expected_return": 3.82, "portfolio_set": 1, "volatility": 4.7517, "allocations": "{\"INFLATION_PROTECTED_BONDS\": 0.0, \"AUS_TOTAL_MARKET_STOCKS\": 0.0, \"AUS_HIGH_YIELD_STOCKS\": 0.0332, \"GLOBAL_MARKETS_STOCKS\": 0.2368, \"AUS_CORPORATE_BONDS\": 0.1299, \"AUS_SMALL_CAP_VALUE_STOCKS\": 0.0, \"INTERNATIONAL_BONDS\": 0.2763, \"AUS_LARGE_CAP_VALUE_STOCKS\": 0.0, \"AUS_MUNICIPAL_BONDS\": 0.3239, \"AUS_GOVT_BONDS\": 0.0}"}, "pk": 2651, "model": "portfolios.portfoliobyrisk"}, {"fields": {"risk": 0.28, "expected_return": 3.89, "portfolio_set": 1, "volatility": 4.8559, "allocations": "{\"INFLATION_PROTECTED_BONDS\": 0.0, \"AUS_TOTAL_MARKET_STOCKS\": 0.0, \"AUS_HIGH_YIELD_STOCKS\": 0.0383, \"GLOBAL_MARKETS_STOCKS\": 0.2417, \"AUS_CORPORATE_BONDS\": 0.13, \"AUS_SMALL_CAP_VALUE_STOCKS\": 0.0, \"INTERNATIONAL_BONDS\": 0.2685, \"AUS_LARGE_CAP_VALUE_STOCKS\": 0.0, \"AUS_MUNICIPAL_BONDS\": 0.3215, \"AUS_GOVT_BONDS\": 0.0}"}, "pk": 2652, "model": "portfolios.portfoliobyrisk"}, {"fields": {"risk": 0.29, "expected_return": 3.96, "portfolio_set": 1, "volatility": 4.9605, "allocations": "{\"INFLATION_PROTECTED_BONDS\": 0.0, \"AUS_TOTAL_MARKET_STOCKS\": 0.0, \"AUS_HIGH_YIELD_STOCKS\": 0.0429, \"GLOBAL_MARKETS_STOCKS\": 0.2471, \"AUS_CORPORATE_BONDS\": 0.1299, \"AUS_SMALL_CAP_VALUE_STOCKS\": 0.0, \"INTERNATIONAL_BONDS\": 0.2615, \"AUS_LARGE_CAP_VALUE_STOCKS\": 0.0, \"AUS_MUNICIPAL_BONDS\": 0.3186, \"AUS_GOVT_BONDS\": 0.0}"}, "pk": 2653, "model": "portfolios.portfoliobyrisk"}, {"fields": {"risk": 0.3, "expected_return": 4.02, "portfolio_set": 1, "volatility": 5.0653, "allocations": "{\"INFLATION_PROTECTED_BONDS\": 0.0, \"AUS_TOTAL_MARKET_STOCKS\": 0.0, \"AUS_HIGH_YIELD_STOCKS\": 0.0464, \"GLOBAL_MARKETS_STOCKS\": 0.2532, \"AUS_CORPORATE_BONDS\": 0.129, \"AUS_SMALL_CAP_VALUE_STOCKS\": 0.0004, \"INTERNATIONAL_BONDS\": 0.2558, \"AUS_LARGE_CAP_VALUE_STOCKS\": 0.0, \"AUS_MUNICIPAL_BONDS\": 0.3152, \"AUS_GOVT_BONDS\": 0.0}"}, "pk": 2654, "model": "portfolios.portfoliobyrisk"}, {"fields": {"risk": 0.31, "expected_return": 4.1, "portfolio_set": 1, "volatility": 5.1686, "allocations": "{\"INFLATION_PROTECTED_BONDS\": 0.0, \"AUS_TOTAL_MARKET_STOCKS\": 0.0, \"AUS_HIGH_YIELD_STOCKS\": 0.0498, \"GLOBAL_MARKETS_STOCKS\": 0.2602, \"AUS_CORPORATE_BONDS\": 0.1257, \"AUS_SMALL_CAP_VALUE_STOCKS\": 0.0, \"INTERNATIONAL_BONDS\": 0.2497, \"AUS_LARGE_CAP_VALUE_STOCKS\": 0.0, \"AUS_MUNICIPAL_BONDS\": 0.3146, \"AUS_GOVT_BONDS\": 0.0}"}, "pk": 2655, "model": "portfolios.portfoliobyrisk"}, {"fields": {"risk": 0.32, "expected_return": 4.18, "portfolio_set": 1, "volatility": 5.274, "allocations": "{\"INFLATION_PROTECTED_BONDS\": 0.0, \"AUS_TOTAL_MARKET_STOCKS\": 0.0, \"AUS_HIGH_YIELD_STOCKS\": 0.0523, \"GLOBAL_MARKETS_STOCKS\": 0.2662, \"AUS_CORPORATE_BONDS\": 0.1231, \"AUS_SMALL_CAP_VALUE_STOCKS\": 0.0015, \"INTERNATIONAL_BONDS\": 0.2434, \"AUS_LARGE_CAP_VALUE_STOCKS\": 0.0, \"AUS_MUNICIPAL_BONDS\": 0.3134, \"AUS_GOVT_BONDS\": 0.0}"}, "pk": 2656, "model": "portfolios.portfoliobyrisk"}, {"fields": {"risk": 0.33, "expected_return": 4.05, "portfolio_set": 1, "volatility": 5.3826, "allocations": "{\"INFLATION_PROTECTED_BONDS\": 0.0, \"AUS_TOTAL_MARKET_STOCKS\": 0.0, \"AUS_HIGH_YIELD_STOCKS\": 0.0511, \"GLOBAL_MARKETS_STOCKS\": 0.255, \"AUS_CORPORATE_BONDS\": 0.1278, \"AUS_SMALL_CAP_VALUE_STOCKS\": 0.0238, \"INTERNATIONAL_BONDS\": 0.237, \"AUS_LARGE_CAP_VALUE_STOCKS\": 0.0, \"AUS_MUNICIPAL_BONDS\": 0.3052, \"AUS_GOVT_BONDS\": 0.0}"}, "pk": 2657, "model": "portfolios.portfoliobyrisk"}, {"fields": {"risk": 0.34, "expected_return": 3.96, "portfolio_set": 1, "volatility": 5.4144, "allocations": "{\"INFLATION_PROTECTED_BONDS\": 0.0, \"AUS_TOTAL_MARKET_STOCKS\": 0.0, \"AUS_HIGH_YIELD_STOCKS\": 0.0622, \"GLOBAL_MARKETS_STOCKS\": 0.2708, \"AUS_CORPORATE_BONDS\": 0.0, \"AUS_SMALL_CAP_VALUE_STOCKS\": 0.007, \"INTERNATIONAL_BONDS\": 0.2649, \"AUS_LARGE_CAP_VALUE_STOCKS\": 0.0, \"AUS_MUNICIPAL_BONDS\": 0.3951, \"AUS_GOVT_BONDS\": 0.0}"}, "pk": 2658, "model": "portfolios.portfoliobyrisk"}, {"fields": {"risk": 0.35, "expected_return": 4.43, "portfolio_set": 1, "volatility": 5.594, "allocations": "{\"INFLATION_PROTECTED_BONDS\": 0.0, \"AUS_TOTAL_MARKET_STOCKS\": 0.0, \"AUS_HIGH_YIELD_STOCKS\": 0.0687, \"GLOBAL_MARKETS_STOCKS\": 0.2741, \"AUS_CORPORATE_BONDS\": 0.0, \"AUS_SMALL_CAP_VALUE_STOCKS\": 0.0072, \"INTERNATIONAL_BONDS\": 0.2576, \"AUS_LARGE_CAP_VALUE_STOCKS\": 0.0, \"AUS_MUNICIPAL_BONDS\": 0.3924, \"AUS_GOVT_BONDS\": 0.0}"}, "pk": 2659, "model": "portfolios.portfoliobyrisk"}, {"fields": {"risk": 0.36, "expected_return": 4.3, "portfolio_set": 1, "volatility": 5.6973, "allocations": "{\"INFLATION_PROTECTED_BONDS\": 0.0, \"AUS_TOTAL_MARKET_STOCKS\": 0.0, \"AUS_HIGH_YIELD_STOCKS\": 0.0639, \"GLOBAL_MARKETS_STOCKS\": 0.2792, \"AUS_CORPORATE_BONDS\": 0.1225, \"AUS_SMALL_CAP_VALUE_STOCKS\": 0.0169, \"INTERNATIONAL_BONDS\": 0.2182, \"AUS_LARGE_CAP_VALUE_STOCKS\": 0.0, \"AUS_MUNICIPAL_BONDS\": 0.2994, \"AUS_GOVT_BONDS\": 0.0}"}, "pk": 2660, "model": "portfolios.portfoliobyrisk"}, {"fields": {"risk": 0.37, "expected_return": 4.4, "portfolio_set": 1, "volatility": 5.8041, "allocations": "{\"INFLATION_PROTECTED_BONDS\": 0.0, \"AUS_TOTAL_MARKET_STOCKS\": 0.0, \"AUS_HIGH_YIELD_STOCKS\": 0.0669, \"GLOBAL_MARKETS_STOCKS\": 0.2852, \"AUS_CORPORATE_BONDS\": 0.1222, \"AUS_SMALL_CAP_VALUE_STOCKS\": 0.0179, \"INTERNATIONAL_BONDS\": 0.2118, \"AUS_LARGE_CAP_VALUE_STOCKS\": 0.0, \"AUS_MUNICIPAL_BONDS\": 0.296, \"AUS_GOVT_BONDS\": 0.0}"}, "pk": 2661, "model": "portfolios.portfoliobyrisk"}, {"fields": {"risk": 0.38, "expected_return": 4.47, "portfolio_set": 1, "volatility": 5.9105, "allocations": "{\"INFLATION_PROTECTED_BONDS\": 0.0, \"AUS_TOTAL_MARKET_STOCKS\": 0.0, \"AUS_HIGH_YIELD_STOCKS\": 0.07, \"GLOBAL_MARKETS_STOCKS\": 0.2901, \"AUS_CORPORATE_BONDS\": 0.1214, \"AUS_SMALL_CAP_VALUE_STOCKS\": 0.02, \"INTERNATIONAL_BONDS\": 0.2051, \"AUS_LARGE_CAP_VALUE_STOCKS\": 0.0, \"AUS_MUNICIPAL_BONDS\": 0.2935, \"AUS_GOVT_BONDS\": 0.0}"}, "pk": 2662, "model": "portfolios.portfoliobyrisk"}, {"fields": {"risk": 0.39, "expected_return": 4.53, "portfolio_set": 1, "volatility": 6.0167, "allocations": "{\"INFLATION_PROTECTED_BONDS\": 0.0, \"AUS_TOTAL_MARKET_STOCKS\": 0.0, \"AUS_HIGH_YIELD_STOCKS\": 0.0725, \"GLOBAL_MARKETS_STOCKS\": 0.2942, \"AUS_CORPORATE_BONDS\": 0.1191, \"AUS_SMALL_CAP_VALUE_STOCKS\": 0.0232, \"INTERNATIONAL_BONDS\": 0.1996, \"AUS_LARGE_CAP_VALUE_STOCKS\": 0.0, \"AUS_MUNICIPAL_BONDS\": 0.2913, \"AUS_GOVT_BONDS\": 0.0}"}, "pk": 2663, "model": "portfolios.portfoliobyrisk"}, {"fields": {"risk": 0.4, "expected_return": 4.51, "portfolio_set": 1, "volatility": 6.1209, "allocations": "{\"INFLATION_PROTECTED_BONDS\": 0.0, \"AUS_TOTAL_MARKET_STOCKS\": 0.0, \"AUS_HIGH_YIELD_STOCKS\": 0.0761, \"GLOBAL_MARKETS_STOCKS\": 0.295, \"AUS_CORPORATE_BONDS\": 0.1125, \"AUS_SMALL_CAP_VALUE_STOCKS\": 0.029, \"INTERNATIONAL_BONDS\": 0.1962, \"AUS_LARGE_CAP_VALUE_STOCKS\": 0.0, \"AUS_MUNICIPAL_BONDS\": 0.2913, \"AUS_GOVT_BONDS\": 0.0}"}, "pk": 2664, "model": "portfolios.portfoliobyrisk"}, {"fields": {"risk": 0.41, "expected_return": 4.49, "portfolio_set": 1, "volatility": 6.1624, "allocations": "{\"INFLATION_PROTECTED_BONDS\": 0.0, \"AUS_TOTAL_MARKET_STOCKS\": 0.0, \"AUS_HIGH_YIELD_STOCKS\": 0.0815, \"GLOBAL_MARKETS_STOCKS\": 0.3285, \"AUS_CORPORATE_BONDS\": 0.1225, \"AUS_SMALL_CAP_VALUE_STOCKS\": 0.0, \"INTERNATIONAL_BONDS\": 0.1848, \"AUS_LARGE_CAP_VALUE_STOCKS\": 0.0, \"AUS_MUNICIPAL_BONDS\": 0.2827, \"AUS_GOVT_BONDS\": 0.0}"}, "pk": 2665, "model": "portfolios.portfoliobyrisk"}, {"fields": {"risk": 0.42, "expected_return": 5.14, "portfolio_set": 1, "volatility": 6.3437, "allocations": "{\"INFLATION_PROTECTED_BONDS\": 0.0, \"AUS_TOTAL_MARKET_STOCKS\": 0.0, \"AUS_HIGH_YIELD_STOCKS\": 0.0838, \"GLOBAL_MARKETS_STOCKS\": 0.3344, \"AUS_CORPORATE_BONDS\": 0.1214, \"AUS_SMALL_CAP_VALUE_STOCKS\": 0.0019, \"INTERNATIONAL_BONDS\": 0.179, \"AUS_LARGE_CAP_VALUE_STOCKS\": 0.0, \"AUS_MUNICIPAL_BONDS\": 0.2796, \"AUS_GOVT_BONDS\": 0.0}"}, "pk": 2666, "model": "portfolios.portfoliobyrisk"}, {"fields": {"risk": 0.43, "expected_return": 5.21, "portfolio_set": 1, "volatility": 6.4506, "allocations": "{\"INFLATION_PROTECTED_BONDS\": 0.0, \"AUS_TOTAL_MARKET_STOCKS\": 0.0, \"AUS_HIGH_YIELD_STOCKS\": 0.0858, \"GLOBAL_MARKETS_STOCKS\": 0.3367, \"AUS_CORPORATE_BONDS\": 0.1204, \"AUS_SMALL_CAP_VALUE_STOCKS\": 0.0076, \"INTERNATIONAL_BONDS\": 0.1735, \"AUS_LARGE_CAP_VALUE_STOCKS\": 0.0, \"AUS_MUNICIPAL_BONDS\": 0.2761, \"AUS_GOVT_BONDS\": 0.0}"}, "pk": 2667, "model": "portfolios.portfoliobyrisk"}, {"fields": {"risk": 0.44, "expected_return": 5.28, "portfolio_set": 1, "volatility": 6.5571, "allocations": "{\"INFLATION_PROTECTED_BONDS\": 0.0, \"AUS_TOTAL_MARKET_STOCKS\": 0.0, \"AUS_HIGH_YIELD_STOCKS\": 0.0871, \"GLOBAL_MARKETS_STOCKS\": 0.3405, \"AUS_CORPORATE_BONDS\": 0.1195, \"AUS_SMALL_CAP_VALUE_STOCKS\": 0.0124, \"INTERNATIONAL_BONDS\": 0.1677, \"AUS_LARGE_CAP_VALUE_STOCKS\": 0.0, \"AUS_MUNICIPAL_BONDS\": 0.2728, \"AUS_GOVT_BONDS\": 0.0}"}, "pk": 2668, "model": "portfolios.portfoliobyrisk"}, {"fields": {"risk": 0.45, "expected_return": 5.35, "portfolio_set": 1, "volatility": 6.6641, "allocations": "{\"INFLATION_PROTECTED_BONDS\": 0.0, \"AUS_TOTAL_MARKET_STOCKS\": 0.0, \"AUS_HIGH_YIELD_STOCKS\": 0.0901, \"GLOBAL_MARKETS_STOCKS\": 0.3446, \"AUS_CORPORATE_BONDS\": 0.1189, \"AUS_SMALL_CAP_VALUE_STOCKS\": 0.0153, \"INTERNATIONAL_BONDS\": 0.162, \"AUS_LARGE_CAP_VALUE_STOCKS\": 0.0, \"AUS_MUNICIPAL_BONDS\": 0.2691, \"AUS_GOVT_BONDS\": 0.0}"}, "pk": 2669, "model": "portfolios.portfoliobyrisk"}, {"fields": {"risk": 0.46, "expected_return": 5.44, "portfolio_set": 1, "volatility": 6.7714, "allocations": "{\"INFLATION_PROTECTED_BONDS\": 0.0, \"AUS_TOTAL_MARKET_STOCKS\": 0.0, \"AUS_HIGH_YIELD_STOCKS\": 0.0926, \"GLOBAL_MARKETS_STOCKS\": 0.3483, \"AUS_CORPORATE_BONDS\": 0.1174, \"AUS_SMALL_CAP_VALUE_STOCKS\": 0.0191, \"INTERNATIONAL_BONDS\": 0.1565, \"AUS_LARGE_CAP_VALUE_STOCKS\": 0.0, \"AUS_MUNICIPAL_BONDS\": 0.266, \"AUS_GOVT_BONDS\": 0.0}"}, "pk": 2670, "model": "portfolios.portfoliobyrisk"}, {"fields": {"risk": 0.47, "expected_return": 5.54, "portfolio_set": 1, "volatility": 6.8792, "allocations": "{\"INFLATION_PROTECTED_BONDS\": 0.0, \"AUS_TOTAL_MARKET_STOCKS\": 0.0, \"AUS_HIGH_YIELD_STOCKS\": 0.0982, \"GLOBAL_MARKETS_STOCKS\": 0.3509, \"AUS_CORPORATE_BONDS\": 0.1163, \"AUS_SMALL_CAP_VALUE_STOCKS\": 0.0209, \"INTERNATIONAL_BONDS\": 0.1519, \"AUS_LARGE_CAP_VALUE_STOCKS\": 0.0, \"AUS_MUNICIPAL_BONDS\": 0.2618, \"AUS_GOVT_BONDS\": 0.0}"}, "pk": 2671, "model": "portfolios.portfoliobyrisk"}, {"fields": {"risk": 0.48, "expected_return": 5.06, "portfolio_set": 1, "volatility": 6.9192, "allocations": "{\"INFLATION_PROTECTED_BONDS\": 0.0, \"AUS_TOTAL_MARKET_STOCKS\": 0.0, \"AUS_HIGH_YIELD_STOCKS\": 0.0974, \"GLOBAL_MARKETS_STOCKS\": 0.3544, \"AUS_CORPORATE_BONDS\": 0.1152, \"AUS_SMALL_CAP_VALUE_STOCKS\": 0.0281, \"INTERNATIONAL_BONDS\": 0.146, \"AUS_LARGE_CAP_VALUE_STOCKS\": 0.0, \"AUS_MUNICIPAL_BONDS\": 0.2588, \"AUS_GOVT_BONDS\": 0.0}"}, "pk": 2672, "model": "portfolios.portfoliobyrisk"}, {"fields": {"risk": 0.49, "expected_return": 5.73, "portfolio_set": 1, "volatility": 7.0949, "allocations": "{\"INFLATION_PROTECTED_BONDS\": 0.0, \"AUS_TOTAL_MARKET_STOCKS\": 0.0, \"AUS_HIGH_YIELD_STOCKS\": 0.1035, \"GLOBAL_MARKETS_STOCKS\": 0.3589, \"AUS_CORPORATE_BONDS\": 0.1141, \"AUS_SMALL_CAP_VALUE_STOCKS\": 0.0275, \"INTERNATIONAL_BONDS\": 0.1409, \"AUS_LARGE_CAP_VALUE_STOCKS\": 0.0, \"AUS_MUNICIPAL_BONDS\": 0.255, \"AUS_GOVT_BONDS\": 0.0}"}, "pk": 2673, "model": "portfolios.portfoliobyrisk"}, {"fields": {"risk": 0.5, "expected_return": 5.5, "portfolio_set": 1, "volatility": 7.1989, "allocations": "{\"INFLATION_PROTECTED_BONDS\": 0.0, \"AUS_TOTAL_MARKET_STOCKS\": 0.0, \"AUS_HIGH_YIELD_STOCKS\": 0.101, \"GLOBAL_MARKETS_STOCKS\": 0.3631, \"AUS_CORPORATE_BONDS\": 0.1132, \"AUS_SMALL_CAP_VALUE_STOCKS\": 0.0359, \"INTERNATIONAL_BONDS\": 0.1347, \"AUS_LARGE_CAP_VALUE_STOCKS\": 0.0, \"AUS_MUNICIPAL_BONDS\": 0.2521, \"AUS_GOVT_BONDS\": 0.0}"}, "pk": 2674, "model": "portfolios.portfoliobyrisk"}, {"fields": {"risk": 0.51, "expected_return": 6.16, "portfolio_set": 1, "volatility": 7.3156, "allocations": "{\"INFLATION_PROTECTED_BONDS\": 0.0, \"AUS_TOTAL_MARKET_STOCKS\": 0.0, \"AUS_HIGH_YIELD_STOCKS\": 0.0969, \"GLOBAL_MARKETS_STOCKS\": 0.3616, \"AUS_CORPORATE_BONDS\": 0.0961, \"AUS_SMALL_CAP_VALUE_STOCKS\": 0.0515, \"INTERNATIONAL_BONDS\": 0.0434, \"AUS_LARGE_CAP_VALUE_STOCKS\": 0.0, \"AUS_MUNICIPAL_BONDS\": 0.3505, \"AUS_GOVT_BONDS\": 0.0}"}, "pk": 2675, "model": "portfolios.portfoliobyrisk"}, {"fields": {"risk": 0.52, "expected_return": 5.32, "portfolio_set": 1, "volatility": 7.5573, "allocations": "{\"INFLATION_PROTECTED_BONDS\": 0.0, \"AUS_TOTAL_MARKET_STOCKS\": 0.0, \"AUS_HIGH_YIELD_STOCKS\": 0.0, \"GLOBAL_MARKETS_STOCKS\": 0.42, \"AUS_CORPORATE_BONDS\": 0.0071, \"AUS_SMALL_CAP_VALUE_STOCKS\": 0.1, \"INTERNATIONAL_BONDS\": 0.1287, \"AUS_LARGE_CAP_VALUE_STOCKS\": 0.0, \"AUS_MUNICIPAL_BONDS\": 0.3442, \"AUS_GOVT_BONDS\": 0.0}"}, "pk": 2676, "model": "portfolios.portfoliobyrisk"}, {"fields": {"risk": 0.53, "expected_return": 6.03, "portfolio_set": 1, "volatility": 7.5981, "allocations": "{\"INFLATION_PROTECTED_BONDS\": 0.0, \"AUS_TOTAL_MARKET_STOCKS\": 0.0, \"AUS_HIGH_YIELD_STOCKS\": 0.0829, \"GLOBAL_MARKETS_STOCKS\": 0.3896, \"AUS_CORPORATE_BONDS\": 0.1273, \"AUS_SMALL_CAP_VALUE_STOCKS\": 0.0576, \"INTERNATIONAL_BONDS\": 0.0773, \"AUS_LARGE_CAP_VALUE_STOCKS\": 0.0, \"AUS_MUNICIPAL_BONDS\": 0.2654, \"AUS_GOVT_BONDS\": 0.0}"}, "pk": 2677, "model": "portfolios.portfoliobyrisk"}, {"fields": {"risk": 0.54, "expected_return": 5.38, "portfolio_set": 1, "volatility": 7.6622, "allocations": "{\"INFLATION_PROTECTED_BONDS\": 0.0, \"AUS_TOTAL_MARKET_STOCKS\": 0.0, \"AUS_HIGH_YIELD_STOCKS\": 0.0749, \"GLOBAL_MARKETS_STOCKS\": 0.3702, \"AUS_CORPORATE_BONDS\": 0.1504, \"AUS_SMALL_CAP_VALUE_STOCKS\": 0.0948, \"INTERNATIONAL_BONDS\": 0.0162, \"AUS_LARGE_CAP_VALUE_STOCKS\": 0.0, \"AUS_MUNICIPAL_BONDS\": 0.2933, \"AUS_GOVT_BONDS\": 0.0}"}, "pk": 2678, "model": "portfolios.portfoliobyrisk"}, {"fields": {"risk": 0.55, "expected_return": 5.41, "portfolio_set": 1, "volatility": 7.7261, "allocations": "{\"INFLATION_PROTECTED_BONDS\": 0.0, \"AUS_TOTAL_MARKET_STOCKS\": 0.0, \"AUS_HIGH_YIELD_STOCKS\": 0.1044, \"GLOBAL_MARKETS_STOCKS\": 0.3599, \"AUS_CORPORATE_BONDS\": 0.0, \"AUS_SMALL_CAP_VALUE_STOCKS\": 0.0858, \"INTERNATIONAL_BONDS\": 0.0, \"AUS_LARGE_CAP_VALUE_STOCKS\": 0.0, \"AUS_MUNICIPAL_BONDS\": 0.4184, \"AUS_GOVT_BONDS\": 0.0316}"}, "pk": 2679, "model": "portfolios.portfoliobyrisk"}, {"fields": {"risk": 0.56, "expected_return": 5.48, "portfolio_set": 1, "volatility": 7.8071, "allocations": "{\"INFLATION_PROTECTED_BONDS\": 0.0, \"AUS_TOTAL_MARKET_STOCKS\": 0.0, \"AUS_HIGH_YIELD_STOCKS\": 0.098, \"GLOBAL_MARKETS_STOCKS\": 0.3915, \"AUS_CORPORATE_BONDS\": 0.1294, \"AUS_SMALL_CAP_VALUE_STOCKS\": 0.0705, \"INTERNATIONAL_BONDS\": 0.0486, \"AUS_LARGE_CAP_VALUE_STOCKS\": 0.0, \"AUS_MUNICIPAL_BONDS\": 0.262, \"AUS_GOVT_BONDS\": 0.0}"}, "pk": 2680, "model": "portfolios.portfoliobyrisk"}, {"fields": {"risk": 0.57, "expected_return": 5.86, "portfolio_set": 1, "volatility": 7.8967, "allocations": "{\"INFLATION_PROTECTED_BONDS\": 0.0, \"AUS_TOTAL_MARKET_STOCKS\": 0.0, \"AUS_HIGH_YIELD_STOCKS\": 0.15, \"GLOBAL_MARKETS_STOCKS\": 0.4083, \"AUS_CORPORATE_BONDS\": 0.0085, \"AUS_SMALL_CAP_VALUE_STOCKS\": 0.0117, \"INTERNATIONAL_BONDS\": 0.1962, \"AUS_LARGE_CAP_VALUE_STOCKS\": 0.0, \"AUS_MUNICIPAL_BONDS\": 0.2252, \"AUS_GOVT_BONDS\": 0.0}"}, "pk": 2681, "model": "portfolios.portfoliobyrisk"}, {"fields": {"risk": 0.58, "expected_return": 5.96, "portfolio_set": 1, "volatility": 8.0058, "allocations": "{\"INFLATION_PROTECTED_BONDS\": 0.0, \"AUS_TOTAL_MARKET_STOCKS\": 0.0, \"AUS_HIGH_YIELD_STOCKS\": 0.1439, \"GLOBAL_MARKETS_STOCKS\": 0.4103, \"AUS_CORPORATE_BONDS\": 0.0108, \"AUS_SMALL_CAP_VALUE_STOCKS\": 0.0258, \"INTERNATIONAL_BONDS\": 0.186, \"AUS_LARGE_CAP_VALUE_STOCKS\": 0.0, \"AUS_MUNICIPAL_BONDS\": 0.2231, \"AUS_GOVT_BONDS\": 0.0}"}, "pk": 2682, "model": "portfolios.portfoliobyrisk"}, {"fields": {"risk": 0.59, "expected_return": 6.2, "portfolio_set": 1, "volatility": 8.1715, "allocations": "{\"INFLATION_PROTECTED_BONDS\": 0.0, \"AUS_TOTAL_MARKET_STOCKS\": 0.0, \"AUS_HIGH_YIELD_STOCKS\": 0.1545, \"GLOBAL_MARKETS_STOCKS\": 0.4103, \"AUS_CORPORATE_BONDS\": 0.0068, \"AUS_SMALL_CAP_VALUE_STOCKS\": 0.0252, \"INTERNATIONAL_BONDS\": 0.1859, \"AUS_LARGE_CAP_VALUE_STOCKS\": 0.0, \"AUS_MUNICIPAL_BONDS\": 0.2172, \"AUS_GOVT_BONDS\": 0.0}"}, "pk": 2683, "model": "portfolios.portfoliobyrisk"}, {"fields": {"risk": 0.6, "expected_return": 6.21, "portfolio_set": 1, "volatility": 8.28, "allocations": "{\"INFLATION_PROTECTED_BONDS\": 0.0, \"AUS_TOTAL_MARKET_STOCKS\": 0.0, \"AUS_HIGH_YIELD_STOCKS\": 0.1488, \"GLOBAL_MARKETS_STOCKS\": 0.4122, \"AUS_CORPORATE_BONDS\": 0.0062, \"AUS_SMALL_CAP_VALUE_STOCKS\": 0.0389, \"INTERNATIONAL_BONDS\": 0.1878, \"AUS_LARGE_CAP_VALUE_STOCKS\": 0.0, \"AUS_MUNICIPAL_BONDS\": 0.2059, \"AUS_GOVT_BONDS\": 0.0}"}, "pk": 2684, "model": "portfolios.portfoliobyrisk"}, {"fields": {"risk": 0.61, "expected_return": 6.7, "portfolio_set": 1, "volatility": 8.3862, "allocations": "{\"INFLATION_PROTECTED_BONDS\": 0.0, \"AUS_TOTAL_MARKET_STOCKS\": 0.0, \"AUS_HIGH_YIELD_STOCKS\": 0.1719, \"GLOBAL_MARKETS_STOCKS\": 0.43, \"AUS_CORPORATE_BONDS\": 0.0, \"AUS_SMALL_CAP_VALUE_STOCKS\": 0.0081, \"INTERNATIONAL_BONDS\": 0.2006, \"AUS_LARGE_CAP_VALUE_STOCKS\": 0.0, \"AUS_MUNICIPAL_BONDS\": 0.1894, \"AUS_GOVT_BONDS\": 0.0}"}, "pk": 2685, "model": "portfolios.portfoliobyrisk"}, {"fields": {"risk": 0.62, "expected_return": 7.43, "portfolio_set": 1, "volatility": 8.4987, "allocations": "{\"INFLATION_PROTECTED_BONDS\": 0.0, \"AUS_TOTAL_MARKET_STOCKS\": 0.0, \"AUS_HIGH_YIELD_STOCKS\": 0.1564, \"GLOBAL_MARKETS_STOCKS\": 0.4621, \"AUS_CORPORATE_BONDS\": 0.0, \"AUS_SMALL_CAP_VALUE_STOCKS\": 0.0015, \"INTERNATIONAL_BONDS\": 0.366, \"AUS_LARGE_CAP_VALUE_STOCKS\": 0.0, \"AUS_MUNICIPAL_BONDS\": 0.014, \"AUS_GOVT_BONDS\": 0.0}"}, "pk": 2686, "model": "portfolios.portfoliobyrisk"}, {"fields": {"risk": 0.63, "expected_return": 8.37, "portfolio_set": 1, "volatility": 8.6378, "allocations": "{\"INFLATION_PROTECTED_BONDS\": 0.0, \"AUS_TOTAL_MARKET_STOCKS\": 0.0, \"AUS_HIGH_YIELD_STOCKS\": 0.1831, \"GLOBAL_MARKETS_STOCKS\": 0.4469, \"AUS_CORPORATE_BONDS\": 0.0, \"AUS_SMALL_CAP_VALUE_STOCKS\": 0.0, \"INTERNATIONAL_BONDS\": 0.37, \"AUS_LARGE_CAP_VALUE_STOCKS\": 0.0, \"AUS_MUNICIPAL_BONDS\": 0.0, \"AUS_GOVT_BONDS\": 0.0}"}, "pk": 2687, "model": "portfolios.portfoliobyrisk"}, {"fields": {"risk": 0.64, "expected_return": 9.66, "portfolio_set": 1, "volatility": 8.7633, "allocations": "{\"INFLATION_PROTECTED_BONDS\": 0.0, \"AUS_TOTAL_MARKET_STOCKS\": 0.0, \"AUS_HIGH_YIELD_STOCKS\": 0.248, \"GLOBAL_MARKETS_STOCKS\": 0.392, \"AUS_CORPORATE_BONDS\": 0.0, \"AUS_SMALL_CAP_VALUE_STOCKS\": 0.0, \"INTERNATIONAL_BONDS\": 0.36, \"AUS_LARGE_CAP_VALUE_STOCKS\": 0.0, \"AUS_MUNICIPAL_BONDS\": 0.0, \"AUS_GOVT_BONDS\": 0.0}"}, "pk": 2688, "model": "portfolios.portfoliobyrisk"}, {"fields": {"risk": 0.65, "expected_return": 10.58, "portfolio_set": 1, "volatility": 8.9277, "allocations": "{\"INFLATION_PROTECTED_BONDS\": 0.0, \"AUS_TOTAL_MARKET_STOCKS\": 0.0, \"AUS_HIGH_YIELD_STOCKS\": 0.2541, \"GLOBAL_MARKETS_STOCKS\": 0.3959, \"AUS_CORPORATE_BONDS\": 0.0, \"AUS_SMALL_CAP_VALUE_STOCKS\": 0.0, \"INTERNATIONAL_BONDS\": 0.35, \"AUS_LARGE_CAP_VALUE_STOCKS\": 0.0, \"AUS_MUNICIPAL_BONDS\": 0.0, \"AUS_GOVT_BONDS\": 0.0}"}, "pk": 2689, "model": "portfolios.portfoliobyrisk"}, {"fields": {"risk": 0.66, "expected_return": 11.23, "portfolio_set": 1, "volatility": 9.0921, "allocations": "{\"INFLATION_PROTECTED_BONDS\": 0.0, \"AUS_TOTAL_MARKET_STOCKS\": 0.0, \"AUS_HIGH_YIELD_STOCKS\": 0.324, \"GLOBAL_MARKETS_STOCKS\": 0.336, \"AUS_CORPORATE_BONDS\": 0.0, \"AUS_SMALL_CAP_VALUE_STOCKS\": 0.0, \"INTERNATIONAL_BONDS\": 0.34, \"AUS_LARGE_CAP_VALUE_STOCKS\": 0.0, \"AUS_MUNICIPAL_BONDS\": 0.0, \"AUS_GOVT_BONDS\": 0.0}"}, "pk": 2690, "model": "portfolios.portfoliobyrisk"}, {"fields": {"risk": 0.67, "expected_return": 11.39, "portfolio_set": 1, "volatility": 9.206, "allocations": "{\"INFLATION_PROTECTED_BONDS\": 0.0, \"AUS_TOTAL_MARKET_STOCKS\": 0.0, \"AUS_HIGH_YIELD_STOCKS\": 0.2673, \"GLOBAL_MARKETS_STOCKS\": 0.4027, \"AUS_CORPORATE_BONDS\": 0.0, \"AUS_SMALL_CAP_VALUE_STOCKS\": 0.0, \"INTERNATIONAL_BONDS\": 0.33, \"AUS_LARGE_CAP_VALUE_STOCKS\": 0.0, \"AUS_MUNICIPAL_BONDS\": 0.0, \"AUS_GOVT_BONDS\": 0.0}"}, "pk": 2691, "model": "portfolios.portfoliobyrisk"}, {"fields": {"risk": 0.68, "expected_return": 11.55, "portfolio_set": 1, "volatility": 9.32, "allocations": "{\"INFLATION_PROTECTED_BONDS\": 0.0, \"AUS_TOTAL_MARKET_STOCKS\": 0.0944, \"AUS_HIGH_YIELD_STOCKS\": 0.2565, \"GLOBAL_MARKETS_STOCKS\": 0.3291, \"AUS_CORPORATE_BONDS\": 0.0, \"AUS_SMALL_CAP_VALUE_STOCKS\": 0.0, \"INTERNATIONAL_BONDS\": 0.32, \"AUS_LARGE_CAP_VALUE_STOCKS\": 0.0, \"AUS_MUNICIPAL_BONDS\": 0.0, \"AUS_GOVT_BONDS\": 0.0}"}, "pk": 2692, "model": "portfolios.portfoliobyrisk"}, {"fields": {"risk": 0.69, "expected_return": 11.72, "portfolio_set": 1, "volatility": 9.4341, "allocations": "{\"INFLATION_PROTECTED_BONDS\": 0.0, \"AUS_TOTAL_MARKET_STOCKS\": 0.0697, \"AUS_HIGH_YIELD_STOCKS\": 0.2678, \"GLOBAL_MARKETS_STOCKS\": 0.345, \"AUS_CORPORATE_BONDS\": 0.0, \"AUS_SMALL_CAP_VALUE_STOCKS\": 0.0074, \"INTERNATIONAL_BONDS\": 0.31, \"AUS_LARGE_CAP_VALUE_STOCKS\": 0.0, \"AUS_MUNICIPAL_BONDS\": 0.0, \"AUS_GOVT_BONDS\": 0.0}"}, "pk": 2693, "model": "portfolios.portfoliobyrisk"}, {"fields": {"risk": 0.7, "expected_return": 11.88, "portfolio_set": 1, "volatility": 9.5483, "allocations": "{\"INFLATION_PROTECTED_BONDS\": 0.0, \"AUS_TOTAL_MARKET_STOCKS\": 0.0, \"AUS_HIGH_YIELD_STOCKS\": 0.2548, \"GLOBAL_MARKETS_STOCKS\": 0.4371, \"AUS_CORPORATE_BONDS\": 0.0, \"AUS_SMALL_CAP_VALUE_STOCKS\": 0.0081, \"INTERNATIONAL_BONDS\": 0.3, \"AUS_LARGE_CAP_VALUE_STOCKS\": 0.0, \"AUS_MUNICIPAL_BONDS\": 0.0, \"AUS_GOVT_BONDS\": 0.0}"}, "pk": 2694, "model": "portfolios.portfoliobyrisk"}, {"fields": {"risk": 0.71, "expected_return": 12.04, "portfolio_set": 1, "volatility": 9.6627, "allocations": "{\"INFLATION_PROTECTED_BONDS\": 0.0, \"AUS_TOTAL_MARKET_STOCKS\": 0.0, \"AUS_HIGH_YIELD_STOCKS\": 0.243, \"GLOBAL_MARKETS_STOCKS\": 0.4258, \"AUS_CORPORATE_BONDS\": 0.0, \"AUS_SMALL_CAP_VALUE_STOCKS\": 0.0412, \"INTERNATIONAL_BONDS\": 0.29, \"AUS_LARGE_CAP_VALUE_STOCKS\": 0.0, \"AUS_MUNICIPAL_BONDS\": 0.0, \"AUS_GOVT_BONDS\": 0.0}"}, "pk": 2695, "model": "portfolios.portfoliobyrisk"}, {"fields": {"risk": 0.72, "expected_return": 12.21, "portfolio_set": 1, "volatility": 9.7771, "allocations": "{\"INFLATION_PROTECTED_BONDS\": 0.0, \"AUS_TOTAL_MARKET_STOCKS\": 0.0, \"AUS_HIGH_YIELD_STOCKS\": 0.2327, \"GLOBAL_MARKETS_STOCKS\": 0.4318, \"AUS_CORPORATE_BONDS\": 0.0, \"AUS_SMALL_CAP_VALUE_STOCKS\": 0.0555, \"INTERNATIONAL_BONDS\": 0.163, \"AUS_LARGE_CAP_VALUE_STOCKS\": 0.0, \"AUS_MUNICIPAL_BONDS\": 0.117, \"AUS_GOVT_BONDS\": 0.0}"}, "pk": 2696, "model": "portfolios.portfoliobyrisk"}, {"fields": {"risk": 0.73, "expected_return": 12.37, "portfolio_set": 1, "volatility": 9.8916, "allocations": "{\"INFLATION_PROTECTED_BONDS\": 0.0, \"AUS_TOTAL_MARKET_STOCKS\": 0.0917, \"AUS_HIGH_YIELD_STOCKS\": 0.2455, \"GLOBAL_MARKETS_STOCKS\": 0.3616, \"AUS_CORPORATE_BONDS\": 0.0, \"AUS_SMALL_CAP_VALUE_STOCKS\": 0.0313, \"INTERNATIONAL_BONDS\": 0.27, \"AUS_LARGE_CAP_VALUE_STOCKS\": 0.0, \"AUS_MUNICIPAL_BONDS\": 0.0, \"AUS_GOVT_BONDS\": 0.0}"}, "pk": 2697, "model": "portfolios.portfoliobyrisk"}, {"fields": {"risk": 0.74, "expected_return": 12.53, "portfolio_set": 1, "volatility": 10.0062, "allocations": "{\"INFLATION_PROTECTED_BONDS\": 0.0, \"AUS_TOTAL_MARKET_STOCKS\": 0.0, \"AUS_HIGH_YIELD_STOCKS\": 0.2324, \"GLOBAL_MARKETS_STOCKS\": 0.4778, \"AUS_CORPORATE_BONDS\": 0.0, \"AUS_SMALL_CAP_VALUE_STOCKS\": 0.0298, \"INTERNATIONAL_BONDS\": 0.1532, \"AUS_LARGE_CAP_VALUE_STOCKS\": 0.0, \"AUS_MUNICIPAL_BONDS\": 0.1068, \"AUS_GOVT_BONDS\": 0.0}"}, "pk": 2698, "model": "portfolios.portfoliobyrisk"}, {"fields": {"risk": 0.75, "expected_return": 12.7, "portfolio_set": 1, "volatility": 10.1208, "allocations": "{\"INFLATION_PROTECTED_BONDS\": 0.0, \"AUS_TOTAL_MARKET_STOCKS\": 0.0, \"AUS_HIGH_YIELD_STOCKS\": 0.2142, \"GLOBAL_MARKETS_STOCKS\": 0.4817, \"AUS_CORPORATE_BONDS\": 0.0, \"AUS_SMALL_CAP_VALUE_STOCKS\": 0.0541, \"INTERNATIONAL_BONDS\": 0.1179, \"AUS_LARGE_CAP_VALUE_STOCKS\": 0.0, \"AUS_MUNICIPAL_BONDS\": 0.1321, \"AUS_GOVT_BONDS\": 0.0}"}, "pk": 2699, "model": "portfolios.portfoliobyrisk"}, {"fields": {"risk": 0.76, "expected_return": 12.86, "portfolio_set": 1, "volatility": 10.2356, "allocations": "{\"INFLATION_PROTECTED_BONDS\": 0.0, \"AUS_TOTAL_MARKET_STOCKS\": 0.0458, \"AUS_HIGH_YIELD_STOCKS\": 0.2414, \"GLOBAL_MARKETS_STOCKS\": 0.4296, \"AUS_CORPORATE_BONDS\": 0.0, \"AUS_SMALL_CAP_VALUE_STOCKS\": 0.0432, \"INTERNATIONAL_BONDS\": 0.24, \"AUS_LARGE_CAP_VALUE_STOCKS\": 0.0, \"AUS_MUNICIPAL_BONDS\": 0.0, \"AUS_GOVT_BONDS\": 0.0}"}, "pk": 2700, "model": "portfolios.portfoliobyrisk"}, {"fields": {"risk": 0.77, "expected_return": 13.02, "portfolio_set": 1, "volatility": 10.3505, "allocations": "{\"INFLATION_PROTECTED_BONDS\": 0.0, \"AUS_TOTAL_MARKET_STOCKS\": 0.0985, \"AUS_HIGH_YIELD_STOCKS\": 0.2508, \"GLOBAL_MARKETS_STOCKS\": 0.3915, \"AUS_CORPORATE_BONDS\": 0.0, \"AUS_SMALL_CAP_VALUE_STOCKS\": 0.0292, \"INTERNATIONAL_BONDS\": 0.23, \"AUS_LARGE_CAP_VALUE_STOCKS\": 0.0, \"AUS_MUNICIPAL_BONDS\": 0.0, \"AUS_GOVT_BONDS\": 0.0}"}, "pk": 2701, "model": "portfolios.portfoliobyrisk"}, {"fields": {"risk": 0.78, "expected_return": 13.19, "portfolio_set": 1, "volatility": 10.4654, "allocations": "{\"INFLATION_PROTECTED_BONDS\": 0.0, \"AUS_TOTAL_MARKET_STOCKS\": 0.0, \"AUS_HIGH_YIELD_STOCKS\": 0.285, \"GLOBAL_MARKETS_STOCKS\": 0.4772, \"AUS_CORPORATE_BONDS\": 0.0, \"AUS_SMALL_CAP_VALUE_STOCKS\": 0.0178, \"INTERNATIONAL_BONDS\": 0.22, \"AUS_LARGE_CAP_VALUE_STOCKS\": 0.0, \"AUS_MUNICIPAL_BONDS\": 0.0, \"AUS_GOVT_BONDS\": 0.0}"}, "pk": 2702, "model": "portfolios.portfoliobyrisk"}, {"fields": {"risk": 0.79, "expected_return": 13.35, "portfolio_set": 1, "volatility": 10.5804, "allocations": "{\"INFLATION_PROTECTED_BONDS\": 0.0, \"AUS_TOTAL_MARKET_STOCKS\": 0.0, \"AUS_HIGH_YIELD_STOCKS\": 0.2078, \"GLOBAL_MARKETS_STOCKS\": 0.4635, \"AUS_CORPORATE_BONDS\": 0.0, \"AUS_SMALL_CAP_VALUE_STOCKS\": 0.1187, \"INTERNATIONAL_BONDS\": 0.1013, \"AUS_LARGE_CAP_VALUE_STOCKS\": 0.0, \"AUS_MUNICIPAL_BONDS\": 0.1087, \"AUS_GOVT_BONDS\": 0.0}"}, "pk": 2703, "model": "portfolios.portfoliobyrisk"}, {"fields": {"risk": 0.8, "expected_return": 13.51, "portfolio_set": 1, "volatility": 10.6955, "allocations": "{\"INFLATION_PROTECTED_BONDS\": 0.0, \"AUS_TOTAL_MARKET_STOCKS\": 0.0, \"AUS_HIGH_YIELD_STOCKS\": 0.2412, \"GLOBAL_MARKETS_STOCKS\": 0.5134, \"AUS_CORPORATE_BONDS\": 0.0, \"AUS_SMALL_CAP_VALUE_STOCKS\": 0.0454, \"INTERNATIONAL_BONDS\": 0.1153, \"AUS_LARGE_CAP_VALUE_STOCKS\": 0.0, \"AUS_MUNICIPAL_BONDS\": 0.0847, \"AUS_GOVT_BONDS\": 0.0}"}, "pk": 2704, "model": "portfolios.portfoliobyrisk"}, {"fields": {"risk": 0.81, "expected_return": 13.68, "portfolio_set": 1, "volatility": 10.8106, "allocations": "{\"INFLATION_PROTECTED_BONDS\": 0.0, \"AUS_TOTAL_MARKET_STOCKS\": 0.0735, \"AUS_HIGH_YIELD_STOCKS\": 0.1999, \"GLOBAL_MARKETS_STOCKS\": 0.4824, \"AUS_CORPORATE_BONDS\": 0.0, \"AUS_SMALL_CAP_VALUE_STOCKS\": 0.0542, \"INTERNATIONAL_BONDS\": 0.0925, \"AUS_LARGE_CAP_VALUE_STOCKS\": 0.0, \"AUS_MUNICIPAL_BONDS\": 0.0975, \"AUS_GOVT_BONDS\": 0.0}"}, "pk": 2705, "model": "portfolios.portfoliobyrisk"}, {"fields": {"risk": 0.82, "expected_return": 13.84, "portfolio_set": 1, "volatility": 10.9258, "allocations": "{\"INFLATION_PROTECTED_BONDS\": 0.0, \"AUS_TOTAL_MARKET_STOCKS\": 0.0993, \"AUS_HIGH_YIELD_STOCKS\": 0.194, \"GLOBAL_MARKETS_STOCKS\": 0.4773, \"AUS_CORPORATE_BONDS\": 0.0, \"AUS_SMALL_CAP_VALUE_STOCKS\": 0.0494, \"INTERNATIONAL_BONDS\": 0.0866, \"AUS_LARGE_CAP_VALUE_STOCKS\": 0.0, \"AUS_MUNICIPAL_BONDS\": 0.0934, \"AUS_GOVT_BONDS\": 0.0}"}, "pk": 2706, "model": "portfolios.portfoliobyrisk"}, {"fields": {"risk": 0.83, "expected_return": 14.0, "portfolio_set": 1, "volatility": 11.0411, "allocations": "{\"INFLATION_PROTECTED_BONDS\": 0.0, \"AUS_TOTAL_MARKET_STOCKS\": 0.0, \"AUS_HIGH_YIELD_STOCKS\": 0.1745, \"GLOBAL_MARKETS_STOCKS\": 0.5629, \"AUS_CORPORATE_BONDS\": 0.0, \"AUS_SMALL_CAP_VALUE_STOCKS\": 0.0925, \"INTERNATIONAL_BONDS\": 0.0025, \"AUS_LARGE_CAP_VALUE_STOCKS\": 0.0, \"AUS_MUNICIPAL_BONDS\": 0.1675, \"AUS_GOVT_BONDS\": 0.0}"}, "pk": 2707, "model": "portfolios.portfoliobyrisk"}, {"fields": {"risk": 0.84, "expected_return": 14.17, "portfolio_set": 1, "volatility": 11.1565, "allocations": "{\"INFLATION_PROTECTED_BONDS\": 0.0, \"AUS_TOTAL_MARKET_STOCKS\": 0.0788, \"AUS_HIGH_YIELD_STOCKS\": 0.1946, \"GLOBAL_MARKETS_STOCKS\": 0.5097, \"AUS_CORPORATE_BONDS\": 0.0, \"AUS_SMALL_CAP_VALUE_STOCKS\": 0.0569, \"INTERNATIONAL_BONDS\": 0.0575, \"AUS_LARGE_CAP_VALUE_STOCKS\": 0.0, \"AUS_MUNICIPAL_BONDS\": 0.1025, \"AUS_GOVT_BONDS\": 0.0}"}, "pk": 2708, "model": "portfolios.portfoliobyrisk"}, {"fields": {"risk": 0.85, "expected_return": 14.33, "portfolio_set": 1, "volatility": 11.2719, "allocations": "{\"INFLATION_PROTECTED_BONDS\": 0.0, \"AUS_TOTAL_MARKET_STOCKS\": 0.0817, \"AUS_HIGH_YIELD_STOCKS\": 0.208, \"GLOBAL_MARKETS_STOCKS\": 0.5084, \"AUS_CORPORATE_BONDS\": 0.0, \"AUS_SMALL_CAP_VALUE_STOCKS\": 0.0519, \"INTERNATIONAL_BONDS\": 0.0585, \"AUS_LARGE_CAP_VALUE_STOCKS\": 0.0, \"AUS_MUNICIPAL_BONDS\": 0.0915, \"AUS_GOVT_BONDS\": 0.0}"}, "pk": 2709, "model": "portfolios.portfoliobyrisk"}, {"fields": {"risk": 0.86, "expected_return": 14.49, "portfolio_set": 1, "volatility": 11.3873, "allocations": "{\"INFLATION_PROTECTED_BONDS\": 0.0, \"AUS_TOTAL_MARKET_STOCKS\": 0.0764, \"AUS_HIGH_YIELD_STOCKS\": 0.1923, \"GLOBAL_MARKETS_STOCKS\": 0.5373, \"AUS_CORPORATE_BONDS\": 0.0, \"AUS_SMALL_CAP_VALUE_STOCKS\": 0.0541, \"INTERNATIONAL_BONDS\": 0.039, \"AUS_LARGE_CAP_VALUE_STOCKS\": 0.0, \"AUS_MUNICIPAL_BONDS\": 0.101, \"AUS_GOVT_BONDS\": 0.0}"}, "pk": 2710, "model": "portfolios.portfoliobyrisk"}, {"fields": {"risk": 0.87, "expected_return": 14.66, "portfolio_set": 1, "volatility": 11.5029, "allocations": "{\"INFLATION_PROTECTED_BONDS\": 0.0, \"AUS_TOTAL_MARKET_STOCKS\": 0.0665, \"AUS_HIGH_YIELD_STOCKS\": 0.1814, \"GLOBAL_MARKETS_STOCKS\": 0.5564, \"AUS_CORPORATE_BONDS\": 0.0, \"AUS_SMALL_CAP_VALUE_STOCKS\": 0.0656, \"INTERNATIONAL_BONDS\": 0.0163, \"AUS_LARGE_CAP_VALUE_STOCKS\": 0.0, \"AUS_MUNICIPAL_BONDS\": 0.1137, \"AUS_GOVT_BONDS\": 0.0}"}, "pk": 2711, "model": "portfolios.portfoliobyrisk"}, {"fields": {"risk": 0.88, "expected_return": 14.82, "portfolio_set": 1, "volatility": 11.6185, "allocations": "{\"INFLATION_PROTECTED_BONDS\": 0.0, \"AUS_TOTAL_MARKET_STOCKS\": 0.0868, \"AUS_HIGH_YIELD_STOCKS\": 0.1993, \"GLOBAL_MARKETS_STOCKS\": 0.5218, \"AUS_CORPORATE_BONDS\": 0.0, \"AUS_SMALL_CAP_VALUE_STOCKS\": 0.0721, \"INTERNATIONAL_BONDS\": 0.0345, \"AUS_LARGE_CAP_VALUE_STOCKS\": 0.0, \"AUS_MUNICIPAL_BONDS\": 0.0855, \"AUS_GOVT_BONDS\": 0.0}"}, "pk": 2712, "model": "portfolios.portfoliobyrisk"}, {"fields": {"risk": 0.89, "expected_return": 14.98, "portfolio_set": 1, "volatility": 11.7341, "allocations": "{\"INFLATION_PROTECTED_BONDS\": 0.0, \"AUS_TOTAL_MARKET_STOCKS\": 0.0868, \"AUS_HIGH_YIELD_STOCKS\": 0.2013, \"GLOBAL_MARKETS_STOCKS\": 0.535, \"AUS_CORPORATE_BONDS\": 0.0, \"AUS_SMALL_CAP_VALUE_STOCKS\": 0.0668, \"INTERNATIONAL_BONDS\": 0.0222, \"AUS_LARGE_CAP_VALUE_STOCKS\": 0.0, \"AUS_MUNICIPAL_BONDS\": 0.0878, \"AUS_GOVT_BONDS\": 0.0}"}, "pk": 2713, "model": "portfolios.portfoliobyrisk"}, {"fields": {"risk": 0.9, "expected_return": 15.15, "portfolio_set": 1, "volatility": 11.8498, "allocations": "{\"INFLATION_PROTECTED_BONDS\": 0.0, \"AUS_TOTAL_MARKET_STOCKS\": 0.0803, \"AUS_HIGH_YIELD_STOCKS\": 0.2008, \"GLOBAL_MARKETS_STOCKS\": 0.556, \"AUS_CORPORATE_BONDS\": 0.0, \"AUS_SMALL_CAP_VALUE_STOCKS\": 0.0629, \"INTERNATIONAL_BONDS\": 0.0089, \"AUS_LARGE_CAP_VALUE_STOCKS\": 0.0, \"AUS_MUNICIPAL_BONDS\": 0.0911, \"AUS_GOVT_BONDS\": 0.0}"}, "pk": 2714, "model": "portfolios.portfoliobyrisk"}, {"fields": {"risk": 0.91, "expected_return": 15.31, "portfolio_set": 1, "volatility": 11.9656, "allocations": "{\"INFLATION_PROTECTED_BONDS\": 0.0, \"AUS_TOTAL_MARKET_STOCKS\": 0.0, \"AUS_HIGH_YIELD_STOCKS\": 0.2116, \"GLOBAL_MARKETS_STOCKS\": 0.5836, \"AUS_CORPORATE_BONDS\": 0.0, \"AUS_SMALL_CAP_VALUE_STOCKS\": 0.1148, \"INTERNATIONAL_BONDS\": 0.0275, \"AUS_LARGE_CAP_VALUE_STOCKS\": 0.0, \"AUS_MUNICIPAL_BONDS\": 0.0625, \"AUS_GOVT_BONDS\": 0.0}"}, "pk": 2715, "model": "portfolios.portfoliobyrisk"}, {"fields": {"risk": 0.92, "expected_return": 15.47, "portfolio_set": 1, "volatility": 12.0814, "allocations": "{\"INFLATION_PROTECTED_BONDS\": 0.0, \"AUS_TOTAL_MARKET_STOCKS\": 0.0543, \"AUS_HIGH_YIELD_STOCKS\": 0.1845, \"GLOBAL_MARKETS_STOCKS\": 0.5824, \"AUS_CORPORATE_BONDS\": 0.0, \"AUS_SMALL_CAP_VALUE_STOCKS\": 0.0988, \"INTERNATIONAL_BONDS\": 0.0002, \"AUS_LARGE_CAP_VALUE_STOCKS\": 0.0, \"AUS_MUNICIPAL_BONDS\": 0.0798, \"AUS_GOVT_BONDS\": 0.0}"}, "pk": 2716, "model": "portfolios.portfoliobyrisk"}, {"fields": {"risk": 0.93, "expected_return": 15.64, "portfolio_set": 1, "volatility": 12.1972, "allocations": "{\"INFLATION_PROTECTED_BONDS\": 0.0, \"AUS_TOTAL_MARKET_STOCKS\": 0.0809, \"AUS_HIGH_YIELD_STOCKS\": 0.1865, \"GLOBAL_MARKETS_STOCKS\": 0.5774, \"AUS_CORPORATE_BONDS\": 0.0, \"AUS_SMALL_CAP_VALUE_STOCKS\": 0.0852, \"INTERNATIONAL_BONDS\": 0.0001, \"AUS_LARGE_CAP_VALUE_STOCKS\": 0.0, \"AUS_MUNICIPAL_BONDS\": 0.0699, \"AUS_GOVT_BONDS\": 0.0}"}, "pk": 2717, "model": "portfolios.portfoliobyrisk"}, {"fields": {"risk": 0.94, "expected_return": 15.8, "portfolio_set": 1, "volatility": 12.3131, "allocations": "{\"INFLATION_PROTECTED_BONDS\": 0.0, \"AUS_TOTAL_MARKET_STOCKS\": 0.0, \"AUS_HIGH_YIELD_STOCKS\": 0.2295, \"GLOBAL_MARKETS_STOCKS\": 0.596, \"AUS_CORPORATE_BONDS\": 0.0, \"AUS_SMALL_CAP_VALUE_STOCKS\": 0.1145, \"INTERNATIONAL_BONDS\": 0.0298, \"AUS_LARGE_CAP_VALUE_STOCKS\": 0.0, \"AUS_MUNICIPAL_BONDS\": 0.0302, \"AUS_GOVT_BONDS\": 0.0}"}, "pk": 2718, "model": "portfolios.portfoliobyrisk"}, {"fields": {"risk": 0.95, "expected_return": 15.97, "portfolio_set": 1, "volatility": 12.4291, "allocations": "{\"INFLATION_PROTECTED_BONDS\": 0.0, \"AUS_TOTAL_MARKET_STOCKS\": 0.0, \"AUS_HIGH_YIELD_STOCKS\": 0.1522, \"GLOBAL_MARKETS_STOCKS\": 0.6457, \"AUS_CORPORATE_BONDS\": 0.0, \"AUS_SMALL_CAP_VALUE_STOCKS\": 0.1521, \"INTERNATIONAL_BONDS\": 0.0, \"AUS_LARGE_CAP_VALUE_STOCKS\": 0.0, \"AUS_MUNICIPAL_BONDS\": 0.05, \"AUS_GOVT_BONDS\": 0.0}"}, "pk": 2719, "model": "portfolios.portfoliobyrisk"}, {"fields": {"risk": 0.96, "expected_return": 16.13, "portfolio_set": 1, "volatility": 12.5451, "allocations": "{\"INFLATION_PROTECTED_BONDS\": 0.0, \"AUS_TOTAL_MARKET_STOCKS\": 0.0798, \"AUS_HIGH_YIELD_STOCKS\": 0.1955, \"GLOBAL_MARKETS_STOCKS\": 0.6033, \"AUS_CORPORATE_BONDS\": 0.0, \"AUS_SMALL_CAP_VALUE_STOCKS\": 0.0813, \"INTERNATIONAL_BONDS\": 0.0001, \"AUS_LARGE_CAP_VALUE_STOCKS\": 0.0, \"AUS_MUNICIPAL_BONDS\": 0.0399, \"AUS_GOVT_BONDS\": 0.0}"}, "pk": 2720, "model": "portfolios.portfoliobyrisk"}, {"fields": {"risk": 0.97, "expected_return": 16.29, "portfolio_set": 1, "volatility": 12.6611, "allocations": "{\"INFLATION_PROTECTED_BONDS\": 0.0, \"AUS_TOTAL_MARKET_STOCKS\": 0.0563, \"AUS_HIGH_YIELD_STOCKS\": 0.1705, \"GLOBAL_MARKETS_STOCKS\": 0.6344, \"AUS_CORPORATE_BONDS\": 0.0, \"AUS_SMALL_CAP_VALUE_STOCKS\": 0.1088, \"INTERNATIONAL_BONDS\": 0.0, \"AUS_LARGE_CAP_VALUE_STOCKS\": 0.0, \"AUS_MUNICIPAL_BONDS\": 0.03, \"AUS_GOVT_BONDS\": 0.0}"}, "pk": 2721, "model": "portfolios.portfoliobyrisk"}, {"fields": {"risk": 0.98, "expected_return": 16.46, "portfolio_set": 1, "volatility": 12.7772, "allocations": "{\"INFLATION_PROTECTED_BONDS\": 0.0, \"AUS_TOTAL_MARKET_STOCKS\": 0.0, \"AUS_HIGH_YIELD_STOCKS\": 0.1841, \"GLOBAL_MARKETS_STOCKS\": 0.6378, \"AUS_CORPORATE_BONDS\": 0.0, \"AUS_SMALL_CAP_VALUE_STOCKS\": 0.1581, \"INTERNATIONAL_BONDS\": 0.0, \"AUS_LARGE_CAP_VALUE_STOCKS\": 0.0, \"AUS_MUNICIPAL_BONDS\": 0.02, \"AUS_GOVT_BONDS\": 0.0}"}, "pk": 2722, "model": "portfolios.portfoliobyrisk"}, {"fields": {"risk": 0.99, "expected_return": 16.62, "portfolio_set": 1, "volatility": 12.8933, "allocations": "{\"INFLATION_PROTECTED_BONDS\": 0.0, \"AUS_TOTAL_MARKET_STOCKS\": 0.07, \"AUS_HIGH_YIELD_STOCKS\": 0.1834, \"GLOBAL_MARKETS_STOCKS\": 0.6374, \"AUS_CORPORATE_BONDS\": 0.0, \"AUS_SMALL_CAP_VALUE_STOCKS\": 0.0992, \"INTERNATIONAL_BONDS\": 0.0, \"AUS_LARGE_CAP_VALUE_STOCKS\": 0.0, \"AUS_MUNICIPAL_BONDS\": 0.01, \"AUS_GOVT_BONDS\": 0.0}"}, "pk": 2723, "model": "portfolios.portfoliobyrisk"}, {"fields": {"risk": 1.0, "expected_return": 16.78, "portfolio_set": 1, "volatility": 13.0095, "allocations": "{\"INFLATION_PROTECTED_BONDS\": 0.0, \"AUS_TOTAL_MARKET_STOCKS\": 0.0, \"AUS_HIGH_YIELD_STOCKS\": 0.1596, \"GLOBAL_MARKETS_STOCKS\": 0.6642, \"AUS_CORPORATE_BONDS\": 0.0, \"AUS_SMALL_CAP_VALUE_STOCKS\": 0.1762, \"INTERNATIONAL_BONDS\": 0.0, \"AUS_LARGE_CAP_VALUE_STOCKS\": 0.0, \"AUS_MUNICIPAL_BONDS\": 0.0, \"AUS_GOVT_BONDS\": 0.0}"}, "pk": 2724, "model": "portfolios.portfoliobyrisk"}, {"fields": {"q": 0.01, "portfolio_set": 1, "assets": "VAS, ILB\r\n1, -1"}, "pk": 1, "model": "portfolios.view"}, {"fields": {"q": 0.01, "portfolio_set": 1, "assets": "VAS, VHY\r\n1, -1"}, "pk": 3, "model": "portfolios.view"}, {"fields": {"q": 0.01, "portfolio_set": 1, "assets": "VAS, RGB\r\n1, -1"}, "pk": 4, "model": "portfolios.view"}, {"fields": {"q": 0.01, "portfolio_set": 1, "assets": "VLC, VGS\r\n1, -1"}, "pk": 5, "model": "portfolios.view"}]